2022-9-30 11:05:00,c816071a941c,hadoop-slave6.1.jyquyq8eoldtbvk9z2h8twuih,0.78%,19.08,/,125.5GiB,15.20%,36.9TB,/,36.8TB,848GB,/,227GB,301
2022-09-30 11:05:01,c816071a941c,hadoop-slave6.1.jyquyq8eoldtbvk9z2h8twuih,40.07%,19.08,/,125.5GiB,15.21%,36.9TB,/,36.8TB,848GB,/,227GB,301
2022-09-30 11:05:02,c816071a941c,hadoop-slave6.1.jyquyq8eoldtbvk9z2h8twuih,40.07%,19.08,/,125.5GiB,15.21%,36.9TB,/,36.8TB,848GB,/,227GB,301
2022-9-30 11:05:03,c816071a941c,hadoop-slave6.1.jyquyq8eoldtbvk9z2h8twuih,79.36%,19.09,/,125.5GiB,15.21%,36.9TB,/,36.8TB,848GB,/,227GB,315
2022-09-30 11:05:04,c816071a941c,hadoop-slave6.1.jyquyq8eoldtbvk9z2h8twuih,76.12%,19.09,/,125.5GiB,15.21%,36.9TB,/,36.8TB,848GB,/,227GB,315
2022-9-30 11:05:05,c816071a941c,hadoop-slave6.1.jyquyq8eoldtbvk9z2h8twuih,72.89%,19.09,/,125.5GiB,15.21%,36.9TB,/,36.8TB,848GB,/,227GB,315
2022-09-30 11:05:06,c816071a941c,hadoop-slave6.1.jyquyq8eoldtbvk9z2h8twuih,164.86%,19.09,/,125.5GiB,15.24%,36.9TB,/,36.8TB,848GB,/,227GB,315
2022-9-30 11:05:07,c816071a941c,hadoop-slave6.1.jyquyq8eoldtbvk9z2h8twuih,256.83%,19.16,/,125.5GiB,15.27%,36.9TB,/,36.8TB,848GB,/,227GB,376
2022-09-30 11:05:08,c816071a941c,hadoop-slave6.1.jyquyq8eoldtbvk9z2h8twuih,453.67%,19.16,/,125.5GiB,15.43%,36.9TB,/,36.8TB,848GB,/,227GB,376
2022-9-30 11:05:09,c816071a941c,hadoop-slave6.1.jyquyq8eoldtbvk9z2h8twuih,650.52%,19.57,/,125.5GiB,15.60%,36.9TB,/,36.8TB,848GB,/,227GB,452
2022-09-30 11:05:10,c816071a941c,hadoop-slave6.1.jyquyq8eoldtbvk9z2h8twuih,404.77%,19.57,/,125.5GiB,15.66%,36.9TB,/,36.8TB,848GB,/,227GB,452
2022-9-30 11:05:11,c816071a941c,hadoop-slave6.1.jyquyq8eoldtbvk9z2h8twuih,159.02%,19.73,/,125.5GiB,15.72%,36.9TB,/,36.8TB,848GB,/,227GB,535
2022-09-30 11:05:12,c816071a941c,hadoop-slave6.1.jyquyq8eoldtbvk9z2h8twuih,408.86%,19.73,/,125.5GiB,15.92%,36.9TB,/,36.8TB,848GB,/,227GB,535
2022-9-30 11:05:13,c816071a941c,hadoop-slave6.1.jyquyq8eoldtbvk9z2h8twuih,658.69%,20.23,/,125.5GiB,16.12%,36.9TB,/,36.8TB,848GB,/,227GB,693
2022-09-30 11:05:14,c816071a941c,hadoop-slave6.1.jyquyq8eoldtbvk9z2h8twuih,593.88%,20.23,/,125.5GiB,16.37%,36.9TB,/,36.8TB,848GB,/,227GB,693
2022-9-30 11:05:15,c816071a941c,hadoop-slave6.1.jyquyq8eoldtbvk9z2h8twuih,529.06%,20.85,/,125.5GiB,16.62%,36.9TB,/,36.8TB,848GB,/,227GB,742
2022-09-30 11:05:16,c816071a941c,hadoop-slave6.1.jyquyq8eoldtbvk9z2h8twuih,278.21%,20.85,/,125.5GiB,16.62%,36.9TB,/,36.8TB,848GB,/,227GB,742
2022-9-30 11:05:17,c816071a941c,hadoop-slave6.1.jyquyq8eoldtbvk9z2h8twuih,27.36%,20.85,/,125.5GiB,16.61%,36.9TB,/,36.8TB,848GB,/,227GB,727
2022-09-30 11:05:18,c816071a941c,hadoop-slave6.1.jyquyq8eoldtbvk9z2h8twuih,26.14%,20.85,/,125.5GiB,16.6%,36.9TB,/,36.8TB,848GB,/,227GB,727
2022-9-30 11:05:19,c816071a941c,hadoop-slave6.1.jyquyq8eoldtbvk9z2h8twuih,24.93%,20.82,/,125.5GiB,16.59%,36.9TB,/,36.8TB,848GB,/,227GB,722
2022-09-30 11:05:20,c816071a941c,hadoop-slave6.1.jyquyq8eoldtbvk9z2h8twuih,205.26%,20.82,/,125.5GiB,16.68%,36.9TB,/,36.8TB,848GB,/,227GB,722
2022-9-30 11:05:21,c816071a941c,hadoop-slave6.1.jyquyq8eoldtbvk9z2h8twuih,385.59%,21.03,/,125.5GiB,16.76%,36.9TB,/,36.8TB,848GB,/,227GB,904
2022-09-30 11:05:22,c816071a941c,hadoop-slave6.1.jyquyq8eoldtbvk9z2h8twuih,670.24%,21.03,/,125.5GiB,17.11%,36.9TB,/,36.8TB,848GB,/,227GB,904
2022-9-30 11:05:23,c816071a941c,hadoop-slave6.1.jyquyq8eoldtbvk9z2h8twuih,954.88%,21.91,/,125.5GiB,17.45%,36.9TB,/,36.8TB,848GB,/,227GB,996
2022-09-30 11:05:24,c816071a941c,hadoop-slave6.1.jyquyq8eoldtbvk9z2h8twuih,644.59%,21.91,/,125.5GiB,17.61%,36.9TB,/,36.8TB,848GB,/,227GB,996
2022-9-30 11:05:25,c816071a941c,hadoop-slave6.1.jyquyq8eoldtbvk9z2h8twuih,334.30%,22.3,/,125.5GiB,17.77%,36.9TB,/,36.8TB,848GB,/,227GB,1013
2022-09-30 11:05:26,c816071a941c,hadoop-slave6.1.jyquyq8eoldtbvk9z2h8twuih,860.52%,22.3,/,125.5GiB,18.1%,36.9TB,/,36.8TB,848GB,/,227GB,1013
2022-9-30 11:05:27,c816071a941c,hadoop-slave6.1.jyquyq8eoldtbvk9z2h8twuih,1386.75%,23.12,/,125.5GiB,18.43%,36.9TB,/,36.8TB,848GB,/,227GB,1042
2022-09-30 11:05:28,c816071a941c,hadoop-slave6.1.jyquyq8eoldtbvk9z2h8twuih,762.77%,23.12,/,125.5GiB,18.49%,36.9TB,/,36.8TB,848GB,/,227GB,1042
2022-9-30 11:05:29,c816071a941c,hadoop-slave6.1.jyquyq8eoldtbvk9z2h8twuih,138.79%,23.28,/,125.5GiB,18.55%,36.9TB,/,36.8TB,848GB,/,227GB,1068
2022-09-30 11:05:30,c816071a941c,hadoop-slave6.1.jyquyq8eoldtbvk9z2h8twuih,1129.07%,23.28,/,125.5GiB,19.0%,36.9TB,/,36.8TB,848GB,/,227GB,1068
2022-9-30 11:05:31,c816071a941c,hadoop-slave6.1.jyquyq8eoldtbvk9z2h8twuih,2119.35%,24.4,/,125.5GiB,19.45%,36.9TB,/,36.8TB,848GB,/,227GB,1094
2022-09-30 11:05:32,c816071a941c,hadoop-slave6.1.jyquyq8eoldtbvk9z2h8twuih,2296.98%,24.4,/,125.5GiB,20.7%,36.9TB,/,36.8TB,848GB,/,227GB,1094
2022-9-30 11:05:33,c816071a941c,hadoop-slave6.1.jyquyq8eoldtbvk9z2h8twuih,2474.62%,27.56,/,125.5GiB,21.96%,36.9TB,/,36.8TB,848GB,/,227GB,1168
2022-09-30 11:05:34,c816071a941c,hadoop-slave6.1.jyquyq8eoldtbvk9z2h8twuih,3363.34%,27.56,/,125.5GiB,23.38%,36.9TB,/,36.8TB,848GB,/,227GB,1168
2022-9-30 11:05:35,c816071a941c,hadoop-slave6.1.jyquyq8eoldtbvk9z2h8twuih,4252.06%,31.13,/,125.5GiB,24.81%,36.9TB,/,36.8TB,848GB,/,227GB,1196
2022-09-30 11:05:36,c816071a941c,hadoop-slave6.1.jyquyq8eoldtbvk9z2h8twuih,4112.08%,31.13,/,125.5GiB,25.3%,36.9TB,/,36.8TB,848GB,/,227GB,1196
2022-9-30 11:05:37,c816071a941c,hadoop-slave6.1.jyquyq8eoldtbvk9z2h8twuih,3972.09%,32.37,/,125.5GiB,25.79%,36.9TB,/,36.8TB,848GB,/,227GB,1205
2022-09-30 11:05:38,c816071a941c,hadoop-slave6.1.jyquyq8eoldtbvk9z2h8twuih,3793.82%,32.37,/,125.5GiB,26.55%,36.9TB,/,36.8TB,848GB,/,227GB,1205
2022-9-30 11:05:39,c816071a941c,hadoop-slave6.1.jyquyq8eoldtbvk9z2h8twuih,3615.56%,34.26,/,125.5GiB,27.30%,36.9TB,/,36.8TB,848GB,/,227GB,1221
2022-09-30 11:05:40,c816071a941c,hadoop-slave6.1.jyquyq8eoldtbvk9z2h8twuih,3083.06%,34.26,/,125.5GiB,27.49%,36.9TB,/,36.8TB,848GB,/,227GB,1221
2022-9-30 11:05:41,c816071a941c,hadoop-slave6.1.jyquyq8eoldtbvk9z2h8twuih,2550.56%,34.74,/,125.5GiB,27.68%,36.9TB,/,36.8TB,848GB,/,227GB,1193
2022-09-30 11:05:42,c816071a941c,hadoop-slave6.1.jyquyq8eoldtbvk9z2h8twuih,1624.83%,34.74,/,125.5GiB,27.68%,36.9TB,/,36.8TB,848GB,/,227GB,1193
2022-9-30 11:05:43,c816071a941c,hadoop-slave6.1.jyquyq8eoldtbvk9z2h8twuih,699.09%,34.74,/,125.5GiB,27.68%,36.9TB,/,36.8TB,848GB,/,227GB,1178
2022-09-30 11:05:44,c816071a941c,hadoop-slave6.1.jyquyq8eoldtbvk9z2h8twuih,984.39%,34.74,/,125.5GiB,27.82%,36.9TB,/,36.8TB,848GB,/,227GB,1178
2022-9-30 11:05:45,c816071a941c,hadoop-slave6.1.jyquyq8eoldtbvk9z2h8twuih,1269.70%,35.09,/,125.5GiB,27.96%,36.9TB,/,36.8TB,848GB,/,227GB,1199
2022-09-30 11:05:46,c816071a941c,hadoop-slave6.1.jyquyq8eoldtbvk9z2h8twuih,783.88%,35.09,/,125.5GiB,28.16%,36.9TB,/,36.8TB,848GB,/,227GB,1199
2022-9-30 11:05:47,c816071a941c,hadoop-slave6.1.jyquyq8eoldtbvk9z2h8twuih,298.06%,35.6,/,125.5GiB,28.37%,36.9TB,/,36.8TB,848GB,/,227GB,1215
2022-09-30 11:05:48,c816071a941c,hadoop-slave6.1.jyquyq8eoldtbvk9z2h8twuih,254.03%,35.6,/,125.5GiB,28.5%,36.9TB,/,36.8TB,848GB,/,227GB,1215
2022-9-30 11:05:49,c816071a941c,hadoop-slave6.1.jyquyq8eoldtbvk9z2h8twuih,210.00%,35.93,/,125.5GiB,28.63%,36.9TB,/,36.8TB,848GB,/,227GB,1215
2022-09-30 11:05:50,c816071a941c,hadoop-slave6.1.jyquyq8eoldtbvk9z2h8twuih,219.81%,35.93,/,125.5GiB,28.77%,36.9TB,/,36.8TB,848GB,/,227GB,1215
2022-9-30 11:05:51,c816071a941c,hadoop-slave6.1.jyquyq8eoldtbvk9z2h8twuih,229.63%,36.27,/,125.5GiB,28.90%,36.9TB,/,36.8TB,848GB,/,227GB,1208
2022-09-30 11:05:52,c816071a941c,hadoop-slave6.1.jyquyq8eoldtbvk9z2h8twuih,257.75%,36.27,/,125.5GiB,25.42%,36.9TB,/,36.8TB,848GB,/,227GB,1208
2022-9-30 11:05:53,c816071a941c,hadoop-slave6.1.jyquyq8eoldtbvk9z2h8twuih,285.87%,27.55,/,125.5GiB,21.95%,36.9TB,/,36.8TB,848GB,/,227GB,828
2022-09-30 11:05:54,c816071a941c,hadoop-slave6.1.jyquyq8eoldtbvk9z2h8twuih,329.35%,27.55,/,125.5GiB,22.12%,36.9TB,/,36.8TB,848GB,/,227GB,828
2022-9-30 11:05:55,c816071a941c,hadoop-slave6.1.jyquyq8eoldtbvk9z2h8twuih,372.82%,27.97,/,125.5GiB,22.28%,36.9TB,/,36.8TB,848GB,/,227GB,1023
2022-09-30 11:05:56,c816071a941c,hadoop-slave6.1.jyquyq8eoldtbvk9z2h8twuih,669.47%,27.97,/,125.5GiB,22.63%,36.9TB,/,36.8TB,848GB,/,227GB,1023
2022-9-30 11:05:57,c816071a941c,hadoop-slave6.1.jyquyq8eoldtbvk9z2h8twuih,966.11%,28.84,/,125.5GiB,22.98%,36.9TB,/,36.8TB,848GB,/,227GB,1179
2022-09-30 11:05:58,c816071a941c,hadoop-slave6.1.jyquyq8eoldtbvk9z2h8twuih,1474.2%,28.84,/,125.5GiB,23.68%,36.9TB,/,36.8TB,848GB,/,227GB,1179
2022-9-30 11:05:59,c816071a941c,hadoop-slave6.1.jyquyq8eoldtbvk9z2h8twuih,1982.30%,30.6,/,125.5GiB,24.38%,36.9TB,/,36.8TB,848GB,/,227GB,1122
2022-09-30 11:06:00,c816071a941c,hadoop-slave6.1.jyquyq8eoldtbvk9z2h8twuih,1720.43%,30.6,/,125.5GiB,25.02%,36.9TB,/,36.8TB,848GB,/,227GB,1122
2022-9-30 11:06:01,c816071a941c,hadoop-slave6.1.jyquyq8eoldtbvk9z2h8twuih,1458.56%,32.19,/,125.5GiB,25.65%,36.9TB,/,36.8TB,848GB,/,227GB,1108
2022-09-30 11:06:02,c816071a941c,hadoop-slave6.1.jyquyq8eoldtbvk9z2h8twuih,2091.49%,32.19,/,125.5GiB,26.84%,36.9TB,/,36.8TB,848GB,/,227GB,1108
2022-9-30 11:06:03,c816071a941c,hadoop-slave6.1.jyquyq8eoldtbvk9z2h8twuih,2724.42%,35.19,/,125.5GiB,28.04%,36.9TB,/,36.8TB,848GB,/,227GB,1153
2022-09-30 11:06:04,c816071a941c,hadoop-slave6.1.jyquyq8eoldtbvk9z2h8twuih,2953.86%,35.19,/,125.5GiB,30.11%,36.9TB,/,36.8TB,848GB,/,227GB,1153
2022-9-30 11:06:05,c816071a941c,hadoop-slave6.1.jyquyq8eoldtbvk9z2h8twuih,3183.31%,40.4,/,125.5GiB,32.19%,36.9TB,/,36.8TB,848GB,/,227GB,1153
2022-09-30 11:06:06,c816071a941c,hadoop-slave6.1.jyquyq8eoldtbvk9z2h8twuih,3426.59%,40.4,/,125.5GiB,33.72%,36.9TB,/,36.8TB,848GB,/,227GB,1153
2022-09-30 11:06:07,c816071a941c,hadoop-slave6.1.jyquyq8eoldtbvk9z2h8twuih,3426.59%,40.4,/,125.5GiB,33.72%,36.9TB,/,36.8TB,848GB,/,227GB,1153
2022-9-30 11:06:08,c816071a941c,hadoop-slave6.1.jyquyq8eoldtbvk9z2h8twuih,3669.86%,44.23,/,125.5GiB,35.25%,36.9TB,/,36.8TB,848GB,/,227GB,1128
2022-09-30 11:06:09,c816071a941c,hadoop-slave6.1.jyquyq8eoldtbvk9z2h8twuih,3102.1%,44.23,/,125.5GiB,35.42%,36.9TB,/,36.8TB,848GB,/,227GB,1128
2022-9-30 11:06:10,c816071a941c,hadoop-slave6.1.jyquyq8eoldtbvk9z2h8twuih,2534.33%,44.66,/,125.5GiB,35.59%,36.9TB,/,36.8TB,848GB,/,227GB,1124
2022-09-30 11:06:11,c816071a941c,hadoop-slave6.1.jyquyq8eoldtbvk9z2h8twuih,2075.3%,44.66,/,125.5GiB,35.66%,36.9TB,/,36.8TB,848GB,/,227GB,1124
2022-9-30 11:06:12,c816071a941c,hadoop-slave6.1.jyquyq8eoldtbvk9z2h8twuih,1616.27%,44.84,/,125.5GiB,35.73%,36.9TB,/,36.8TB,848GB,/,227GB,1117
2022-09-30 11:06:13,c816071a941c,hadoop-slave6.1.jyquyq8eoldtbvk9z2h8twuih,1218.69%,44.84,/,125.5GiB,35.72%,36.9TB,/,36.8TB,848GB,/,227GB,1117
2022-9-30 11:06:14,c816071a941c,hadoop-slave6.1.jyquyq8eoldtbvk9z2h8twuih,821.11%,44.83,/,125.5GiB,35.72%,36.9TB,/,36.8TB,848GB,/,227GB,1099
2022-09-30 11:06:15,c816071a941c,hadoop-slave6.1.jyquyq8eoldtbvk9z2h8twuih,672.55%,44.83,/,125.5GiB,35.61%,36.9TB,/,36.8TB,848GB,/,227GB,1099
2022-09-30 11:06:16,c816071a941c,hadoop-slave6.1.jyquyq8eoldtbvk9z2h8twuih,672.55%,44.83,/,125.5GiB,35.61%,36.9TB,/,36.8TB,848GB,/,227GB,1099
2022-9-30 11:06:17,c816071a941c,hadoop-slave6.1.jyquyq8eoldtbvk9z2h8twuih,523.98%,44.54,/,125.5GiB,35.49%,36.9TB,/,36.8TB,848GB,/,227GB,1098
2022-09-30 11:06:18,c816071a941c,hadoop-slave6.1.jyquyq8eoldtbvk9z2h8twuih,522.79%,44.54,/,125.5GiB,35.49%,36.9TB,/,36.8TB,848GB,/,227GB,1098
2022-9-30 11:06:19,c816071a941c,hadoop-slave6.1.jyquyq8eoldtbvk9z2h8twuih,521.60%,44.54,/,125.5GiB,35.49%,36.9TB,/,36.8TB,848GB,/,227GB,1098
2022-09-30 11:06:20,c816071a941c,hadoop-slave6.1.jyquyq8eoldtbvk9z2h8twuih,1515.31%,44.54,/,125.5GiB,35.52%,36.9TB,/,36.8TB,848GB,/,227GB,1098
2022-9-30 11:06:21,c816071a941c,hadoop-slave6.1.jyquyq8eoldtbvk9z2h8twuih,2509.02%,44.61,/,125.5GiB,35.54%,36.9TB,/,36.8TB,848GB,/,227GB,1117
2022-09-30 11:06:22,c816071a941c,hadoop-slave6.1.jyquyq8eoldtbvk9z2h8twuih,1281.87%,44.61,/,125.5GiB,35.55%,36.9TB,/,36.8TB,848GB,/,227GB,1117
2022-9-30 11:06:23,c816071a941c,hadoop-slave6.1.jyquyq8eoldtbvk9z2h8twuih,54.71%,44.61,/,125.5GiB,35.55%,36.9TB,/,36.8TB,848GB,/,227GB,1129
2022-09-30 11:06:24,c816071a941c,hadoop-slave6.1.jyquyq8eoldtbvk9z2h8twuih,46.94%,44.61,/,125.5GiB,35.55%,36.9TB,/,36.8TB,848GB,/,227GB,1129
2022-9-30 11:06:25,c816071a941c,hadoop-slave6.1.jyquyq8eoldtbvk9z2h8twuih,39.17%,44.61,/,125.5GiB,35.55%,36.9TB,/,36.8TB,848GB,/,227GB,1129
2022-09-30 11:06:26,c816071a941c,hadoop-slave6.1.jyquyq8eoldtbvk9z2h8twuih,52.77%,44.61,/,125.5GiB,35.55%,36.9TB,/,36.8TB,848GB,/,227GB,1129
2022-9-30 11:06:27,c816071a941c,hadoop-slave6.1.jyquyq8eoldtbvk9z2h8twuih,66.38%,44.62,/,125.5GiB,35.55%,36.9TB,/,36.8TB,848GB,/,227GB,1126
2022-09-30 11:06:28,c816071a941c,hadoop-slave6.1.jyquyq8eoldtbvk9z2h8twuih,42.86%,44.62,/,125.5GiB,35.55%,36.9TB,/,36.8TB,848GB,/,227GB,1126
2022-9-30 11:06:29,c816071a941c,hadoop-slave6.1.jyquyq8eoldtbvk9z2h8twuih,19.35%,44.62,/,125.5GiB,35.55%,36.9TB,/,36.8TB,848GB,/,227GB,1121
2022-09-30 11:06:30,c816071a941c,hadoop-slave6.1.jyquyq8eoldtbvk9z2h8twuih,19.25%,44.62,/,125.5GiB,35.55%,36.9TB,/,36.8TB,848GB,/,227GB,1121
2022-9-30 11:06:31,c816071a941c,hadoop-slave6.1.jyquyq8eoldtbvk9z2h8twuih,19.15%,44.62,/,125.5GiB,35.56%,36.9TB,/,36.8TB,848GB,/,227GB,1121
2022-09-30 11:06:32,c816071a941c,hadoop-slave6.1.jyquyq8eoldtbvk9z2h8twuih,18.8%,44.62,/,125.5GiB,35.56%,36.9TB,/,36.8TB,848GB,/,227GB,1121
2022-9-30 11:06:33,c816071a941c,hadoop-slave6.1.jyquyq8eoldtbvk9z2h8twuih,18.46%,44.63,/,125.5GiB,35.56%,36.9TB,/,36.8TB,848GB,/,227GB,1121
2022-09-30 11:06:34,c816071a941c,hadoop-slave6.1.jyquyq8eoldtbvk9z2h8twuih,17.51%,44.63,/,125.5GiB,35.56%,36.9TB,/,36.8TB,848GB,/,227GB,1121
2022-9-30 11:06:35,c816071a941c,hadoop-slave6.1.jyquyq8eoldtbvk9z2h8twuih,16.56%,44.63,/,125.5GiB,35.56%,36.9TB,/,36.8TB,848GB,/,227GB,1121
2022-09-30 11:06:36,c816071a941c,hadoop-slave6.1.jyquyq8eoldtbvk9z2h8twuih,18.0%,44.63,/,125.5GiB,32.05%,36.9TB,/,36.8TB,848GB,/,227GB,1121
2022-9-30 11:06:37,c816071a941c,hadoop-slave6.1.jyquyq8eoldtbvk9z2h8twuih,19.44%,35.8,/,125.5GiB,28.53%,36.9TB,/,36.8TB,848GB,/,227GB,727
2022-09-30 11:06:38,c816071a941c,hadoop-slave6.1.jyquyq8eoldtbvk9z2h8twuih,20.23%,35.8,/,125.5GiB,28.53%,36.9TB,/,36.8TB,848GB,/,227GB,727
2022-9-30 11:06:39,c816071a941c,hadoop-slave6.1.jyquyq8eoldtbvk9z2h8twuih,21.03%,35.81,/,125.5GiB,28.53%,36.9TB,/,36.8TB,848GB,/,227GB,727
2022-09-30 11:06:40,c816071a941c,hadoop-slave6.1.jyquyq8eoldtbvk9z2h8twuih,19.83%,35.81,/,125.5GiB,28.53%,36.9TB,/,36.8TB,848GB,/,227GB,727
2022-9-30 11:06:41,c816071a941c,hadoop-slave6.1.jyquyq8eoldtbvk9z2h8twuih,18.63%,35.81,/,125.5GiB,28.53%,36.9TB,/,36.8TB,848GB,/,227GB,709
2022-09-30 11:06:42,c816071a941c,hadoop-slave6.1.jyquyq8eoldtbvk9z2h8twuih,37.23%,35.81,/,125.5GiB,28.54%,36.9TB,/,36.8TB,848GB,/,227GB,709
2022-9-30 11:06:43,c816071a941c,hadoop-slave6.1.jyquyq8eoldtbvk9z2h8twuih,55.82%,35.82,/,125.5GiB,28.54%,36.9TB,/,36.8TB,848GB,/,227GB,703
2022-09-30 11:06:44,c816071a941c,hadoop-slave6.1.jyquyq8eoldtbvk9z2h8twuih,36.4%,35.82,/,125.5GiB,28.54%,36.9TB,/,36.8TB,848GB,/,227GB,703
2022-9-30 11:06:45,c816071a941c,hadoop-slave6.1.jyquyq8eoldtbvk9z2h8twuih,16.98%,35.82,/,125.5GiB,28.54%,36.9TB,/,36.8TB,848GB,/,227GB,703
2022-09-30 11:06:46,c816071a941c,hadoop-slave6.1.jyquyq8eoldtbvk9z2h8twuih,10.79%,35.82,/,125.5GiB,28.55%,36.9TB,/,36.8TB,848GB,/,227GB,703
2022-9-30 11:06:47,c816071a941c,hadoop-slave6.1.jyquyq8eoldtbvk9z2h8twuih,4.61%,35.82,/,125.5GiB,28.55%,36.9TB,/,36.8TB,848GB,/,227GB,702
2022-09-30 11:06:48,c816071a941c,hadoop-slave6.1.jyquyq8eoldtbvk9z2h8twuih,5.64%,35.82,/,125.5GiB,28.55%,36.9TB,/,36.8TB,848GB,/,227GB,702
2022-9-30 11:06:49,c816071a941c,hadoop-slave6.1.jyquyq8eoldtbvk9z2h8twuih,6.67%,35.82,/,125.5GiB,28.55%,36.9TB,/,36.8TB,848GB,/,227GB,702
2022-09-30 11:06:50,c816071a941c,hadoop-slave6.1.jyquyq8eoldtbvk9z2h8twuih,363.79%,35.82,/,125.5GiB,28.52%,36.9TB,/,36.8TB,848GB,/,227GB,702
2022-9-30 11:06:51,c816071a941c,hadoop-slave6.1.jyquyq8eoldtbvk9z2h8twuih,720.91%,35.75,/,125.5GiB,28.49%,36.9TB,/,36.8TB,848GB,/,227GB,702
2022-09-30 11:06:52,c816071a941c,hadoop-slave6.1.jyquyq8eoldtbvk9z2h8twuih,426.49%,35.75,/,125.5GiB,28.41%,36.9TB,/,36.8TB,848GB,/,227GB,702
2022-9-30 11:06:53,c816071a941c,hadoop-slave6.1.jyquyq8eoldtbvk9z2h8twuih,132.06%,35.57,/,125.5GiB,28.34%,36.9TB,/,36.8TB,848GB,/,227GB,712
2022-09-30 11:06:54,c816071a941c,hadoop-slave6.1.jyquyq8eoldtbvk9z2h8twuih,75.32%,35.57,/,125.5GiB,21.56%,36.9TB,/,36.8TB,848GB,/,227GB,712
2022-9-30 11:06:55,c816071a941c,hadoop-slave6.1.jyquyq8eoldtbvk9z2h8twuih,18.58%,18.56,/,125.5GiB,14.79%,36.9TB,/,36.8TB,848GB,/,227GB,323
2022-09-30 11:06:56,c816071a941c,hadoop-slave6.1.jyquyq8eoldtbvk9z2h8twuih,9.61%,18.56,/,125.5GiB,14.79%,36.9TB,/,36.8TB,848GB,/,227GB,323
2022-9-30 11:06:57,c816071a941c,hadoop-slave6.1.jyquyq8eoldtbvk9z2h8twuih,0.65%,18.56,/,125.5GiB,14.79%,36.9TB,/,36.8TB,848GB,/,227GB,323
2022-09-30 11:06:58,c816071a941c,hadoop-slave6.1.jyquyq8eoldtbvk9z2h8twuih,0.67%,18.56,/,125.5GiB,14.79%,36.9TB,/,36.8TB,848GB,/,227GB,323
2022-9-30 11:06:59,c816071a941c,hadoop-slave6.1.jyquyq8eoldtbvk9z2h8twuih,0.69%,18.56,/,125.5GiB,14.79%,36.9TB,/,36.8TB,848GB,/,227GB,323
2022-09-30 11:07:00,c816071a941c,hadoop-slave6.1.jyquyq8eoldtbvk9z2h8twuih,0.64%,18.56,/,125.5GiB,14.79%,36.9TB,/,36.8TB,848GB,/,227GB,323
2022-9-30 11:07:01,c816071a941c,hadoop-slave6.1.jyquyq8eoldtbvk9z2h8twuih,0.59%,18.56,/,125.5GiB,14.79%,36.9TB,/,36.8TB,848GB,/,227GB,323
2022-09-30 11:07:02,c816071a941c,hadoop-slave6.1.jyquyq8eoldtbvk9z2h8twuih,0.6%,18.56,/,125.5GiB,14.79%,36.9TB,/,36.8TB,848GB,/,227GB,323
2022-9-30 11:07:03,c816071a941c,hadoop-slave6.1.jyquyq8eoldtbvk9z2h8twuih,0.62%,18.56,/,125.5GiB,14.79%,36.9TB,/,36.8TB,848GB,/,227GB,324
2022-09-30 11:07:04,c816071a941c,hadoop-slave6.1.jyquyq8eoldtbvk9z2h8twuih,0.68%,18.56,/,125.5GiB,14.79%,36.9TB,/,36.8TB,848GB,/,227GB,324
2022-9-30 11:07:05,c816071a941c,hadoop-slave6.1.jyquyq8eoldtbvk9z2h8twuih,0.74%,18.56,/,125.5GiB,14.79%,36.9TB,/,36.8TB,848GB,/,227GB,322
2022-09-30 11:07:06,c816071a941c,hadoop-slave6.1.jyquyq8eoldtbvk9z2h8twuih,0.69%,18.56,/,125.5GiB,14.79%,36.9TB,/,36.8TB,848GB,/,227GB,322
2022-9-30 11:07:07,c816071a941c,hadoop-slave6.1.jyquyq8eoldtbvk9z2h8twuih,0.63%,18.56,/,125.5GiB,14.79%,36.9TB,/,36.8TB,848GB,/,227GB,322
2022-09-30 11:07:08,c816071a941c,hadoop-slave6.1.jyquyq8eoldtbvk9z2h8twuih,0.61%,18.56,/,125.5GiB,14.79%,36.9TB,/,36.8TB,848GB,/,227GB,322
2022-9-30 11:07:09,c816071a941c,hadoop-slave6.1.jyquyq8eoldtbvk9z2h8twuih,0.59%,18.56,/,125.5GiB,14.79%,36.9TB,/,36.8TB,848GB,/,227GB,322
2022-09-30 11:07:10,c816071a941c,hadoop-slave6.1.jyquyq8eoldtbvk9z2h8twuih,0.68%,18.56,/,125.5GiB,14.79%,36.9TB,/,36.8TB,848GB,/,227GB,322
2022-9-30 11:07:11,c816071a941c,hadoop-slave6.1.jyquyq8eoldtbvk9z2h8twuih,0.76%,18.56,/,125.5GiB,14.79%,36.9TB,/,36.8TB,848GB,/,227GB,322
2022-09-30 11:07:12,c816071a941c,hadoop-slave6.1.jyquyq8eoldtbvk9z2h8twuih,0.7%,18.56,/,125.5GiB,14.79%,36.9TB,/,36.8TB,848GB,/,227GB,322
2022-9-30 11:07:13,c816071a941c,hadoop-slave6.1.jyquyq8eoldtbvk9z2h8twuih,0.64%,18.56,/,125.5GiB,14.79%,36.9TB,/,36.8TB,848GB,/,227GB,322
2022-09-30 11:07:14,c816071a941c,hadoop-slave6.1.jyquyq8eoldtbvk9z2h8twuih,0.65%,18.56,/,125.5GiB,14.79%,36.9TB,/,36.8TB,848GB,/,227GB,322
2022-09-30 11:07:15,c816071a941c,hadoop-slave6.1.jyquyq8eoldtbvk9z2h8twuih,0.65%,18.56,/,125.5GiB,14.79%,36.9TB,/,36.8TB,848GB,/,227GB,322
2022-9-30 11:07:16,c816071a941c,hadoop-slave6.1.jyquyq8eoldtbvk9z2h8twuih,0.66%,18.56,/,125.5GiB,14.79%,36.9TB,/,36.8TB,848GB,/,227GB,322
2022-09-30 11:07:17,c816071a941c,hadoop-slave6.1.jyquyq8eoldtbvk9z2h8twuih,0.71%,18.56,/,125.5GiB,14.79%,36.9TB,/,36.8TB,848GB,/,227GB,322
2022-9-30 11:07:18,c816071a941c,hadoop-slave6.1.jyquyq8eoldtbvk9z2h8twuih,0.75%,18.56,/,125.5GiB,14.79%,36.9TB,/,36.8TB,848GB,/,227GB,322
2022-09-30 11:07:19,c816071a941c,hadoop-slave6.1.jyquyq8eoldtbvk9z2h8twuih,0.7%,18.56,/,125.5GiB,14.79%,36.9TB,/,36.8TB,848GB,/,227GB,322
2022-9-30 11:07:20,c816071a941c,hadoop-slave6.1.jyquyq8eoldtbvk9z2h8twuih,0.65%,18.56,/,125.5GiB,14.79%,36.9TB,/,36.8TB,848GB,/,227GB,322
2022-09-30 11:07:21,c816071a941c,hadoop-slave6.1.jyquyq8eoldtbvk9z2h8twuih,0.68%,18.56,/,125.5GiB,14.79%,36.9TB,/,36.8TB,848GB,/,227GB,322
2022-9-30 11:07:22,c816071a941c,hadoop-slave6.1.jyquyq8eoldtbvk9z2h8twuih,0.70%,18.56,/,125.5GiB,14.79%,36.9TB,/,36.8TB,848GB,/,227GB,322
2022-09-30 11:07:23,c816071a941c,hadoop-slave6.1.jyquyq8eoldtbvk9z2h8twuih,0.69%,18.56,/,125.5GiB,14.79%,36.9TB,/,36.8TB,848GB,/,227GB,322
2022-9-30 11:07:24,c816071a941c,hadoop-slave6.1.jyquyq8eoldtbvk9z2h8twuih,0.69%,18.56,/,125.5GiB,14.79%,36.9TB,/,36.8TB,848GB,/,227GB,322
2022-09-30 11:07:25,c816071a941c,hadoop-slave6.1.jyquyq8eoldtbvk9z2h8twuih,0.67%,18.56,/,125.5GiB,14.79%,36.9TB,/,36.8TB,848GB,/,227GB,322
2022-9-30 11:07:26,c816071a941c,hadoop-slave6.1.jyquyq8eoldtbvk9z2h8twuih,0.65%,18.56,/,125.5GiB,14.79%,36.9TB,/,36.8TB,848GB,/,227GB,322
2022-09-30 11:07:27,c816071a941c,hadoop-slave6.1.jyquyq8eoldtbvk9z2h8twuih,0.64%,18.56,/,125.5GiB,14.79%,36.9TB,/,36.8TB,848GB,/,227GB,322
2022-9-30 11:07:28,c816071a941c,hadoop-slave6.1.jyquyq8eoldtbvk9z2h8twuih,0.63%,18.56,/,125.5GiB,14.79%,36.9TB,/,36.8TB,848GB,/,227GB,322
2022-09-30 11:07:29,c816071a941c,hadoop-slave6.1.jyquyq8eoldtbvk9z2h8twuih,0.65%,18.56,/,125.5GiB,14.79%,36.9TB,/,36.8TB,848GB,/,227GB,322
2022-9-30 11:07:30,c816071a941c,hadoop-slave6.1.jyquyq8eoldtbvk9z2h8twuih,0.67%,18.56,/,125.5GiB,14.79%,36.9TB,/,36.8TB,848GB,/,227GB,322
2022-09-30 11:07:31,c816071a941c,hadoop-slave6.1.jyquyq8eoldtbvk9z2h8twuih,0.65%,18.56,/,125.5GiB,14.79%,36.9TB,/,36.8TB,848GB,/,227GB,322
2022-9-30 11:07:32,c816071a941c,hadoop-slave6.1.jyquyq8eoldtbvk9z2h8twuih,0.62%,18.56,/,125.5GiB,14.79%,36.9TB,/,36.8TB,848GB,/,227GB,322
2022-09-30 11:07:33,c816071a941c,hadoop-slave6.1.jyquyq8eoldtbvk9z2h8twuih,0.62%,18.56,/,125.5GiB,14.79%,36.9TB,/,36.8TB,848GB,/,227GB,322
2022-9-30 11:07:34,c816071a941c,hadoop-slave6.1.jyquyq8eoldtbvk9z2h8twuih,0.62%,18.56,/,125.5GiB,14.79%,36.9TB,/,36.8TB,848GB,/,227GB,322
2022-09-30 11:07:35,c816071a941c,hadoop-slave6.1.jyquyq8eoldtbvk9z2h8twuih,0.78%,18.56,/,125.5GiB,14.79%,36.9TB,/,36.8TB,848GB,/,227GB,322
2022-9-30 11:07:36,c816071a941c,hadoop-slave6.1.jyquyq8eoldtbvk9z2h8twuih,0.95%,18.56,/,125.5GiB,14.79%,36.9TB,/,36.8TB,848GB,/,227GB,320
2022-09-30 11:07:37,c816071a941c,hadoop-slave6.1.jyquyq8eoldtbvk9z2h8twuih,1.0%,18.56,/,125.5GiB,14.79%,36.9TB,/,36.8TB,848GB,/,227GB,320
2022-9-30 11:07:38,c816071a941c,hadoop-slave6.1.jyquyq8eoldtbvk9z2h8twuih,1.05%,18.56,/,125.5GiB,14.79%,36.9TB,/,36.8TB,848GB,/,227GB,312
2022-09-30 11:07:39,c816071a941c,hadoop-slave6.1.jyquyq8eoldtbvk9z2h8twuih,0.87%,18.56,/,125.5GiB,14.79%,36.9TB,/,36.8TB,848GB,/,227GB,312
2022-9-30 11:07:40,c816071a941c,hadoop-slave6.1.jyquyq8eoldtbvk9z2h8twuih,0.69%,18.56,/,125.5GiB,14.79%,36.9TB,/,36.8TB,848GB,/,227GB,312
2022-09-30 11:07:41,c816071a941c,hadoop-slave6.1.jyquyq8eoldtbvk9z2h8twuih,0.74%,18.56,/,125.5GiB,14.79%,36.9TB,/,36.8TB,848GB,/,227GB,312
2022-9-30 11:07:42,c816071a941c,hadoop-slave6.1.jyquyq8eoldtbvk9z2h8twuih,0.79%,18.56,/,125.5GiB,14.79%,36.9TB,/,36.8TB,848GB,/,227GB,312
2022-09-30 11:07:43,c816071a941c,hadoop-slave6.1.jyquyq8eoldtbvk9z2h8twuih,0.74%,18.56,/,125.5GiB,14.79%,36.9TB,/,36.8TB,848GB,/,227GB,312
2022-9-30 11:07:44,c816071a941c,hadoop-slave6.1.jyquyq8eoldtbvk9z2h8twuih,0.70%,18.56,/,125.5GiB,14.79%,36.9TB,/,36.8TB,848GB,/,227GB,312
2022-09-30 11:07:45,c816071a941c,hadoop-slave6.1.jyquyq8eoldtbvk9z2h8twuih,0.71%,18.56,/,125.5GiB,14.79%,36.9TB,/,36.8TB,848GB,/,227GB,312
2022-9-30 11:07:46,c816071a941c,hadoop-slave6.1.jyquyq8eoldtbvk9z2h8twuih,0.72%,18.56,/,125.5GiB,14.79%,36.9TB,/,36.8TB,848GB,/,227GB,312
2022-09-30 11:07:47,c816071a941c,hadoop-slave6.1.jyquyq8eoldtbvk9z2h8twuih,0.7%,18.56,/,125.5GiB,14.79%,36.9TB,/,36.8TB,848GB,/,227GB,312
2022-9-30 11:07:48,c816071a941c,hadoop-slave6.1.jyquyq8eoldtbvk9z2h8twuih,0.67%,18.56,/,125.5GiB,14.79%,36.9TB,/,36.8TB,848GB,/,227GB,312
2022-09-30 11:07:49,c816071a941c,hadoop-slave6.1.jyquyq8eoldtbvk9z2h8twuih,0.72%,18.56,/,125.5GiB,14.79%,36.9TB,/,36.8TB,848GB,/,227GB,312
2022-9-30 11:07:50,c816071a941c,hadoop-slave6.1.jyquyq8eoldtbvk9z2h8twuih,0.76%,18.56,/,125.5GiB,14.79%,36.9TB,/,36.8TB,848GB,/,227GB,312
2022-09-30 11:07:51,c816071a941c,hadoop-slave6.1.jyquyq8eoldtbvk9z2h8twuih,0.74%,18.56,/,125.5GiB,14.79%,36.9TB,/,36.8TB,848GB,/,227GB,312
2022-9-30 11:07:52,c816071a941c,hadoop-slave6.1.jyquyq8eoldtbvk9z2h8twuih,0.73%,18.56,/,125.5GiB,14.79%,36.9TB,/,36.8TB,848GB,/,227GB,312
2022-09-30 11:07:53,c816071a941c,hadoop-slave6.1.jyquyq8eoldtbvk9z2h8twuih,0.71%,18.56,/,125.5GiB,14.79%,36.9TB,/,36.8TB,848GB,/,227GB,312
2022-9-30 11:07:54,c816071a941c,hadoop-slave6.1.jyquyq8eoldtbvk9z2h8twuih,0.70%,18.56,/,125.5GiB,14.79%,36.9TB,/,36.8TB,848GB,/,227GB,312
2022-09-30 11:07:55,c816071a941c,hadoop-slave6.1.jyquyq8eoldtbvk9z2h8twuih,0.79%,18.56,/,125.5GiB,14.79%,36.9TB,/,36.8TB,848GB,/,227GB,312
2022-9-30 11:07:56,c816071a941c,hadoop-slave6.1.jyquyq8eoldtbvk9z2h8twuih,0.89%,18.56,/,125.5GiB,14.79%,36.9TB,/,36.8TB,848GB,/,227GB,302
2022-09-30 11:07:57,c816071a941c,hadoop-slave6.1.jyquyq8eoldtbvk9z2h8twuih,0.81%,18.56,/,125.5GiB,14.79%,36.9TB,/,36.8TB,848GB,/,227GB,302
2022-9-30 11:07:58,c816071a941c,hadoop-slave6.1.jyquyq8eoldtbvk9z2h8twuih,0.73%,18.56,/,125.5GiB,14.79%,36.9TB,/,36.8TB,848GB,/,227GB,302
2022-09-30 11:07:59,c816071a941c,hadoop-slave6.1.jyquyq8eoldtbvk9z2h8twuih,0.7%,18.56,/,125.5GiB,14.79%,36.9TB,/,36.8TB,848GB,/,227GB,302
2022-9-30 11:08:00,c816071a941c,hadoop-slave6.1.jyquyq8eoldtbvk9z2h8twuih,0.67%,18.56,/,125.5GiB,14.79%,36.9TB,/,36.8TB,848GB,/,227GB,302
2022-09-30 11:08:01,c816071a941c,hadoop-slave6.1.jyquyq8eoldtbvk9z2h8twuih,0.76%,18.56,/,125.5GiB,14.79%,36.9TB,/,36.8TB,848GB,/,227GB,302
2022-9-30 11:08:02,c816071a941c,hadoop-slave6.1.jyquyq8eoldtbvk9z2h8twuih,0.85%,18.56,/,125.5GiB,14.79%,36.9TB,/,36.8TB,848GB,/,227GB,301
2022-09-30 11:08:03,c816071a941c,hadoop-slave6.1.jyquyq8eoldtbvk9z2h8twuih,0.75%,18.56,/,125.5GiB,14.79%,36.9TB,/,36.8TB,848GB,/,227GB,301
2022-9-30 11:08:04,c816071a941c,hadoop-slave6.1.jyquyq8eoldtbvk9z2h8twuih,0.65%,18.56,/,125.5GiB,14.79%,36.9TB,/,36.8TB,848GB,/,227GB,301
2022-09-30 11:08:05,c816071a941c,hadoop-slave6.1.jyquyq8eoldtbvk9z2h8twuih,0.66%,18.56,/,125.5GiB,14.79%,36.9TB,/,36.8TB,848GB,/,227GB,301
2022-9-30 11:08:06,c816071a941c,hadoop-slave6.1.jyquyq8eoldtbvk9z2h8twuih,0.67%,18.56,/,125.5GiB,14.79%,36.9TB,/,36.8TB,848GB,/,227GB,301
2022-09-30 11:08:07,c816071a941c,hadoop-slave6.1.jyquyq8eoldtbvk9z2h8twuih,0.67%,18.56,/,125.5GiB,14.79%,36.9TB,/,36.8TB,848GB,/,227GB,301
2022-9-30 11:08:08,c816071a941c,hadoop-slave6.1.jyquyq8eoldtbvk9z2h8twuih,0.67%,18.56,/,125.5GiB,14.79%,36.9TB,/,36.8TB,848GB,/,227GB,301
2022-09-30 11:08:09,c816071a941c,hadoop-slave6.1.jyquyq8eoldtbvk9z2h8twuih,0.62%,18.56,/,125.5GiB,14.79%,36.9TB,/,36.8TB,848GB,/,227GB,301
2022-9-30 11:08:10,c816071a941c,hadoop-slave6.1.jyquyq8eoldtbvk9z2h8twuih,0.58%,18.56,/,125.5GiB,14.79%,36.9TB,/,36.8TB,848GB,/,227GB,301
2022-09-30 11:08:11,c816071a941c,hadoop-slave6.1.jyquyq8eoldtbvk9z2h8twuih,0.59%,18.56,/,125.5GiB,14.79%,36.9TB,/,36.8TB,848GB,/,227GB,301
2022-9-30 11:08:12,c816071a941c,hadoop-slave6.1.jyquyq8eoldtbvk9z2h8twuih,0.60%,18.56,/,125.5GiB,14.79%,36.9TB,/,36.8TB,848GB,/,227GB,301
2022-09-30 11:08:13,c816071a941c,hadoop-slave6.1.jyquyq8eoldtbvk9z2h8twuih,0.65%,18.56,/,125.5GiB,14.79%,36.9TB,/,36.8TB,848GB,/,227GB,301
2022-9-30 11:08:14,c816071a941c,hadoop-slave6.1.jyquyq8eoldtbvk9z2h8twuih,0.70%,18.56,/,125.5GiB,14.79%,36.9TB,/,36.8TB,848GB,/,227GB,301
2022-09-30 11:08:15,c816071a941c,hadoop-slave6.1.jyquyq8eoldtbvk9z2h8twuih,0.69%,18.56,/,125.5GiB,14.79%,36.9TB,/,36.8TB,848GB,/,227GB,301
2022-9-30 11:08:16,c816071a941c,hadoop-slave6.1.jyquyq8eoldtbvk9z2h8twuih,0.67%,18.56,/,125.5GiB,14.79%,36.9TB,/,36.8TB,848GB,/,227GB,301
2022-09-30 11:08:17,c816071a941c,hadoop-slave6.1.jyquyq8eoldtbvk9z2h8twuih,0.68%,18.56,/,125.5GiB,14.79%,36.9TB,/,36.8TB,848GB,/,227GB,301
2022-9-30 11:08:18,c816071a941c,hadoop-slave6.1.jyquyq8eoldtbvk9z2h8twuih,0.69%,18.56,/,125.5GiB,14.79%,36.9TB,/,36.8TB,848GB,/,227GB,301
2022-09-30 11:08:19,c816071a941c,hadoop-slave6.1.jyquyq8eoldtbvk9z2h8twuih,22.7%,18.56,/,125.5GiB,14.79%,36.9TB,/,36.8TB,848GB,/,227GB,301
2022-9-30 11:08:20,c816071a941c,hadoop-slave6.1.jyquyq8eoldtbvk9z2h8twuih,44.70%,18.56,/,125.5GiB,14.79%,36.9TB,/,36.8TB,848GB,/,227GB,309
2022-09-30 11:08:21,c816071a941c,hadoop-slave6.1.jyquyq8eoldtbvk9z2h8twuih,102.81%,18.56,/,125.5GiB,14.81%,36.9TB,/,36.8TB,848GB,/,227GB,309
2022-9-30 11:08:22,c816071a941c,hadoop-slave6.1.jyquyq8eoldtbvk9z2h8twuih,160.93%,18.61,/,125.5GiB,14.83%,36.9TB,/,36.8TB,848GB,/,227GB,369
2022-09-30 11:08:23,c816071a941c,hadoop-slave6.1.jyquyq8eoldtbvk9z2h8twuih,240.91%,18.61,/,125.5GiB,14.93%,36.9TB,/,36.8TB,848GB,/,227GB,369
2022-9-30 11:08:24,c816071a941c,hadoop-slave6.1.jyquyq8eoldtbvk9z2h8twuih,320.89%,18.85,/,125.5GiB,15.02%,36.9TB,/,36.8TB,848GB,/,227GB,377
2022-09-30 11:08:25,c816071a941c,hadoop-slave6.1.jyquyq8eoldtbvk9z2h8twuih,222.92%,18.85,/,125.5GiB,15.04%,36.9TB,/,36.8TB,848GB,/,227GB,377
2022-9-30 11:08:26,c816071a941c,hadoop-slave6.1.jyquyq8eoldtbvk9z2h8twuih,124.95%,18.91,/,125.5GiB,15.07%,36.9TB,/,36.8TB,848GB,/,227GB,461
2022-09-30 11:08:27,c816071a941c,hadoop-slave6.1.jyquyq8eoldtbvk9z2h8twuih,483.72%,18.91,/,125.5GiB,15.3%,36.9TB,/,36.8TB,848GB,/,227GB,461
2022-9-30 11:08:28,c816071a941c,hadoop-slave6.1.jyquyq8eoldtbvk9z2h8twuih,842.48%,19.5,/,125.5GiB,15.54%,36.9TB,/,36.8TB,848GB,/,227GB,683
2022-09-30 11:08:29,c816071a941c,hadoop-slave6.1.jyquyq8eoldtbvk9z2h8twuih,796.99%,19.5,/,125.5GiB,15.89%,36.9TB,/,36.8TB,848GB,/,227GB,683
2022-9-30 11:08:30,c816071a941c,hadoop-slave6.1.jyquyq8eoldtbvk9z2h8twuih,751.50%,20.39,/,125.5GiB,16.25%,36.9TB,/,36.8TB,848GB,/,227GB,752
2022-09-30 11:08:31,c816071a941c,hadoop-slave6.1.jyquyq8eoldtbvk9z2h8twuih,378.13%,20.39,/,125.5GiB,16.24%,36.9TB,/,36.8TB,848GB,/,227GB,752
2022-9-30 11:08:32,c816071a941c,hadoop-slave6.1.jyquyq8eoldtbvk9z2h8twuih,4.77%,20.38,/,125.5GiB,16.24%,36.9TB,/,36.8TB,848GB,/,227GB,727
2022-09-30 11:08:33,c816071a941c,hadoop-slave6.1.jyquyq8eoldtbvk9z2h8twuih,3.94%,20.38,/,125.5GiB,16.23%,36.9TB,/,36.8TB,848GB,/,227GB,727
2022-9-30 11:08:34,c816071a941c,hadoop-slave6.1.jyquyq8eoldtbvk9z2h8twuih,3.12%,20.36,/,125.5GiB,16.22%,36.9TB,/,36.8TB,848GB,/,227GB,724
2022-09-30 11:08:35,c816071a941c,hadoop-slave6.1.jyquyq8eoldtbvk9z2h8twuih,129.72%,20.36,/,125.5GiB,16.28%,36.9TB,/,36.8TB,848GB,/,227GB,724
2022-9-30 11:08:36,c816071a941c,hadoop-slave6.1.jyquyq8eoldtbvk9z2h8twuih,256.33%,20.51,/,125.5GiB,16.34%,36.9TB,/,36.8TB,848GB,/,227GB,845
2022-09-30 11:08:37,c816071a941c,hadoop-slave6.1.jyquyq8eoldtbvk9z2h8twuih,427.46%,20.51,/,125.5GiB,16.57%,36.9TB,/,36.8TB,848GB,/,227GB,845
2022-09-30 11:08:38,c816071a941c,hadoop-slave6.1.jyquyq8eoldtbvk9z2h8twuih,427.46%,20.51,/,125.5GiB,16.57%,36.9TB,/,36.8TB,848GB,/,227GB,845
2022-9-30 11:08:39,c816071a941c,hadoop-slave6.1.jyquyq8eoldtbvk9z2h8twuih,598.58%,21.1,/,125.5GiB,16.81%,36.9TB,/,36.8TB,848GB,/,227GB,890
2022-09-30 11:08:40,c816071a941c,hadoop-slave6.1.jyquyq8eoldtbvk9z2h8twuih,302.16%,21.1,/,125.5GiB,16.82%,36.9TB,/,36.8TB,848GB,/,227GB,890
2022-9-30 11:08:41,c816071a941c,hadoop-slave6.1.jyquyq8eoldtbvk9z2h8twuih,5.73%,21.13,/,125.5GiB,16.83%,36.9TB,/,36.8TB,848GB,/,227GB,874
2022-09-30 11:08:42,c816071a941c,hadoop-slave6.1.jyquyq8eoldtbvk9z2h8twuih,3.67%,21.13,/,125.5GiB,16.82%,36.9TB,/,36.8TB,848GB,/,227GB,874
2022-9-30 11:08:43,c816071a941c,hadoop-slave6.1.jyquyq8eoldtbvk9z2h8twuih,1.60%,21.1,/,125.5GiB,16.81%,36.9TB,/,36.8TB,848GB,/,227GB,874
2022-09-30 11:08:44,c816071a941c,hadoop-slave6.1.jyquyq8eoldtbvk9z2h8twuih,1.42%,21.1,/,125.5GiB,16.81%,36.9TB,/,36.8TB,848GB,/,227GB,874
2022-9-30 11:08:45,c816071a941c,hadoop-slave6.1.jyquyq8eoldtbvk9z2h8twuih,1.23%,21.1,/,125.5GiB,16.81%,36.9TB,/,36.8TB,848GB,/,227GB,874
2022-09-30 11:08:46,c816071a941c,hadoop-slave6.1.jyquyq8eoldtbvk9z2h8twuih,225.06%,21.1,/,125.5GiB,16.88%,36.9TB,/,36.8TB,848GB,/,227GB,874
2022-9-30 11:08:47,c816071a941c,hadoop-slave6.1.jyquyq8eoldtbvk9z2h8twuih,448.88%,21.26,/,125.5GiB,16.94%,36.9TB,/,36.8TB,848GB,/,227GB,897
2022-09-30 11:08:48,c816071a941c,hadoop-slave6.1.jyquyq8eoldtbvk9z2h8twuih,745.29%,21.26,/,125.5GiB,17.16%,36.9TB,/,36.8TB,848GB,/,227GB,897
2022-9-30 11:08:49,c816071a941c,hadoop-slave6.1.jyquyq8eoldtbvk9z2h8twuih,1041.69%,21.8,/,125.5GiB,17.37%,36.9TB,/,36.8TB,848GB,/,227GB,931
2022-09-30 11:08:50,c816071a941c,hadoop-slave6.1.jyquyq8eoldtbvk9z2h8twuih,522.32%,21.8,/,125.5GiB,17.38%,36.9TB,/,36.8TB,848GB,/,227GB,931
2022-9-30 11:08:51,c816071a941c,hadoop-slave6.1.jyquyq8eoldtbvk9z2h8twuih,2.95%,21.81,/,125.5GiB,17.38%,36.9TB,/,36.8TB,848GB,/,227GB,931
2022-09-30 11:08:52,c816071a941c,hadoop-slave6.1.jyquyq8eoldtbvk9z2h8twuih,1278.22%,21.81,/,125.5GiB,18.5%,36.9TB,/,36.8TB,848GB,/,227GB,931
2022-9-30 11:08:53,c816071a941c,hadoop-slave6.1.jyquyq8eoldtbvk9z2h8twuih,2553.49%,24.64,/,125.5GiB,19.63%,36.9TB,/,36.8TB,848GB,/,227GB,965
2022-09-30 11:08:54,c816071a941c,hadoop-slave6.1.jyquyq8eoldtbvk9z2h8twuih,3060.78%,24.64,/,125.5GiB,20.59%,36.9TB,/,36.8TB,848GB,/,227GB,965
2022-9-30 11:08:55,c816071a941c,hadoop-slave6.1.jyquyq8eoldtbvk9z2h8twuih,3568.07%,27.05,/,125.5GiB,21.56%,36.9TB,/,36.8TB,848GB,/,227GB,1040
2022-09-30 11:08:56,c816071a941c,hadoop-slave6.1.jyquyq8eoldtbvk9z2h8twuih,3420.48%,27.05,/,125.5GiB,22.05%,36.9TB,/,36.8TB,848GB,/,227GB,1040
2022-9-30 11:08:57,c816071a941c,hadoop-slave6.1.jyquyq8eoldtbvk9z2h8twuih,3272.89%,28.29,/,125.5GiB,22.54%,36.9TB,/,36.8TB,848GB,/,227GB,1048
2022-09-30 11:08:58,c816071a941c,hadoop-slave6.1.jyquyq8eoldtbvk9z2h8twuih,3073.64%,28.29,/,125.5GiB,23.91%,36.9TB,/,36.8TB,848GB,/,227GB,1048
2022-9-30 11:08:59,c816071a941c,hadoop-slave6.1.jyquyq8eoldtbvk9z2h8twuih,2874.40%,31.72,/,125.5GiB,25.27%,36.9TB,/,36.8TB,848GB,/,227GB,1101
2022-09-30 11:09:00,c816071a941c,hadoop-slave6.1.jyquyq8eoldtbvk9z2h8twuih,3444.87%,31.72,/,125.5GiB,28.84%,36.9TB,/,36.8TB,848GB,/,227GB,1101
2022-9-30 11:09:01,c816071a941c,hadoop-slave6.1.jyquyq8eoldtbvk9z2h8twuih,4015.34%,40.66,/,125.5GiB,32.40%,36.9TB,/,36.8TB,848GB,/,227GB,1094
2022-09-30 11:09:02,c816071a941c,hadoop-slave6.1.jyquyq8eoldtbvk9z2h8twuih,3871.87%,40.66,/,125.5GiB,33.39%,36.9TB,/,36.8TB,848GB,/,227GB,1094
2022-9-30 11:09:03,c816071a941c,hadoop-slave6.1.jyquyq8eoldtbvk9z2h8twuih,3728.40%,43.14,/,125.5GiB,34.38%,36.9TB,/,36.8TB,848GB,/,227GB,1109
2022-09-30 11:09:04,c816071a941c,hadoop-slave6.1.jyquyq8eoldtbvk9z2h8twuih,3770.82%,43.14,/,125.5GiB,34.97%,36.9TB,/,36.8TB,848GB,/,227GB,1109
2022-9-30 11:09:05,c816071a941c,hadoop-slave6.1.jyquyq8eoldtbvk9z2h8twuih,3813.24%,44.62,/,125.5GiB,35.56%,36.9TB,/,36.8TB,848GB,/,227GB,1105
2022-09-30 11:09:06,c816071a941c,hadoop-slave6.1.jyquyq8eoldtbvk9z2h8twuih,3606.93%,44.62,/,125.5GiB,35.58%,36.9TB,/,36.8TB,848GB,/,227GB,1105
2022-9-30 11:09:07,c816071a941c,hadoop-slave6.1.jyquyq8eoldtbvk9z2h8twuih,3400.62%,44.66,/,125.5GiB,35.59%,36.9TB,/,36.8TB,848GB,/,227GB,1096
2022-09-30 11:09:08,c816071a941c,hadoop-slave6.1.jyquyq8eoldtbvk9z2h8twuih,3207.62%,44.66,/,125.5GiB,34.95%,36.9TB,/,36.8TB,848GB,/,227GB,1096
2022-9-30 11:09:09,c816071a941c,hadoop-slave6.1.jyquyq8eoldtbvk9z2h8twuih,3014.62%,43.06,/,125.5GiB,34.31%,36.9TB,/,36.8TB,848GB,/,227GB,1088
2022-09-30 11:09:10,c816071a941c,hadoop-slave6.1.jyquyq8eoldtbvk9z2h8twuih,3065.68%,43.06,/,125.5GiB,33.76%,36.9TB,/,36.8TB,848GB,/,227GB,1088
2022-9-30 11:09:11,c816071a941c,hadoop-slave6.1.jyquyq8eoldtbvk9z2h8twuih,3116.75%,41.68,/,125.5GiB,33.21%,36.9TB,/,36.8TB,848GB,/,227GB,1077
2022-09-30 11:09:12,c816071a941c,hadoop-slave6.1.jyquyq8eoldtbvk9z2h8twuih,2691.77%,41.68,/,125.5GiB,33.16%,36.9TB,/,36.8TB,848GB,/,227GB,1077
2022-9-30 11:09:13,c816071a941c,hadoop-slave6.1.jyquyq8eoldtbvk9z2h8twuih,2266.79%,41.57,/,125.5GiB,33.12%,36.9TB,/,36.8TB,848GB,/,227GB,1074
2022-09-30 11:09:14,c816071a941c,hadoop-slave6.1.jyquyq8eoldtbvk9z2h8twuih,2677.16%,41.57,/,125.5GiB,35.09%,36.9TB,/,36.8TB,848GB,/,227GB,1074
2022-9-30 11:09:15,c816071a941c,hadoop-slave6.1.jyquyq8eoldtbvk9z2h8twuih,3087.54%,46.53,/,125.5GiB,37.07%,36.9TB,/,36.8TB,848GB,/,227GB,1098
2022-09-30 11:09:16,c816071a941c,hadoop-slave6.1.jyquyq8eoldtbvk9z2h8twuih,3349.74%,46.53,/,125.5GiB,38.39%,36.9TB,/,36.8TB,848GB,/,227GB,1098
2022-9-30 11:09:17,c816071a941c,hadoop-slave6.1.jyquyq8eoldtbvk9z2h8twuih,3611.95%,49.83,/,125.5GiB,39.71%,36.9TB,/,36.8TB,848GB,/,227GB,1100
2022-09-30 11:09:18,c816071a941c,hadoop-slave6.1.jyquyq8eoldtbvk9z2h8twuih,3667.8%,49.83,/,125.5GiB,40.18%,36.9TB,/,36.8TB,848GB,/,227GB,1100
2022-9-30 11:09:19,c816071a941c,hadoop-slave6.1.jyquyq8eoldtbvk9z2h8twuih,3723.66%,51.01,/,125.5GiB,40.65%,36.9TB,/,36.8TB,848GB,/,227GB,1100
2022-09-30 11:09:20,c816071a941c,hadoop-slave6.1.jyquyq8eoldtbvk9z2h8twuih,3849.15%,51.01,/,125.5GiB,41.27%,36.9TB,/,36.8TB,848GB,/,227GB,1100
2022-9-30 11:09:21,c816071a941c,hadoop-slave6.1.jyquyq8eoldtbvk9z2h8twuih,3974.65%,52.58,/,125.5GiB,41.90%,36.9TB,/,36.8TB,848GB,/,227GB,1089
2022-09-30 11:09:22,c816071a941c,hadoop-slave6.1.jyquyq8eoldtbvk9z2h8twuih,3860.73%,52.58,/,125.5GiB,42.12%,36.9TB,/,36.8TB,848GB,/,227GB,1089
2022-9-30 11:09:23,c816071a941c,hadoop-slave6.1.jyquyq8eoldtbvk9z2h8twuih,3746.80%,53.14,/,125.5GiB,42.34%,36.9TB,/,36.8TB,848GB,/,227GB,1077
2022-09-30 11:09:24,c816071a941c,hadoop-slave6.1.jyquyq8eoldtbvk9z2h8twuih,3775.81%,53.14,/,125.5GiB,43.01%,36.9TB,/,36.8TB,848GB,/,227GB,1077
2022-9-30 11:09:25,c816071a941c,hadoop-slave6.1.jyquyq8eoldtbvk9z2h8twuih,3804.81%,54.82,/,125.5GiB,43.68%,36.9TB,/,36.8TB,848GB,/,227GB,1089
2022-09-30 11:09:26,c816071a941c,hadoop-slave6.1.jyquyq8eoldtbvk9z2h8twuih,3839.23%,54.82,/,125.5GiB,44.58%,36.9TB,/,36.8TB,848GB,/,227GB,1089
2022-9-30 11:09:27,c816071a941c,hadoop-slave6.1.jyquyq8eoldtbvk9z2h8twuih,3873.66%,57.08,/,125.5GiB,45.48%,36.9TB,/,36.8TB,848GB,/,227GB,1090
2022-09-30 11:09:28,c816071a941c,hadoop-slave6.1.jyquyq8eoldtbvk9z2h8twuih,3912.92%,57.08,/,125.5GiB,45.82%,36.9TB,/,36.8TB,848GB,/,227GB,1090
2022-9-30 11:09:29,c816071a941c,hadoop-slave6.1.jyquyq8eoldtbvk9z2h8twuih,3952.18%,57.94,/,125.5GiB,46.16%,36.9TB,/,36.8TB,848GB,/,227GB,1076
2022-09-30 11:09:30,c816071a941c,hadoop-slave6.1.jyquyq8eoldtbvk9z2h8twuih,3800.38%,57.94,/,125.5GiB,46.19%,36.9TB,/,36.8TB,848GB,/,227GB,1076
2022-9-30 11:09:31,c816071a941c,hadoop-slave6.1.jyquyq8eoldtbvk9z2h8twuih,3648.58%,57.99,/,125.5GiB,46.21%,36.9TB,/,36.8TB,848GB,/,227GB,1071
2022-09-30 11:09:32,c816071a941c,hadoop-slave6.1.jyquyq8eoldtbvk9z2h8twuih,3321.55%,57.99,/,125.5GiB,46.48%,36.9TB,/,36.8TB,848GB,/,227GB,1071
2022-9-30 11:09:33,c816071a941c,hadoop-slave6.1.jyquyq8eoldtbvk9z2h8twuih,2994.52%,58.66,/,125.5GiB,46.75%,36.9TB,/,36.8TB,848GB,/,227GB,1069
2022-09-30 11:09:34,c816071a941c,hadoop-slave6.1.jyquyq8eoldtbvk9z2h8twuih,3330.07%,58.66,/,125.5GiB,41.91%,36.9TB,/,36.8TB,848GB,/,227GB,1069
2022-9-30 11:09:35,c816071a941c,hadoop-slave6.1.jyquyq8eoldtbvk9z2h8twuih,3665.61%,46.52,/,125.5GiB,37.07%,36.9TB,/,36.8TB,848GB,/,227GB,744
2022-09-30 11:09:36,c816071a941c,hadoop-slave6.1.jyquyq8eoldtbvk9z2h8twuih,3781.88%,46.52,/,125.5GiB,37.1%,36.9TB,/,36.8TB,848GB,/,227GB,744
2022-9-30 11:09:37,c816071a941c,hadoop-slave6.1.jyquyq8eoldtbvk9z2h8twuih,3898.14%,46.59,/,125.5GiB,37.13%,36.9TB,/,36.8TB,848GB,/,227GB,752
2022-09-30 11:09:38,c816071a941c,hadoop-slave6.1.jyquyq8eoldtbvk9z2h8twuih,3805.19%,46.59,/,125.5GiB,37.24%,36.9TB,/,36.8TB,848GB,/,227GB,752
2022-9-30 11:09:39,c816071a941c,hadoop-slave6.1.jyquyq8eoldtbvk9z2h8twuih,3712.25%,46.87,/,125.5GiB,37.35%,36.9TB,/,36.8TB,848GB,/,227GB,745
2022-09-30 11:09:40,c816071a941c,hadoop-slave6.1.jyquyq8eoldtbvk9z2h8twuih,3854.77%,46.87,/,125.5GiB,37.43%,36.9TB,/,36.8TB,848GB,/,227GB,745
2022-09-30 11:09:41,c816071a941c,hadoop-slave6.1.jyquyq8eoldtbvk9z2h8twuih,3854.77%,46.87,/,125.5GiB,37.43%,36.9TB,/,36.8TB,848GB,/,227GB,745
2022-9-30 11:09:42,c816071a941c,hadoop-slave6.1.jyquyq8eoldtbvk9z2h8twuih,3997.28%,47.08,/,125.5GiB,37.51%,36.9TB,/,36.8TB,848GB,/,227GB,739
2022-09-30 11:09:43,c816071a941c,hadoop-slave6.1.jyquyq8eoldtbvk9z2h8twuih,4016.15%,47.08,/,125.5GiB,37.72%,36.9TB,/,36.8TB,848GB,/,227GB,739
2022-9-30 11:09:44,c816071a941c,hadoop-slave6.1.jyquyq8eoldtbvk9z2h8twuih,4035.01%,47.6,/,125.5GiB,37.93%,36.9TB,/,36.8TB,848GB,/,227GB,747
2022-09-30 11:09:45,c816071a941c,hadoop-slave6.1.jyquyq8eoldtbvk9z2h8twuih,3953.15%,47.6,/,125.5GiB,37.99%,36.9TB,/,36.8TB,848GB,/,227GB,747
2022-9-30 11:09:46,c816071a941c,hadoop-slave6.1.jyquyq8eoldtbvk9z2h8twuih,3871.29%,47.76,/,125.5GiB,38.05%,36.9TB,/,36.8TB,848GB,/,227GB,731
2022-09-30 11:09:47,c816071a941c,hadoop-slave6.1.jyquyq8eoldtbvk9z2h8twuih,3916.85%,47.76,/,125.5GiB,38.42%,36.9TB,/,36.8TB,848GB,/,227GB,731
2022-9-30 11:09:48,c816071a941c,hadoop-slave6.1.jyquyq8eoldtbvk9z2h8twuih,3962.41%,48.69,/,125.5GiB,38.80%,36.9TB,/,36.8TB,848GB,/,227GB,759
2022-09-30 11:09:49,c816071a941c,hadoop-slave6.1.jyquyq8eoldtbvk9z2h8twuih,3125.76%,48.69,/,125.5GiB,38.42%,36.9TB,/,36.8TB,848GB,/,227GB,759
2022-9-30 11:09:50,c816071a941c,hadoop-slave6.1.jyquyq8eoldtbvk9z2h8twuih,2289.11%,47.74,/,125.5GiB,38.04%,36.9TB,/,36.8TB,848GB,/,227GB,732
2022-09-30 11:09:51,c816071a941c,hadoop-slave6.1.jyquyq8eoldtbvk9z2h8twuih,1160.66%,47.74,/,125.5GiB,37.77%,36.9TB,/,36.8TB,848GB,/,227GB,732
2022-9-30 11:09:52,c816071a941c,hadoop-slave6.1.jyquyq8eoldtbvk9z2h8twuih,32.21%,47.06,/,125.5GiB,37.50%,36.9TB,/,36.8TB,848GB,/,227GB,720
2022-09-30 11:09:53,c816071a941c,hadoop-slave6.1.jyquyq8eoldtbvk9z2h8twuih,30.7%,47.06,/,125.5GiB,37.5%,36.9TB,/,36.8TB,848GB,/,227GB,720
2022-9-30 11:09:54,c816071a941c,hadoop-slave6.1.jyquyq8eoldtbvk9z2h8twuih,29.18%,47.08,/,125.5GiB,37.51%,36.9TB,/,36.8TB,848GB,/,227GB,717
2022-09-30 11:09:55,c816071a941c,hadoop-slave6.1.jyquyq8eoldtbvk9z2h8twuih,35.67%,47.08,/,125.5GiB,37.52%,36.9TB,/,36.8TB,848GB,/,227GB,717
2022-9-30 11:09:56,c816071a941c,hadoop-slave6.1.jyquyq8eoldtbvk9z2h8twuih,42.16%,47.1,/,125.5GiB,37.53%,36.9TB,/,36.8TB,848GB,/,227GB,717
2022-09-30 11:09:57,c816071a941c,hadoop-slave6.1.jyquyq8eoldtbvk9z2h8twuih,34.61%,47.1,/,125.5GiB,37.54%,36.9TB,/,36.8TB,848GB,/,227GB,717
2022-9-30 11:09:58,c816071a941c,hadoop-slave6.1.jyquyq8eoldtbvk9z2h8twuih,27.07%,47.12,/,125.5GiB,37.55%,36.9TB,/,36.8TB,848GB,/,227GB,714
2022-09-30 11:09:59,c816071a941c,hadoop-slave6.1.jyquyq8eoldtbvk9z2h8twuih,31.34%,47.12,/,125.5GiB,37.56%,36.9TB,/,36.8TB,848GB,/,227GB,714
2022-9-30 11:10:00,c816071a941c,hadoop-slave6.1.jyquyq8eoldtbvk9z2h8twuih,35.62%,47.15,/,125.5GiB,37.57%,36.9TB,/,36.8TB,848GB,/,227GB,712
2022-09-30 11:10:01,c816071a941c,hadoop-slave6.1.jyquyq8eoldtbvk9z2h8twuih,38.2%,47.15,/,125.5GiB,37.58%,36.9TB,/,36.8TB,848GB,/,227GB,712
2022-9-30 11:10:02,c816071a941c,hadoop-slave6.1.jyquyq8eoldtbvk9z2h8twuih,40.79%,47.17,/,125.5GiB,37.59%,36.9TB,/,36.8TB,848GB,/,227GB,713
2022-09-30 11:10:03,c816071a941c,hadoop-slave6.1.jyquyq8eoldtbvk9z2h8twuih,38.19%,47.17,/,125.5GiB,37.6%,36.9TB,/,36.8TB,848GB,/,227GB,713
2022-9-30 11:10:04,c816071a941c,hadoop-slave6.1.jyquyq8eoldtbvk9z2h8twuih,35.58%,47.19,/,125.5GiB,37.61%,36.9TB,/,36.8TB,848GB,/,227GB,712
2022-09-30 11:10:05,c816071a941c,hadoop-slave6.1.jyquyq8eoldtbvk9z2h8twuih,40.56%,47.19,/,125.5GiB,37.61%,36.9TB,/,36.8TB,848GB,/,227GB,712
2022-9-30 11:10:06,c816071a941c,hadoop-slave6.1.jyquyq8eoldtbvk9z2h8twuih,45.54%,47.22,/,125.5GiB,37.62%,36.9TB,/,36.8TB,848GB,/,227GB,712
2022-09-30 11:10:07,c816071a941c,hadoop-slave6.1.jyquyq8eoldtbvk9z2h8twuih,38.58%,47.22,/,125.5GiB,37.63%,36.9TB,/,36.8TB,848GB,/,227GB,712
2022-9-30 11:10:08,c816071a941c,hadoop-slave6.1.jyquyq8eoldtbvk9z2h8twuih,31.61%,47.24,/,125.5GiB,37.64%,36.9TB,/,36.8TB,848GB,/,227GB,712
2022-09-30 11:10:09,c816071a941c,hadoop-slave6.1.jyquyq8eoldtbvk9z2h8twuih,32.2%,47.24,/,125.5GiB,37.65%,36.9TB,/,36.8TB,848GB,/,227GB,712
2022-9-30 11:10:10,c816071a941c,hadoop-slave6.1.jyquyq8eoldtbvk9z2h8twuih,32.79%,47.26,/,125.5GiB,37.66%,36.9TB,/,36.8TB,848GB,/,227GB,712
2022-09-30 11:10:11,c816071a941c,hadoop-slave6.1.jyquyq8eoldtbvk9z2h8twuih,33.05%,47.26,/,125.5GiB,37.67%,36.9TB,/,36.8TB,848GB,/,227GB,712
2022-9-30 11:10:12,c816071a941c,hadoop-slave6.1.jyquyq8eoldtbvk9z2h8twuih,33.30%,47.29,/,125.5GiB,37.68%,36.9TB,/,36.8TB,848GB,/,227GB,713
2022-09-30 11:10:13,c816071a941c,hadoop-slave6.1.jyquyq8eoldtbvk9z2h8twuih,43.26%,47.29,/,125.5GiB,37.69%,36.9TB,/,36.8TB,848GB,/,227GB,713
2022-9-30 11:10:14,c816071a941c,hadoop-slave6.1.jyquyq8eoldtbvk9z2h8twuih,53.22%,47.31,/,125.5GiB,37.70%,36.9TB,/,36.8TB,848GB,/,227GB,713
2022-09-30 11:10:15,c816071a941c,hadoop-slave6.1.jyquyq8eoldtbvk9z2h8twuih,68.64%,47.31,/,125.5GiB,37.71%,36.9TB,/,36.8TB,848GB,/,227GB,713
2022-9-30 11:10:16,c816071a941c,hadoop-slave6.1.jyquyq8eoldtbvk9z2h8twuih,84.06%,47.33,/,125.5GiB,37.72%,36.9TB,/,36.8TB,848GB,/,227GB,712
2022-09-30 11:10:17,c816071a941c,hadoop-slave6.1.jyquyq8eoldtbvk9z2h8twuih,84.25%,47.33,/,125.5GiB,37.73%,36.9TB,/,36.8TB,848GB,/,227GB,712
2022-9-30 11:10:18,c816071a941c,hadoop-slave6.1.jyquyq8eoldtbvk9z2h8twuih,84.44%,47.36,/,125.5GiB,37.74%,36.9TB,/,36.8TB,848GB,/,227GB,712
2022-09-30 11:10:19,c816071a941c,hadoop-slave6.1.jyquyq8eoldtbvk9z2h8twuih,58.08%,47.36,/,125.5GiB,37.75%,36.9TB,/,36.8TB,848GB,/,227GB,712
2022-9-30 11:10:20,c816071a941c,hadoop-slave6.1.jyquyq8eoldtbvk9z2h8twuih,31.72%,47.38,/,125.5GiB,37.76%,36.9TB,/,36.8TB,848GB,/,227GB,712
2022-09-30 11:10:21,c816071a941c,hadoop-slave6.1.jyquyq8eoldtbvk9z2h8twuih,48.74%,47.38,/,125.5GiB,37.77%,36.9TB,/,36.8TB,848GB,/,227GB,712
2022-9-30 11:10:22,c816071a941c,hadoop-slave6.1.jyquyq8eoldtbvk9z2h8twuih,65.77%,47.41,/,125.5GiB,37.78%,36.9TB,/,36.8TB,848GB,/,227GB,712
2022-09-30 11:10:23,c816071a941c,hadoop-slave6.1.jyquyq8eoldtbvk9z2h8twuih,52.83%,47.41,/,125.5GiB,37.79%,36.9TB,/,36.8TB,848GB,/,227GB,712
2022-9-30 11:10:24,c816071a941c,hadoop-slave6.1.jyquyq8eoldtbvk9z2h8twuih,39.89%,47.43,/,125.5GiB,37.80%,36.9TB,/,36.8TB,848GB,/,227GB,713
2022-09-30 11:10:25,c816071a941c,hadoop-slave6.1.jyquyq8eoldtbvk9z2h8twuih,59.02%,47.43,/,125.5GiB,37.81%,36.9TB,/,36.8TB,848GB,/,227GB,713
2022-9-30 11:10:26,c816071a941c,hadoop-slave6.1.jyquyq8eoldtbvk9z2h8twuih,78.16%,47.46,/,125.5GiB,37.82%,36.9TB,/,36.8TB,848GB,/,227GB,713
2022-09-30 11:10:27,c816071a941c,hadoop-slave6.1.jyquyq8eoldtbvk9z2h8twuih,52.16%,47.46,/,125.5GiB,37.83%,36.9TB,/,36.8TB,848GB,/,227GB,713
2022-9-30 11:10:28,c816071a941c,hadoop-slave6.1.jyquyq8eoldtbvk9z2h8twuih,26.16%,47.49,/,125.5GiB,37.84%,36.9TB,/,36.8TB,848GB,/,227GB,712
2022-09-30 11:10:29,c816071a941c,hadoop-slave6.1.jyquyq8eoldtbvk9z2h8twuih,22.39%,47.49,/,125.5GiB,37.85%,36.9TB,/,36.8TB,848GB,/,227GB,712
2022-9-30 11:10:30,c816071a941c,hadoop-slave6.1.jyquyq8eoldtbvk9z2h8twuih,18.63%,47.51,/,125.5GiB,37.86%,36.9TB,/,36.8TB,848GB,/,227GB,712
2022-09-30 11:10:31,c816071a941c,hadoop-slave6.1.jyquyq8eoldtbvk9z2h8twuih,9.76%,47.51,/,125.5GiB,37.86%,36.9TB,/,36.8TB,848GB,/,227GB,712
2022-9-30 11:10:32,c816071a941c,hadoop-slave6.1.jyquyq8eoldtbvk9z2h8twuih,0.89%,47.52,/,125.5GiB,37.87%,36.9TB,/,36.8TB,848GB,/,227GB,712
2022-09-30 11:10:33,c816071a941c,hadoop-slave6.1.jyquyq8eoldtbvk9z2h8twuih,1.02%,47.52,/,125.5GiB,37.87%,36.9TB,/,36.8TB,848GB,/,227GB,712
2022-9-30 11:10:34,c816071a941c,hadoop-slave6.1.jyquyq8eoldtbvk9z2h8twuih,1.15%,47.52,/,125.5GiB,37.87%,36.9TB,/,36.8TB,848GB,/,227GB,713
2022-09-30 11:10:35,c816071a941c,hadoop-slave6.1.jyquyq8eoldtbvk9z2h8twuih,1.57%,47.52,/,125.5GiB,37.87%,36.9TB,/,36.8TB,848GB,/,227GB,713
2022-9-30 11:10:36,c816071a941c,hadoop-slave6.1.jyquyq8eoldtbvk9z2h8twuih,1.99%,47.52,/,125.5GiB,37.87%,36.9TB,/,36.8TB,848GB,/,227GB,707
2022-09-30 11:10:37,c816071a941c,hadoop-slave6.1.jyquyq8eoldtbvk9z2h8twuih,1.62%,47.52,/,125.5GiB,37.87%,36.9TB,/,36.8TB,848GB,/,227GB,707
2022-9-30 11:10:38,c816071a941c,hadoop-slave6.1.jyquyq8eoldtbvk9z2h8twuih,1.25%,47.52,/,125.5GiB,37.87%,36.9TB,/,36.8TB,848GB,/,227GB,704
2022-09-30 11:10:39,c816071a941c,hadoop-slave6.1.jyquyq8eoldtbvk9z2h8twuih,1.16%,47.52,/,125.5GiB,37.87%,36.9TB,/,36.8TB,848GB,/,227GB,704
2022-9-30 11:10:40,c816071a941c,hadoop-slave6.1.jyquyq8eoldtbvk9z2h8twuih,1.06%,47.52,/,125.5GiB,37.87%,36.9TB,/,36.8TB,848GB,/,227GB,704
2022-09-30 11:10:41,c816071a941c,hadoop-slave6.1.jyquyq8eoldtbvk9z2h8twuih,0.96%,47.52,/,125.5GiB,37.87%,36.9TB,/,36.8TB,848GB,/,227GB,704
2022-9-30 11:10:42,c816071a941c,hadoop-slave6.1.jyquyq8eoldtbvk9z2h8twuih,0.86%,47.52,/,125.5GiB,37.87%,36.9TB,/,36.8TB,848GB,/,227GB,704
2022-09-30 11:10:43,c816071a941c,hadoop-slave6.1.jyquyq8eoldtbvk9z2h8twuih,0.96%,47.52,/,125.5GiB,37.87%,36.9TB,/,36.8TB,848GB,/,227GB,704
2022-9-30 11:10:44,c816071a941c,hadoop-slave6.1.jyquyq8eoldtbvk9z2h8twuih,1.06%,47.52,/,125.5GiB,37.87%,36.9TB,/,36.8TB,848GB,/,227GB,705
2022-09-30 11:10:45,c816071a941c,hadoop-slave6.1.jyquyq8eoldtbvk9z2h8twuih,1.34%,47.52,/,125.5GiB,37.87%,36.9TB,/,36.8TB,848GB,/,227GB,705
2022-9-30 11:10:46,c816071a941c,hadoop-slave6.1.jyquyq8eoldtbvk9z2h8twuih,1.62%,47.52,/,125.5GiB,37.87%,36.9TB,/,36.8TB,848GB,/,227GB,704
2022-09-30 11:10:47,c816071a941c,hadoop-slave6.1.jyquyq8eoldtbvk9z2h8twuih,1.6%,47.52,/,125.5GiB,37.87%,36.9TB,/,36.8TB,848GB,/,227GB,704
2022-9-30 11:10:48,c816071a941c,hadoop-slave6.1.jyquyq8eoldtbvk9z2h8twuih,1.57%,47.52,/,125.5GiB,37.87%,36.9TB,/,36.8TB,848GB,/,227GB,694
2022-09-30 11:10:49,c816071a941c,hadoop-slave6.1.jyquyq8eoldtbvk9z2h8twuih,1.56%,47.52,/,125.5GiB,37.86%,36.9TB,/,36.8TB,848GB,/,227GB,694
2022-9-30 11:10:50,c816071a941c,hadoop-slave6.1.jyquyq8eoldtbvk9z2h8twuih,1.54%,47.52,/,125.5GiB,37.86%,36.9TB,/,36.8TB,848GB,/,227GB,662
2022-09-30 11:10:51,c816071a941c,hadoop-slave6.1.jyquyq8eoldtbvk9z2h8twuih,1.48%,47.52,/,125.5GiB,37.86%,36.9TB,/,36.8TB,848GB,/,227GB,662
2022-09-30 11:10:52,c816071a941c,hadoop-slave6.1.jyquyq8eoldtbvk9z2h8twuih,1.48%,47.52,/,125.5GiB,37.86%,36.9TB,/,36.8TB,848GB,/,227GB,662
2022-9-30 11:10:53,c816071a941c,hadoop-slave6.1.jyquyq8eoldtbvk9z2h8twuih,1.43%,47.52,/,125.5GiB,37.86%,36.9TB,/,36.8TB,848GB,/,227GB,662
2022-09-30 11:10:54,c816071a941c,hadoop-slave6.1.jyquyq8eoldtbvk9z2h8twuih,1.17%,47.52,/,125.5GiB,37.86%,36.9TB,/,36.8TB,848GB,/,227GB,662
2022-9-30 11:10:55,c816071a941c,hadoop-slave6.1.jyquyq8eoldtbvk9z2h8twuih,0.90%,47.52,/,125.5GiB,37.86%,36.9TB,/,36.8TB,848GB,/,227GB,663
2022-09-30 11:10:56,c816071a941c,hadoop-slave6.1.jyquyq8eoldtbvk9z2h8twuih,1.22%,47.52,/,125.5GiB,37.86%,36.9TB,/,36.8TB,848GB,/,227GB,663
2022-9-30 11:10:57,c816071a941c,hadoop-slave6.1.jyquyq8eoldtbvk9z2h8twuih,1.54%,47.52,/,125.5GiB,37.86%,36.9TB,/,36.8TB,848GB,/,227GB,663
2022-09-30 11:10:58,c816071a941c,hadoop-slave6.1.jyquyq8eoldtbvk9z2h8twuih,1.84%,47.52,/,125.5GiB,37.86%,36.9TB,/,36.8TB,848GB,/,227GB,663
2022-9-30 11:10:59,c816071a941c,hadoop-slave6.1.jyquyq8eoldtbvk9z2h8twuih,2.14%,47.52,/,125.5GiB,37.86%,36.9TB,/,36.8TB,848GB,/,227GB,662
2022-09-30 11:11:00,c816071a941c,hadoop-slave6.1.jyquyq8eoldtbvk9z2h8twuih,1.57%,47.52,/,125.5GiB,37.86%,36.9TB,/,36.8TB,848GB,/,227GB,662
2022-9-30 11:11:01,c816071a941c,hadoop-slave6.1.jyquyq8eoldtbvk9z2h8twuih,1.00%,47.52,/,125.5GiB,37.86%,36.9TB,/,36.8TB,848GB,/,227GB,662
2022-09-30 11:11:02,c816071a941c,hadoop-slave6.1.jyquyq8eoldtbvk9z2h8twuih,1.14%,47.52,/,125.5GiB,37.86%,36.9TB,/,36.8TB,848GB,/,227GB,662
2022-9-30 11:11:03,c816071a941c,hadoop-slave6.1.jyquyq8eoldtbvk9z2h8twuih,1.28%,47.52,/,125.5GiB,37.86%,36.9TB,/,36.8TB,848GB,/,227GB,663
2022-09-30 11:11:04,c816071a941c,hadoop-slave6.1.jyquyq8eoldtbvk9z2h8twuih,1.42%,47.52,/,125.5GiB,37.86%,36.9TB,/,36.8TB,848GB,/,227GB,663
2022-9-30 11:11:05,c816071a941c,hadoop-slave6.1.jyquyq8eoldtbvk9z2h8twuih,1.56%,47.52,/,125.5GiB,37.86%,36.9TB,/,36.8TB,848GB,/,227GB,663
2022-09-30 11:11:06,c816071a941c,hadoop-slave6.1.jyquyq8eoldtbvk9z2h8twuih,1.35%,47.52,/,125.5GiB,37.86%,36.9TB,/,36.8TB,848GB,/,227GB,663
2022-9-30 11:11:07,c816071a941c,hadoop-slave6.1.jyquyq8eoldtbvk9z2h8twuih,1.15%,47.52,/,125.5GiB,37.86%,36.9TB,/,36.8TB,848GB,/,227GB,662
2022-09-30 11:11:08,c816071a941c,hadoop-slave6.1.jyquyq8eoldtbvk9z2h8twuih,1.48%,47.52,/,125.5GiB,37.86%,36.9TB,/,36.8TB,848GB,/,227GB,662
2022-9-30 11:11:09,c816071a941c,hadoop-slave6.1.jyquyq8eoldtbvk9z2h8twuih,1.81%,47.52,/,125.5GiB,37.86%,36.9TB,/,36.8TB,848GB,/,227GB,662
2022-09-30 11:11:10,c816071a941c,hadoop-slave6.1.jyquyq8eoldtbvk9z2h8twuih,1.56%,47.52,/,125.5GiB,37.86%,36.9TB,/,36.8TB,848GB,/,227GB,662
2022-9-30 11:11:11,c816071a941c,hadoop-slave6.1.jyquyq8eoldtbvk9z2h8twuih,1.31%,47.52,/,125.5GiB,37.86%,36.9TB,/,36.8TB,848GB,/,227GB,662
2022-09-30 11:11:12,c816071a941c,hadoop-slave6.1.jyquyq8eoldtbvk9z2h8twuih,1.46%,47.52,/,125.5GiB,37.86%,36.9TB,/,36.8TB,848GB,/,227GB,662
2022-9-30 11:11:13,c816071a941c,hadoop-slave6.1.jyquyq8eoldtbvk9z2h8twuih,1.61%,47.52,/,125.5GiB,37.86%,36.9TB,/,36.8TB,848GB,/,227GB,663
2022-09-30 11:11:14,c816071a941c,hadoop-slave6.1.jyquyq8eoldtbvk9z2h8twuih,1.24%,47.52,/,125.5GiB,37.86%,36.9TB,/,36.8TB,848GB,/,227GB,663
2022-9-30 11:11:15,c816071a941c,hadoop-slave6.1.jyquyq8eoldtbvk9z2h8twuih,0.87%,47.52,/,125.5GiB,37.86%,36.9TB,/,36.8TB,848GB,/,227GB,663
2022-09-30 11:11:16,c816071a941c,hadoop-slave6.1.jyquyq8eoldtbvk9z2h8twuih,1.07%,47.52,/,125.5GiB,37.86%,36.9TB,/,36.8TB,848GB,/,227GB,663
2022-9-30 11:11:17,c816071a941c,hadoop-slave6.1.jyquyq8eoldtbvk9z2h8twuih,1.27%,47.52,/,125.5GiB,37.86%,36.9TB,/,36.8TB,848GB,/,227GB,662
2022-09-30 11:11:18,c816071a941c,hadoop-slave6.1.jyquyq8eoldtbvk9z2h8twuih,1.38%,47.52,/,125.5GiB,37.86%,36.9TB,/,36.8TB,848GB,/,227GB,662
2022-9-30 11:11:19,c816071a941c,hadoop-slave6.1.jyquyq8eoldtbvk9z2h8twuih,1.49%,47.52,/,125.5GiB,37.86%,36.9TB,/,36.8TB,848GB,/,227GB,662
2022-09-30 11:11:20,c816071a941c,hadoop-slave6.1.jyquyq8eoldtbvk9z2h8twuih,1.54%,47.52,/,125.5GiB,37.86%,36.9TB,/,36.8TB,848GB,/,227GB,662
2022-9-30 11:11:21,c816071a941c,hadoop-slave6.1.jyquyq8eoldtbvk9z2h8twuih,1.59%,47.52,/,125.5GiB,37.86%,36.9TB,/,36.8TB,848GB,/,227GB,662
2022-09-30 11:11:22,c816071a941c,hadoop-slave6.1.jyquyq8eoldtbvk9z2h8twuih,1.42%,47.52,/,125.5GiB,37.86%,36.9TB,/,36.8TB,848GB,/,227GB,662
2022-9-30 11:11:23,c816071a941c,hadoop-slave6.1.jyquyq8eoldtbvk9z2h8twuih,1.24%,47.52,/,125.5GiB,37.86%,36.9TB,/,36.8TB,848GB,/,227GB,663
2022-09-30 11:11:24,c816071a941c,hadoop-slave6.1.jyquyq8eoldtbvk9z2h8twuih,1.21%,47.52,/,125.5GiB,37.86%,36.9TB,/,36.8TB,848GB,/,227GB,663
2022-9-30 11:11:25,c816071a941c,hadoop-slave6.1.jyquyq8eoldtbvk9z2h8twuih,1.19%,47.52,/,125.5GiB,37.86%,36.9TB,/,36.8TB,848GB,/,227GB,663
2022-09-30 11:11:26,c816071a941c,hadoop-slave6.1.jyquyq8eoldtbvk9z2h8twuih,1.5%,47.52,/,125.5GiB,37.86%,36.9TB,/,36.8TB,848GB,/,227GB,663
2022-9-30 11:11:27,c816071a941c,hadoop-slave6.1.jyquyq8eoldtbvk9z2h8twuih,1.82%,47.52,/,125.5GiB,37.86%,36.9TB,/,36.8TB,848GB,/,227GB,662
2022-09-30 11:11:28,c816071a941c,hadoop-slave6.1.jyquyq8eoldtbvk9z2h8twuih,1.35%,47.52,/,125.5GiB,37.86%,36.9TB,/,36.8TB,848GB,/,227GB,662
2022-9-30 11:11:29,c816071a941c,hadoop-slave6.1.jyquyq8eoldtbvk9z2h8twuih,0.89%,47.52,/,125.5GiB,37.86%,36.9TB,/,36.8TB,848GB,/,227GB,662
2022-09-30 11:11:30,c816071a941c,hadoop-slave6.1.jyquyq8eoldtbvk9z2h8twuih,1.17%,47.52,/,125.5GiB,37.86%,36.9TB,/,36.8TB,848GB,/,227GB,662
2022-9-30 11:11:31,c816071a941c,hadoop-slave6.1.jyquyq8eoldtbvk9z2h8twuih,1.45%,47.52,/,125.5GiB,37.86%,36.9TB,/,36.8TB,848GB,/,227GB,662
2022-09-30 11:11:32,c816071a941c,hadoop-slave6.1.jyquyq8eoldtbvk9z2h8twuih,1.41%,47.52,/,125.5GiB,37.86%,36.9TB,/,36.8TB,848GB,/,227GB,662
2022-9-30 11:11:33,c816071a941c,hadoop-slave6.1.jyquyq8eoldtbvk9z2h8twuih,1.36%,47.52,/,125.5GiB,37.86%,36.9TB,/,36.8TB,848GB,/,227GB,663
2022-09-30 11:11:34,c816071a941c,hadoop-slave6.1.jyquyq8eoldtbvk9z2h8twuih,1.21%,47.52,/,125.5GiB,37.86%,36.9TB,/,36.8TB,848GB,/,227GB,663
2022-9-30 11:11:35,c816071a941c,hadoop-slave6.1.jyquyq8eoldtbvk9z2h8twuih,1.05%,47.52,/,125.5GiB,37.86%,36.9TB,/,36.8TB,848GB,/,227GB,663
2022-09-30 11:11:36,c816071a941c,hadoop-slave6.1.jyquyq8eoldtbvk9z2h8twuih,1.6%,47.52,/,125.5GiB,37.86%,36.9TB,/,36.8TB,848GB,/,227GB,663
2022-9-30 11:11:37,c816071a941c,hadoop-slave6.1.jyquyq8eoldtbvk9z2h8twuih,2.15%,47.52,/,125.5GiB,37.86%,36.9TB,/,36.8TB,848GB,/,227GB,662
2022-09-30 11:11:38,c816071a941c,hadoop-slave6.1.jyquyq8eoldtbvk9z2h8twuih,574.88%,47.52,/,125.5GiB,37.91%,36.9TB,/,36.8TB,848GB,/,227GB,662
2022-9-30 11:11:39,c816071a941c,hadoop-slave6.1.jyquyq8eoldtbvk9z2h8twuih,1147.62%,47.64,/,125.5GiB,37.96%,36.9TB,/,36.8TB,848GB,/,227GB,688
2022-09-30 11:11:40,c816071a941c,hadoop-slave6.1.jyquyq8eoldtbvk9z2h8twuih,659.38%,47.64,/,125.5GiB,38.24%,36.9TB,/,36.8TB,848GB,/,227GB,688
2022-9-30 11:11:41,c816071a941c,hadoop-slave6.1.jyquyq8eoldtbvk9z2h8twuih,171.13%,48.35,/,125.5GiB,38.52%,36.9TB,/,36.8TB,848GB,/,227GB,688
2022-09-30 11:11:42,c816071a941c,hadoop-slave6.1.jyquyq8eoldtbvk9z2h8twuih,187.69%,48.35,/,125.5GiB,38.53%,36.9TB,/,36.8TB,848GB,/,227GB,688
2022-9-30 11:11:43,c816071a941c,hadoop-slave6.1.jyquyq8eoldtbvk9z2h8twuih,204.25%,48.38,/,125.5GiB,38.55%,36.9TB,/,36.8TB,848GB,/,227GB,689
2022-09-30 11:11:44,c816071a941c,hadoop-slave6.1.jyquyq8eoldtbvk9z2h8twuih,216.31%,48.38,/,125.5GiB,38.57%,36.9TB,/,36.8TB,848GB,/,227GB,689
2022-9-30 11:11:45,c816071a941c,hadoop-slave6.1.jyquyq8eoldtbvk9z2h8twuih,228.36%,48.43,/,125.5GiB,38.59%,36.9TB,/,36.8TB,848GB,/,227GB,689
2022-09-30 11:11:46,c816071a941c,hadoop-slave6.1.jyquyq8eoldtbvk9z2h8twuih,748.95%,48.43,/,125.5GiB,38.88%,36.9TB,/,36.8TB,848GB,/,227GB,689
2022-9-30 11:11:47,c816071a941c,hadoop-slave6.1.jyquyq8eoldtbvk9z2h8twuih,1269.54%,49.15,/,125.5GiB,39.16%,36.9TB,/,36.8TB,848GB,/,227GB,688
2022-09-30 11:11:48,c816071a941c,hadoop-slave6.1.jyquyq8eoldtbvk9z2h8twuih,697.85%,49.15,/,125.5GiB,39.44%,36.9TB,/,36.8TB,848GB,/,227GB,688
2022-9-30 11:11:49,c816071a941c,hadoop-slave6.1.jyquyq8eoldtbvk9z2h8twuih,126.15%,49.86,/,125.5GiB,39.73%,36.9TB,/,36.8TB,848GB,/,227GB,688
2022-09-30 11:11:50,c816071a941c,hadoop-slave6.1.jyquyq8eoldtbvk9z2h8twuih,72.01%,49.86,/,125.5GiB,39.73%,36.9TB,/,36.8TB,848GB,/,227GB,688
2022-9-30 11:11:51,c816071a941c,hadoop-slave6.1.jyquyq8eoldtbvk9z2h8twuih,17.87%,49.88,/,125.5GiB,39.74%,36.9TB,/,36.8TB,848GB,/,227GB,688
2022-09-30 11:11:52,c816071a941c,hadoop-slave6.1.jyquyq8eoldtbvk9z2h8twuih,15.88%,49.88,/,125.5GiB,39.75%,36.9TB,/,36.8TB,848GB,/,227GB,688
2022-9-30 11:11:53,c816071a941c,hadoop-slave6.1.jyquyq8eoldtbvk9z2h8twuih,13.89%,49.88,/,125.5GiB,39.75%,36.9TB,/,36.8TB,848GB,/,227GB,689
2022-09-30 11:11:54,c816071a941c,hadoop-slave6.1.jyquyq8eoldtbvk9z2h8twuih,23.12%,49.88,/,125.5GiB,39.77%,36.9TB,/,36.8TB,848GB,/,227GB,689
2022-9-30 11:11:55,c816071a941c,hadoop-slave6.1.jyquyq8eoldtbvk9z2h8twuih,32.34%,49.92,/,125.5GiB,39.78%,36.9TB,/,36.8TB,848GB,/,227GB,698
2022-09-30 11:11:56,c816071a941c,hadoop-slave6.1.jyquyq8eoldtbvk9z2h8twuih,47.08%,49.92,/,125.5GiB,39.81%,36.9TB,/,36.8TB,848GB,/,227GB,698
2022-9-30 11:11:57,c816071a941c,hadoop-slave6.1.jyquyq8eoldtbvk9z2h8twuih,61.81%,49.99,/,125.5GiB,39.84%,36.9TB,/,36.8TB,848GB,/,227GB,700
2022-09-30 11:11:58,c816071a941c,hadoop-slave6.1.jyquyq8eoldtbvk9z2h8twuih,78.72%,49.99,/,125.5GiB,39.84%,36.9TB,/,36.8TB,848GB,/,227GB,700
2022-9-30 11:11:59,c816071a941c,hadoop-slave6.1.jyquyq8eoldtbvk9z2h8twuih,95.63%,50.01,/,125.5GiB,39.85%,36.9TB,/,36.8TB,848GB,/,227GB,703
2022-09-30 11:12:00,c816071a941c,hadoop-slave6.1.jyquyq8eoldtbvk9z2h8twuih,465.5%,50.01,/,125.5GiB,40.16%,36.9TB,/,36.8TB,848GB,/,227GB,703
2022-9-30 11:12:01,c816071a941c,hadoop-slave6.1.jyquyq8eoldtbvk9z2h8twuih,835.36%,50.81,/,125.5GiB,40.48%,36.9TB,/,36.8TB,848GB,/,227GB,907
2022-09-30 11:12:02,c816071a941c,hadoop-slave6.1.jyquyq8eoldtbvk9z2h8twuih,461.61%,50.81,/,125.5GiB,40.62%,36.9TB,/,36.8TB,848GB,/,227GB,907
2022-9-30 11:12:03,c816071a941c,hadoop-slave6.1.jyquyq8eoldtbvk9z2h8twuih,87.86%,51.15,/,125.5GiB,40.76%,36.9TB,/,36.8TB,848GB,/,227GB,970
2022-09-30 11:12:04,c816071a941c,hadoop-slave6.1.jyquyq8eoldtbvk9z2h8twuih,47.44%,51.15,/,125.5GiB,40.73%,36.9TB,/,36.8TB,848GB,/,227GB,970
2022-9-30 11:12:05,c816071a941c,hadoop-slave6.1.jyquyq8eoldtbvk9z2h8twuih,7.02%,51.1,/,125.5GiB,40.71%,36.9TB,/,36.8TB,848GB,/,227GB,943
2022-09-30 11:12:06,c816071a941c,hadoop-slave6.1.jyquyq8eoldtbvk9z2h8twuih,60.6%,51.1,/,125.5GiB,40.71%,36.9TB,/,36.8TB,848GB,/,227GB,943
2022-9-30 11:12:07,c816071a941c,hadoop-slave6.1.jyquyq8eoldtbvk9z2h8twuih,114.18%,51.1,/,125.5GiB,40.71%,36.9TB,/,36.8TB,848GB,/,227GB,941
2022-09-30 11:12:08,c816071a941c,hadoop-slave6.1.jyquyq8eoldtbvk9z2h8twuih,1050.25%,51.1,/,125.5GiB,41.42%,36.9TB,/,36.8TB,848GB,/,227GB,941
2022-09-30 11:12:09,c816071a941c,hadoop-slave6.1.jyquyq8eoldtbvk9z2h8twuih,1050.25%,51.1,/,125.5GiB,41.42%,36.9TB,/,36.8TB,848GB,/,227GB,941
2022-9-30 11:12:10,c816071a941c,hadoop-slave6.1.jyquyq8eoldtbvk9z2h8twuih,1986.33%,52.87,/,125.5GiB,42.13%,36.9TB,/,36.8TB,848GB,/,227GB,1001
2022-09-30 11:12:11,c816071a941c,hadoop-slave6.1.jyquyq8eoldtbvk9z2h8twuih,2776.31%,52.87,/,125.5GiB,43.39%,36.9TB,/,36.8TB,848GB,/,227GB,1001
2022-9-30 11:12:12,c816071a941c,hadoop-slave6.1.jyquyq8eoldtbvk9z2h8twuih,3566.28%,56.03,/,125.5GiB,44.65%,36.9TB,/,36.8TB,848GB,/,227GB,1052
2022-09-30 11:12:13,c816071a941c,hadoop-slave6.1.jyquyq8eoldtbvk9z2h8twuih,3944.95%,56.03,/,125.5GiB,45.92%,36.9TB,/,36.8TB,848GB,/,227GB,1052
2022-9-30 11:12:14,c816071a941c,hadoop-slave6.1.jyquyq8eoldtbvk9z2h8twuih,4323.63%,59.23,/,125.5GiB,47.19%,36.9TB,/,36.8TB,848GB,/,227GB,1048
2022-09-30 11:12:15,c816071a941c,hadoop-slave6.1.jyquyq8eoldtbvk9z2h8twuih,4491.35%,59.23,/,125.5GiB,48.27%,36.9TB,/,36.8TB,848GB,/,227GB,1048
2022-9-30 11:12:16,c816071a941c,hadoop-slave6.1.jyquyq8eoldtbvk9z2h8twuih,4659.06%,61.94,/,125.5GiB,49.35%,36.9TB,/,36.8TB,848GB,/,227GB,1043
2022-09-30 11:12:17,c816071a941c,hadoop-slave6.1.jyquyq8eoldtbvk9z2h8twuih,4576.47%,61.94,/,125.5GiB,49.99%,36.9TB,/,36.8TB,848GB,/,227GB,1043
2022-9-30 11:12:18,c816071a941c,hadoop-slave6.1.jyquyq8eoldtbvk9z2h8twuih,4493.88%,63.54,/,125.5GiB,50.63%,36.9TB,/,36.8TB,848GB,/,227GB,1043
2022-09-30 11:12:19,c816071a941c,hadoop-slave6.1.jyquyq8eoldtbvk9z2h8twuih,4482.24%,63.54,/,125.5GiB,50.95%,36.9TB,/,36.8TB,848GB,/,227GB,1043
2022-9-30 11:12:20,c816071a941c,hadoop-slave6.1.jyquyq8eoldtbvk9z2h8twuih,4470.61%,64.34,/,125.5GiB,51.26%,36.9TB,/,36.8TB,848GB,/,227GB,1042
2022-09-30 11:12:21,c816071a941c,hadoop-slave6.1.jyquyq8eoldtbvk9z2h8twuih,4535.01%,64.34,/,125.5GiB,51.47%,36.9TB,/,36.8TB,848GB,/,227GB,1042
2022-9-30 11:12:22,c816071a941c,hadoop-slave6.1.jyquyq8eoldtbvk9z2h8twuih,4599.41%,64.85,/,125.5GiB,51.68%,36.9TB,/,36.8TB,848GB,/,227GB,1053
2022-09-30 11:12:23,c816071a941c,hadoop-slave6.1.jyquyq8eoldtbvk9z2h8twuih,4288.18%,64.85,/,125.5GiB,51.77%,36.9TB,/,36.8TB,848GB,/,227GB,1053
2022-9-30 11:12:24,c816071a941c,hadoop-slave6.1.jyquyq8eoldtbvk9z2h8twuih,3976.95%,65.07,/,125.5GiB,51.85%,36.9TB,/,36.8TB,848GB,/,227GB,1029
2022-09-30 11:12:25,c816071a941c,hadoop-slave6.1.jyquyq8eoldtbvk9z2h8twuih,3805.2%,65.07,/,125.5GiB,52.48%,36.9TB,/,36.8TB,848GB,/,227GB,1029
2022-9-30 11:12:26,c816071a941c,hadoop-slave6.1.jyquyq8eoldtbvk9z2h8twuih,3633.45%,66.65,/,125.5GiB,53.11%,36.9TB,/,36.8TB,848GB,/,227GB,1020
2022-09-30 11:12:27,c816071a941c,hadoop-slave6.1.jyquyq8eoldtbvk9z2h8twuih,2463.12%,66.65,/,125.5GiB,53.14%,36.9TB,/,36.8TB,848GB,/,227GB,1020
2022-9-30 11:12:28,c816071a941c,hadoop-slave6.1.jyquyq8eoldtbvk9z2h8twuih,1292.80%,66.73,/,125.5GiB,53.17%,36.9TB,/,36.8TB,848GB,/,227GB,1019
2022-09-30 11:12:29,c816071a941c,hadoop-slave6.1.jyquyq8eoldtbvk9z2h8twuih,867.16%,66.73,/,125.5GiB,53.17%,36.9TB,/,36.8TB,848GB,/,227GB,1019
2022-9-30 11:12:30,c816071a941c,hadoop-slave6.1.jyquyq8eoldtbvk9z2h8twuih,441.52%,66.74,/,125.5GiB,53.18%,36.9TB,/,36.8TB,848GB,/,227GB,1020
2022-09-30 11:12:31,c816071a941c,hadoop-slave6.1.jyquyq8eoldtbvk9z2h8twuih,941.12%,66.74,/,125.5GiB,52.98%,36.9TB,/,36.8TB,848GB,/,227GB,1020
2022-9-30 11:12:32,c816071a941c,hadoop-slave6.1.jyquyq8eoldtbvk9z2h8twuih,1440.72%,66.25,/,125.5GiB,52.79%,36.9TB,/,36.8TB,848GB,/,227GB,1055
2022-09-30 11:12:33,c816071a941c,hadoop-slave6.1.jyquyq8eoldtbvk9z2h8twuih,1217.41%,66.25,/,125.5GiB,43.82%,36.9TB,/,36.8TB,848GB,/,227GB,1055
2022-9-30 11:12:34,c816071a941c,hadoop-slave6.1.jyquyq8eoldtbvk9z2h8twuih,994.11%,43.74,/,125.5GiB,34.85%,36.9TB,/,36.8TB,848GB,/,227GB,669
2022-09-30 11:12:35,c816071a941c,hadoop-slave6.1.jyquyq8eoldtbvk9z2h8twuih,1178.8%,43.74,/,125.5GiB,29.09%,36.9TB,/,36.8TB,848GB,/,227GB,669
2022-9-30 11:12:36,c816071a941c,hadoop-slave6.1.jyquyq8eoldtbvk9z2h8twuih,1363.48%,29.28,/,125.5GiB,23.33%,36.9TB,/,36.8TB,848GB,/,227GB,774
2022-09-30 11:12:37,c816071a941c,hadoop-slave6.1.jyquyq8eoldtbvk9z2h8twuih,1274.64%,29.28,/,125.5GiB,23.66%,36.9TB,/,36.8TB,848GB,/,227GB,774
2022-9-30 11:12:38,c816071a941c,hadoop-slave6.1.jyquyq8eoldtbvk9z2h8twuih,1185.81%,30.11,/,125.5GiB,23.99%,36.9TB,/,36.8TB,848GB,/,227GB,816
2022-09-30 11:12:39,c816071a941c,hadoop-slave6.1.jyquyq8eoldtbvk9z2h8twuih,771.46%,30.11,/,125.5GiB,24.16%,36.9TB,/,36.8TB,848GB,/,227GB,816
2022-9-30 11:12:40,c816071a941c,hadoop-slave6.1.jyquyq8eoldtbvk9z2h8twuih,357.12%,30.52,/,125.5GiB,24.32%,36.9TB,/,36.8TB,848GB,/,227GB,830
2022-09-30 11:12:41,c816071a941c,hadoop-slave6.1.jyquyq8eoldtbvk9z2h8twuih,363.73%,30.52,/,125.5GiB,24.47%,36.9TB,/,36.8TB,848GB,/,227GB,830
2022-9-30 11:12:42,c816071a941c,hadoop-slave6.1.jyquyq8eoldtbvk9z2h8twuih,370.33%,30.9,/,125.5GiB,24.62%,36.9TB,/,36.8TB,848GB,/,227GB,811
2022-09-30 11:12:43,c816071a941c,hadoop-slave6.1.jyquyq8eoldtbvk9z2h8twuih,433.56%,30.9,/,125.5GiB,24.82%,36.9TB,/,36.8TB,848GB,/,227GB,811
2022-9-30 11:12:44,c816071a941c,hadoop-slave6.1.jyquyq8eoldtbvk9z2h8twuih,496.79%,31.4,/,125.5GiB,25.02%,36.9TB,/,36.8TB,848GB,/,227GB,811
2022-09-30 11:12:45,c816071a941c,hadoop-slave6.1.jyquyq8eoldtbvk9z2h8twuih,480.77%,31.4,/,125.5GiB,25.49%,36.9TB,/,36.8TB,848GB,/,227GB,811
2022-9-30 11:12:46,c816071a941c,hadoop-slave6.1.jyquyq8eoldtbvk9z2h8twuih,464.76%,32.59,/,125.5GiB,25.97%,36.9TB,/,36.8TB,848GB,/,227GB,810
2022-09-30 11:12:47,c816071a941c,hadoop-slave6.1.jyquyq8eoldtbvk9z2h8twuih,1284.68%,32.59,/,125.5GiB,26.52%,36.9TB,/,36.8TB,848GB,/,227GB,810
2022-9-30 11:12:48,c816071a941c,hadoop-slave6.1.jyquyq8eoldtbvk9z2h8twuih,2104.60%,33.98,/,125.5GiB,27.08%,36.9TB,/,36.8TB,848GB,/,227GB,810
2022-09-30 11:12:49,c816071a941c,hadoop-slave6.1.jyquyq8eoldtbvk9z2h8twuih,2132.05%,33.98,/,125.5GiB,27.45%,36.9TB,/,36.8TB,848GB,/,227GB,810
2022-9-30 11:12:50,c816071a941c,hadoop-slave6.1.jyquyq8eoldtbvk9z2h8twuih,2159.50%,34.93,/,125.5GiB,27.83%,36.9TB,/,36.8TB,848GB,/,227GB,810
2022-09-30 11:12:51,c816071a941c,hadoop-slave6.1.jyquyq8eoldtbvk9z2h8twuih,2399.45%,34.93,/,125.5GiB,27.87%,36.9TB,/,36.8TB,848GB,/,227GB,810
2022-9-30 11:12:52,c816071a941c,hadoop-slave6.1.jyquyq8eoldtbvk9z2h8twuih,2639.41%,35.03,/,125.5GiB,27.91%,36.9TB,/,36.8TB,848GB,/,227GB,810
2022-09-30 11:12:53,c816071a941c,hadoop-slave6.1.jyquyq8eoldtbvk9z2h8twuih,2554.12%,35.03,/,125.5GiB,27.84%,36.9TB,/,36.8TB,848GB,/,227GB,810
2022-9-30 11:12:54,c816071a941c,hadoop-slave6.1.jyquyq8eoldtbvk9z2h8twuih,2468.84%,34.86,/,125.5GiB,27.78%,36.9TB,/,36.8TB,848GB,/,227GB,810
2022-09-30 11:12:55,c816071a941c,hadoop-slave6.1.jyquyq8eoldtbvk9z2h8twuih,2056.02%,34.86,/,125.5GiB,27.66%,36.9TB,/,36.8TB,848GB,/,227GB,810
2022-9-30 11:12:56,c816071a941c,hadoop-slave6.1.jyquyq8eoldtbvk9z2h8twuih,1643.20%,34.55,/,125.5GiB,27.53%,36.9TB,/,36.8TB,848GB,/,227GB,811
2022-09-30 11:12:57,c816071a941c,hadoop-slave6.1.jyquyq8eoldtbvk9z2h8twuih,1225.58%,34.55,/,125.5GiB,27.43%,36.9TB,/,36.8TB,848GB,/,227GB,811
2022-9-30 11:12:58,c816071a941c,hadoop-slave6.1.jyquyq8eoldtbvk9z2h8twuih,807.96%,34.3,/,125.5GiB,27.33%,36.9TB,/,36.8TB,848GB,/,227GB,811
2022-09-30 11:12:59,c816071a941c,hadoop-slave6.1.jyquyq8eoldtbvk9z2h8twuih,458.67%,34.3,/,125.5GiB,27.31%,36.9TB,/,36.8TB,848GB,/,227GB,811
2022-9-30 11:13:00,c816071a941c,hadoop-slave6.1.jyquyq8eoldtbvk9z2h8twuih,109.37%,34.26,/,125.5GiB,27.30%,36.9TB,/,36.8TB,848GB,/,227GB,811
2022-09-30 11:13:01,c816071a941c,hadoop-slave6.1.jyquyq8eoldtbvk9z2h8twuih,70.38%,34.26,/,125.5GiB,27.3%,36.9TB,/,36.8TB,848GB,/,227GB,811
2022-9-30 11:13:02,c816071a941c,hadoop-slave6.1.jyquyq8eoldtbvk9z2h8twuih,31.39%,34.27,/,125.5GiB,27.31%,36.9TB,/,36.8TB,848GB,/,227GB,823
2022-09-30 11:13:03,c816071a941c,hadoop-slave6.1.jyquyq8eoldtbvk9z2h8twuih,262.01%,34.27,/,125.5GiB,27.43%,36.9TB,/,36.8TB,848GB,/,227GB,823
2022-9-30 11:13:04,c816071a941c,hadoop-slave6.1.jyquyq8eoldtbvk9z2h8twuih,492.64%,34.58,/,125.5GiB,27.56%,36.9TB,/,36.8TB,848GB,/,227GB,837
2022-09-30 11:13:05,c816071a941c,hadoop-slave6.1.jyquyq8eoldtbvk9z2h8twuih,321.25%,34.58,/,125.5GiB,19.13%,36.9TB,/,36.8TB,848GB,/,227GB,837
2022-9-30 11:13:06,c816071a941c,hadoop-slave6.1.jyquyq8eoldtbvk9z2h8twuih,149.86%,13.44,/,125.5GiB,10.71%,36.9TB,/,36.8TB,848GB,/,227GB,319
2022-09-30 11:13:07,c816071a941c,hadoop-slave6.1.jyquyq8eoldtbvk9z2h8twuih,75.26%,13.44,/,125.5GiB,10.71%,36.9TB,/,36.8TB,848GB,/,227GB,319
2022-9-30 11:13:08,c816071a941c,hadoop-slave6.1.jyquyq8eoldtbvk9z2h8twuih,0.66%,13.44,/,125.5GiB,10.71%,36.9TB,/,36.8TB,848GB,/,227GB,321
2022-09-30 11:13:09,c816071a941c,hadoop-slave6.1.jyquyq8eoldtbvk9z2h8twuih,0.6%,13.44,/,125.5GiB,10.71%,36.9TB,/,36.8TB,848GB,/,227GB,321
2022-9-30 11:13:10,c816071a941c,hadoop-slave6.1.jyquyq8eoldtbvk9z2h8twuih,0.55%,13.44,/,125.5GiB,10.71%,36.9TB,/,36.8TB,848GB,/,227GB,321
2022-09-30 11:13:11,c816071a941c,hadoop-slave6.1.jyquyq8eoldtbvk9z2h8twuih,0.55%,13.44,/,125.5GiB,10.71%,36.9TB,/,36.8TB,848GB,/,227GB,321
2022-9-30 11:13:12,c816071a941c,hadoop-slave6.1.jyquyq8eoldtbvk9z2h8twuih,0.55%,13.44,/,125.5GiB,10.71%,36.9TB,/,36.8TB,848GB,/,227GB,321
2022-09-30 11:13:13,c816071a941c,hadoop-slave6.1.jyquyq8eoldtbvk9z2h8twuih,1.75%,13.44,/,125.5GiB,10.67%,36.9TB,/,36.8TB,848GB,/,227GB,321
2022-9-30 11:13:14,c816071a941c,hadoop-slave6.1.jyquyq8eoldtbvk9z2h8twuih,2.95%,13.35,/,125.5GiB,10.63%,36.9TB,/,36.8TB,848GB,/,227GB,321
2022-09-30 11:13:15,c816071a941c,hadoop-slave6.1.jyquyq8eoldtbvk9z2h8twuih,1.78%,13.35,/,125.5GiB,10.63%,36.9TB,/,36.8TB,848GB,/,227GB,321
2022-9-30 11:13:16,c816071a941c,hadoop-slave6.1.jyquyq8eoldtbvk9z2h8twuih,0.61%,13.35,/,125.5GiB,10.63%,36.9TB,/,36.8TB,848GB,/,227GB,321
2022-09-30 11:13:17,c816071a941c,hadoop-slave6.1.jyquyq8eoldtbvk9z2h8twuih,0.62%,13.35,/,125.5GiB,10.63%,36.9TB,/,36.8TB,848GB,/,227GB,321
2022-9-30 11:13:18,c816071a941c,hadoop-slave6.1.jyquyq8eoldtbvk9z2h8twuih,0.63%,13.35,/,125.5GiB,10.63%,36.9TB,/,36.8TB,848GB,/,227GB,320
2022-09-30 11:13:19,c816071a941c,hadoop-slave6.1.jyquyq8eoldtbvk9z2h8twuih,0.62%,13.35,/,125.5GiB,10.63%,36.9TB,/,36.8TB,848GB,/,227GB,320
2022-09-30 11:13:20,c816071a941c,hadoop-slave6.1.jyquyq8eoldtbvk9z2h8twuih,0.62%,13.35,/,125.5GiB,10.63%,36.9TB,/,36.8TB,848GB,/,227GB,320
2022-9-30 11:13:21,c816071a941c,hadoop-slave6.1.jyquyq8eoldtbvk9z2h8twuih,0.61%,13.35,/,125.5GiB,10.63%,36.9TB,/,36.8TB,848GB,/,227GB,320
2022-09-30 11:13:22,c816071a941c,hadoop-slave6.1.jyquyq8eoldtbvk9z2h8twuih,0.58%,13.35,/,125.5GiB,10.63%,36.9TB,/,36.8TB,848GB,/,227GB,320
2022-9-30 11:13:23,c816071a941c,hadoop-slave6.1.jyquyq8eoldtbvk9z2h8twuih,0.56%,13.35,/,125.5GiB,10.63%,36.9TB,/,36.8TB,848GB,/,227GB,320
2022-09-30 11:13:24,c816071a941c,hadoop-slave6.1.jyquyq8eoldtbvk9z2h8twuih,0.57%,13.35,/,125.5GiB,10.63%,36.9TB,/,36.8TB,848GB,/,227GB,320
2022-9-30 11:13:25,c816071a941c,hadoop-slave6.1.jyquyq8eoldtbvk9z2h8twuih,0.59%,13.35,/,125.5GiB,10.63%,36.9TB,/,36.8TB,848GB,/,227GB,320
2022-09-30 11:13:26,c816071a941c,hadoop-slave6.1.jyquyq8eoldtbvk9z2h8twuih,0.64%,13.35,/,125.5GiB,10.63%,36.9TB,/,36.8TB,848GB,/,227GB,320
2022-9-30 11:13:27,c816071a941c,hadoop-slave6.1.jyquyq8eoldtbvk9z2h8twuih,0.68%,13.35,/,125.5GiB,10.63%,36.9TB,/,36.8TB,848GB,/,227GB,320
2022-09-30 11:13:28,c816071a941c,hadoop-slave6.1.jyquyq8eoldtbvk9z2h8twuih,0.64%,13.35,/,125.5GiB,10.63%,36.9TB,/,36.8TB,848GB,/,227GB,320
2022-9-30 11:13:29,c816071a941c,hadoop-slave6.1.jyquyq8eoldtbvk9z2h8twuih,0.60%,13.35,/,125.5GiB,10.63%,36.9TB,/,36.8TB,848GB,/,227GB,320
2022-09-30 11:13:30,c816071a941c,hadoop-slave6.1.jyquyq8eoldtbvk9z2h8twuih,0.58%,13.35,/,125.5GiB,10.63%,36.9TB,/,36.8TB,848GB,/,227GB,320
2022-9-30 11:13:31,c816071a941c,hadoop-slave6.1.jyquyq8eoldtbvk9z2h8twuih,0.56%,13.35,/,125.5GiB,10.63%,36.9TB,/,36.8TB,848GB,/,227GB,320
2022-09-30 11:13:32,c816071a941c,hadoop-slave6.1.jyquyq8eoldtbvk9z2h8twuih,0.59%,13.35,/,125.5GiB,10.63%,36.9TB,/,36.8TB,848GB,/,227GB,320
2022-9-30 11:13:33,c816071a941c,hadoop-slave6.1.jyquyq8eoldtbvk9z2h8twuih,0.63%,13.35,/,125.5GiB,10.63%,36.9TB,/,36.8TB,848GB,/,227GB,320
2022-09-30 11:13:34,c816071a941c,hadoop-slave6.1.jyquyq8eoldtbvk9z2h8twuih,0.81%,13.35,/,125.5GiB,10.63%,36.9TB,/,36.8TB,848GB,/,227GB,320
2022-9-30 11:13:35,c816071a941c,hadoop-slave6.1.jyquyq8eoldtbvk9z2h8twuih,0.99%,13.34,/,125.5GiB,10.63%,36.9TB,/,36.8TB,848GB,/,227GB,315
2022-09-30 11:13:36,c816071a941c,hadoop-slave6.1.jyquyq8eoldtbvk9z2h8twuih,0.8%,13.34,/,125.5GiB,10.63%,36.9TB,/,36.8TB,848GB,/,227GB,315
2022-9-30 11:13:37,c816071a941c,hadoop-slave6.1.jyquyq8eoldtbvk9z2h8twuih,0.62%,13.34,/,125.5GiB,10.63%,36.9TB,/,36.8TB,848GB,/,227GB,314
2022-09-30 11:13:38,c816071a941c,hadoop-slave6.1.jyquyq8eoldtbvk9z2h8twuih,0.64%,13.34,/,125.5GiB,10.63%,36.9TB,/,36.8TB,848GB,/,227GB,314
2022-9-30 11:13:39,c816071a941c,hadoop-slave6.1.jyquyq8eoldtbvk9z2h8twuih,0.66%,13.34,/,125.5GiB,10.63%,36.9TB,/,36.8TB,848GB,/,227GB,314
2022-09-30 11:13:40,c816071a941c,hadoop-slave6.1.jyquyq8eoldtbvk9z2h8twuih,0.61%,13.34,/,125.5GiB,10.63%,36.9TB,/,36.8TB,848GB,/,227GB,314
2022-9-30 11:13:41,c816071a941c,hadoop-slave6.1.jyquyq8eoldtbvk9z2h8twuih,0.56%,13.34,/,125.5GiB,10.63%,36.9TB,/,36.8TB,848GB,/,227GB,314
2022-09-30 11:13:42,c816071a941c,hadoop-slave6.1.jyquyq8eoldtbvk9z2h8twuih,0.55%,13.34,/,125.5GiB,10.63%,36.9TB,/,36.8TB,848GB,/,227GB,314
2022-9-30 11:13:43,c816071a941c,hadoop-slave6.1.jyquyq8eoldtbvk9z2h8twuih,0.54%,13.34,/,125.5GiB,10.63%,36.9TB,/,36.8TB,848GB,/,227GB,314
2022-09-30 11:13:44,c816071a941c,hadoop-slave6.1.jyquyq8eoldtbvk9z2h8twuih,0.57%,13.34,/,125.5GiB,10.63%,36.9TB,/,36.8TB,848GB,/,227GB,314
2022-9-30 11:13:45,c816071a941c,hadoop-slave6.1.jyquyq8eoldtbvk9z2h8twuih,0.61%,13.34,/,125.5GiB,10.63%,36.9TB,/,36.8TB,848GB,/,227GB,314
2022-09-30 11:13:46,c816071a941c,hadoop-slave6.1.jyquyq8eoldtbvk9z2h8twuih,0.59%,13.34,/,125.5GiB,10.63%,36.9TB,/,36.8TB,848GB,/,227GB,314
2022-9-30 11:13:47,c816071a941c,hadoop-slave6.1.jyquyq8eoldtbvk9z2h8twuih,0.57%,13.34,/,125.5GiB,10.63%,36.9TB,/,36.8TB,848GB,/,227GB,314
2022-09-30 11:13:48,c816071a941c,hadoop-slave6.1.jyquyq8eoldtbvk9z2h8twuih,0.59%,13.34,/,125.5GiB,10.63%,36.9TB,/,36.8TB,848GB,/,227GB,314
2022-9-30 11:13:49,c816071a941c,hadoop-slave6.1.jyquyq8eoldtbvk9z2h8twuih,0.62%,13.34,/,125.5GiB,10.63%,36.9TB,/,36.8TB,848GB,/,227GB,314
2022-09-30 11:13:50,c816071a941c,hadoop-slave6.1.jyquyq8eoldtbvk9z2h8twuih,0.61%,13.34,/,125.5GiB,10.63%,36.9TB,/,36.8TB,848GB,/,227GB,314
2022-9-30 11:13:51,c816071a941c,hadoop-slave6.1.jyquyq8eoldtbvk9z2h8twuih,0.60%,13.34,/,125.5GiB,10.63%,36.9TB,/,36.8TB,848GB,/,227GB,314
2022-09-30 11:13:52,c816071a941c,hadoop-slave6.1.jyquyq8eoldtbvk9z2h8twuih,0.65%,13.34,/,125.5GiB,10.63%,36.9TB,/,36.8TB,848GB,/,227GB,314
2022-9-30 11:13:53,c816071a941c,hadoop-slave6.1.jyquyq8eoldtbvk9z2h8twuih,0.69%,13.34,/,125.5GiB,10.63%,36.9TB,/,36.8TB,848GB,/,227GB,314
2022-09-30 11:13:54,c816071a941c,hadoop-slave6.1.jyquyq8eoldtbvk9z2h8twuih,0.61%,13.34,/,125.5GiB,10.63%,36.9TB,/,36.8TB,848GB,/,227GB,314
2022-9-30 11:13:55,c816071a941c,hadoop-slave6.1.jyquyq8eoldtbvk9z2h8twuih,0.54%,13.34,/,125.5GiB,10.63%,36.9TB,/,36.8TB,848GB,/,227GB,314
2022-09-30 11:13:56,c816071a941c,hadoop-slave6.1.jyquyq8eoldtbvk9z2h8twuih,0.54%,13.34,/,125.5GiB,10.63%,36.9TB,/,36.8TB,848GB,/,227GB,314
2022-9-30 11:13:57,c816071a941c,hadoop-slave6.1.jyquyq8eoldtbvk9z2h8twuih,0.54%,13.34,/,125.5GiB,10.63%,36.9TB,/,36.8TB,848GB,/,227GB,314
2022-09-30 11:13:58,c816071a941c,hadoop-slave6.1.jyquyq8eoldtbvk9z2h8twuih,0.58%,13.34,/,125.5GiB,10.63%,36.9TB,/,36.8TB,848GB,/,227GB,314
2022-9-30 11:13:59,c816071a941c,hadoop-slave6.1.jyquyq8eoldtbvk9z2h8twuih,0.62%,13.34,/,125.5GiB,10.63%,36.9TB,/,36.8TB,848GB,/,227GB,314
2022-09-30 11:14:00,c816071a941c,hadoop-slave6.1.jyquyq8eoldtbvk9z2h8twuih,0.6%,13.34,/,125.5GiB,10.63%,36.9TB,/,36.8TB,848GB,/,227GB,314
2022-9-30 11:14:01,c816071a941c,hadoop-slave6.1.jyquyq8eoldtbvk9z2h8twuih,0.58%,13.34,/,125.5GiB,10.63%,36.9TB,/,36.8TB,848GB,/,227GB,314
2022-09-30 11:14:02,c816071a941c,hadoop-slave6.1.jyquyq8eoldtbvk9z2h8twuih,0.59%,13.34,/,125.5GiB,10.63%,36.9TB,/,36.8TB,848GB,/,227GB,314
2022-9-30 11:14:03,c816071a941c,hadoop-slave6.1.jyquyq8eoldtbvk9z2h8twuih,0.61%,13.34,/,125.5GiB,10.63%,36.9TB,/,36.8TB,848GB,/,227GB,314
2022-09-30 11:14:04,c816071a941c,hadoop-slave6.1.jyquyq8eoldtbvk9z2h8twuih,0.74%,13.34,/,125.5GiB,10.63%,36.9TB,/,36.8TB,848GB,/,227GB,314
2022-9-30 11:14:05,c816071a941c,hadoop-slave6.1.jyquyq8eoldtbvk9z2h8twuih,0.87%,13.34,/,125.5GiB,10.63%,36.9TB,/,36.8TB,848GB,/,227GB,312
2022-09-30 11:14:06,c816071a941c,hadoop-slave6.1.jyquyq8eoldtbvk9z2h8twuih,0.72%,13.34,/,125.5GiB,10.63%,36.9TB,/,36.8TB,848GB,/,227GB,312
2022-9-30 11:14:07,c816071a941c,hadoop-slave6.1.jyquyq8eoldtbvk9z2h8twuih,0.57%,13.34,/,125.5GiB,10.63%,36.9TB,/,36.8TB,848GB,/,227GB,304
2022-09-30 11:14:08,c816071a941c,hadoop-slave6.1.jyquyq8eoldtbvk9z2h8twuih,0.58%,13.34,/,125.5GiB,10.63%,36.9TB,/,36.8TB,848GB,/,227GB,304
2022-9-30 11:14:09,c816071a941c,hadoop-slave6.1.jyquyq8eoldtbvk9z2h8twuih,0.59%,13.34,/,125.5GiB,10.63%,36.9TB,/,36.8TB,848GB,/,227GB,302
2022-09-30 11:14:10,c816071a941c,hadoop-slave6.1.jyquyq8eoldtbvk9z2h8twuih,0.62%,13.34,/,125.5GiB,10.63%,36.9TB,/,36.8TB,848GB,/,227GB,302
2022-9-30 11:14:11,c816071a941c,hadoop-slave6.1.jyquyq8eoldtbvk9z2h8twuih,0.65%,13.34,/,125.5GiB,10.63%,36.9TB,/,36.8TB,848GB,/,227GB,302
2022-09-30 11:14:12,c816071a941c,hadoop-slave6.1.jyquyq8eoldtbvk9z2h8twuih,0.63%,13.34,/,125.5GiB,10.63%,36.9TB,/,36.8TB,848GB,/,227GB,302
2022-9-30 11:14:13,c816071a941c,hadoop-slave6.1.jyquyq8eoldtbvk9z2h8twuih,0.61%,13.34,/,125.5GiB,10.63%,36.9TB,/,36.8TB,848GB,/,227GB,302
2022-09-30 11:14:14,c816071a941c,hadoop-slave6.1.jyquyq8eoldtbvk9z2h8twuih,0.59%,13.34,/,125.5GiB,10.63%,36.9TB,/,36.8TB,848GB,/,227GB,302
2022-9-30 11:14:15,c816071a941c,hadoop-slave6.1.jyquyq8eoldtbvk9z2h8twuih,0.57%,13.34,/,125.5GiB,10.63%,36.9TB,/,36.8TB,848GB,/,227GB,301
2022-09-30 11:14:16,c816071a941c,hadoop-slave6.1.jyquyq8eoldtbvk9z2h8twuih,0.6%,13.34,/,125.5GiB,10.63%,36.9TB,/,36.8TB,848GB,/,227GB,301
2022-9-30 11:14:17,c816071a941c,hadoop-slave6.1.jyquyq8eoldtbvk9z2h8twuih,0.63%,13.34,/,125.5GiB,10.63%,36.9TB,/,36.8TB,848GB,/,227GB,301
2022-09-30 11:14:18,c816071a941c,hadoop-slave6.1.jyquyq8eoldtbvk9z2h8twuih,0.61%,13.34,/,125.5GiB,10.63%,36.9TB,/,36.8TB,848GB,/,227GB,301
2022-9-30 11:14:19,c816071a941c,hadoop-slave6.1.jyquyq8eoldtbvk9z2h8twuih,0.59%,13.34,/,125.5GiB,10.63%,36.9TB,/,36.8TB,848GB,/,227GB,301
2022-09-30 11:14:20,c816071a941c,hadoop-slave6.1.jyquyq8eoldtbvk9z2h8twuih,0.59%,13.34,/,125.5GiB,10.63%,36.9TB,/,36.8TB,848GB,/,227GB,301
2022-9-30 11:14:21,c816071a941c,hadoop-slave6.1.jyquyq8eoldtbvk9z2h8twuih,0.59%,13.34,/,125.5GiB,10.63%,36.9TB,/,36.8TB,848GB,/,227GB,301
2022-09-30 11:14:22,c816071a941c,hadoop-slave6.1.jyquyq8eoldtbvk9z2h8twuih,0.62%,13.34,/,125.5GiB,10.63%,36.9TB,/,36.8TB,848GB,/,227GB,301
2022-9-30 11:14:23,c816071a941c,hadoop-slave6.1.jyquyq8eoldtbvk9z2h8twuih,0.65%,13.34,/,125.5GiB,10.63%,36.9TB,/,36.8TB,848GB,/,227GB,301
2022-09-30 11:14:24,c816071a941c,hadoop-slave6.1.jyquyq8eoldtbvk9z2h8twuih,0.61%,13.34,/,125.5GiB,10.63%,36.9TB,/,36.8TB,848GB,/,227GB,301
2022-9-30 11:14:25,c816071a941c,hadoop-slave6.1.jyquyq8eoldtbvk9z2h8twuih,0.57%,13.34,/,125.5GiB,10.63%,36.9TB,/,36.8TB,848GB,/,227GB,301
2022-09-30 11:14:26,c816071a941c,hadoop-slave6.1.jyquyq8eoldtbvk9z2h8twuih,0.57%,13.34,/,125.5GiB,10.63%,36.9TB,/,36.8TB,848GB,/,227GB,301
2022-9-30 11:14:27,c816071a941c,hadoop-slave6.1.jyquyq8eoldtbvk9z2h8twuih,0.57%,13.34,/,125.5GiB,10.63%,36.9TB,/,36.8TB,848GB,/,227GB,301
2022-09-30 11:14:28,c816071a941c,hadoop-slave6.1.jyquyq8eoldtbvk9z2h8twuih,0.6%,13.34,/,125.5GiB,10.63%,36.9TB,/,36.8TB,848GB,/,227GB,301
2022-9-30 11:14:29,c816071a941c,hadoop-slave6.1.jyquyq8eoldtbvk9z2h8twuih,0.63%,13.34,/,125.5GiB,10.63%,36.9TB,/,36.8TB,848GB,/,227GB,301
2022-09-30 11:14:30,c816071a941c,hadoop-slave6.1.jyquyq8eoldtbvk9z2h8twuih,0.61%,13.34,/,125.5GiB,10.63%,36.9TB,/,36.8TB,848GB,/,227GB,301
2022-9-30 11:14:31,c816071a941c,hadoop-slave6.1.jyquyq8eoldtbvk9z2h8twuih,0.59%,13.34,/,125.5GiB,10.63%,36.9TB,/,36.8TB,848GB,/,227GB,301
2022-09-30 11:14:32,c816071a941c,hadoop-slave6.1.jyquyq8eoldtbvk9z2h8twuih,0.59%,13.34,/,125.5GiB,10.63%,36.9TB,/,36.8TB,848GB,/,227GB,301
2022-9-30 11:14:33,c816071a941c,hadoop-slave6.1.jyquyq8eoldtbvk9z2h8twuih,0.59%,13.34,/,125.5GiB,10.63%,36.9TB,/,36.8TB,848GB,/,227GB,301
2022-09-30 11:14:34,c816071a941c,hadoop-slave6.1.jyquyq8eoldtbvk9z2h8twuih,0.61%,13.34,/,125.5GiB,10.63%,36.9TB,/,36.8TB,848GB,/,227GB,301
2022-9-30 11:14:35,c816071a941c,hadoop-slave6.1.jyquyq8eoldtbvk9z2h8twuih,0.63%,13.34,/,125.5GiB,10.63%,36.9TB,/,36.8TB,848GB,/,227GB,301
2022-09-30 11:14:36,c816071a941c,hadoop-slave6.1.jyquyq8eoldtbvk9z2h8twuih,0.59%,13.34,/,125.5GiB,10.63%,36.9TB,/,36.8TB,848GB,/,227GB,301
2022-9-30 11:14:37,c816071a941c,hadoop-slave6.1.jyquyq8eoldtbvk9z2h8twuih,0.55%,13.34,/,125.5GiB,10.63%,36.9TB,/,36.8TB,848GB,/,227GB,301
2022-09-30 11:14:38,c816071a941c,hadoop-slave6.1.jyquyq8eoldtbvk9z2h8twuih,0.56%,13.34,/,125.5GiB,10.63%,36.9TB,/,36.8TB,848GB,/,227GB,301
2022-9-30 11:14:39,c816071a941c,hadoop-slave6.1.jyquyq8eoldtbvk9z2h8twuih,0.57%,13.34,/,125.5GiB,10.63%,36.9TB,/,36.8TB,848GB,/,227GB,301
2022-09-30 11:14:40,c816071a941c,hadoop-slave6.1.jyquyq8eoldtbvk9z2h8twuih,0.6%,13.34,/,125.5GiB,10.63%,36.9TB,/,36.8TB,848GB,/,227GB,301
2022-09-30 11:14:41,c816071a941c,hadoop-slave6.1.jyquyq8eoldtbvk9z2h8twuih,0.6%,13.34,/,125.5GiB,10.63%,36.9TB,/,36.8TB,848GB,/,227GB,301
2022-9-30 11:14:42,c816071a941c,hadoop-slave6.1.jyquyq8eoldtbvk9z2h8twuih,0.64%,13.34,/,125.5GiB,10.63%,36.9TB,/,36.8TB,848GB,/,227GB,301
2022-09-30 11:14:43,c816071a941c,hadoop-slave6.1.jyquyq8eoldtbvk9z2h8twuih,0.61%,13.34,/,125.5GiB,10.63%,36.9TB,/,36.8TB,848GB,/,227GB,301
2022-9-30 11:14:44,c816071a941c,hadoop-slave6.1.jyquyq8eoldtbvk9z2h8twuih,0.58%,13.34,/,125.5GiB,10.63%,36.9TB,/,36.8TB,848GB,/,227GB,301
2022-09-30 11:14:45,c816071a941c,hadoop-slave6.1.jyquyq8eoldtbvk9z2h8twuih,0.57%,13.34,/,125.5GiB,10.63%,36.9TB,/,36.8TB,848GB,/,227GB,301
2022-9-30 11:14:46,c816071a941c,hadoop-slave6.1.jyquyq8eoldtbvk9z2h8twuih,0.56%,13.34,/,125.5GiB,10.63%,36.9TB,/,36.8TB,848GB,/,227GB,301
2022-09-30 11:14:47,c816071a941c,hadoop-slave6.1.jyquyq8eoldtbvk9z2h8twuih,0.64%,13.34,/,125.5GiB,10.63%,36.9TB,/,36.8TB,848GB,/,227GB,301
2022-9-30 11:14:48,c816071a941c,hadoop-slave6.1.jyquyq8eoldtbvk9z2h8twuih,0.72%,13.34,/,125.5GiB,10.63%,36.9TB,/,36.8TB,848GB,/,227GB,301
2022-09-30 11:14:49,c816071a941c,hadoop-slave6.1.jyquyq8eoldtbvk9z2h8twuih,0.65%,13.34,/,125.5GiB,10.63%,36.9TB,/,36.8TB,848GB,/,227GB,301
2022-9-30 11:14:50,c816071a941c,hadoop-slave6.1.jyquyq8eoldtbvk9z2h8twuih,0.58%,13.34,/,125.5GiB,10.63%,36.9TB,/,36.8TB,848GB,/,227GB,301
2022-09-30 11:14:51,c816071a941c,hadoop-slave6.1.jyquyq8eoldtbvk9z2h8twuih,0.59%,13.34,/,125.5GiB,10.63%,36.9TB,/,36.8TB,848GB,/,227GB,301
2022-9-30 11:14:52,c816071a941c,hadoop-slave6.1.jyquyq8eoldtbvk9z2h8twuih,0.60%,13.34,/,125.5GiB,10.63%,36.9TB,/,36.8TB,848GB,/,227GB,301
2022-09-30 11:14:53,c816071a941c,hadoop-slave6.1.jyquyq8eoldtbvk9z2h8twuih,0.64%,13.34,/,125.5GiB,10.63%,36.9TB,/,36.8TB,848GB,/,227GB,301
2022-9-30 11:14:54,c816071a941c,hadoop-slave6.1.jyquyq8eoldtbvk9z2h8twuih,0.67%,13.34,/,125.5GiB,10.63%,36.9TB,/,36.8TB,848GB,/,227GB,301
2022-09-30 11:14:55,c816071a941c,hadoop-slave6.1.jyquyq8eoldtbvk9z2h8twuih,0.63%,13.34,/,125.5GiB,10.63%,36.9TB,/,36.8TB,848GB,/,227GB,301
2022-9-30 11:14:56,c816071a941c,hadoop-slave6.1.jyquyq8eoldtbvk9z2h8twuih,0.59%,13.34,/,125.5GiB,10.63%,36.9TB,/,36.8TB,848GB,/,227GB,301
2022-09-30 11:14:57,c816071a941c,hadoop-slave6.1.jyquyq8eoldtbvk9z2h8twuih,0.56%,13.34,/,125.5GiB,10.63%,36.9TB,/,36.8TB,848GB,/,227GB,301
2022-9-30 11:14:58,c816071a941c,hadoop-slave6.1.jyquyq8eoldtbvk9z2h8twuih,0.54%,13.34,/,125.5GiB,10.63%,36.9TB,/,36.8TB,848GB,/,227GB,301
2022-09-30 11:14:59,c816071a941c,hadoop-slave6.1.jyquyq8eoldtbvk9z2h8twuih,0.58%,13.34,/,125.5GiB,10.63%,36.9TB,/,36.8TB,848GB,/,227GB,301
