2022-9-30 11:05:02,c6fbdd1c8b4d,hadoop-slave14.1.pvwm6rcb1tmuvkk29o0al2goh,4.24%,18.16,/,125.5GiB,14.47%,2.11TB,/,2.51TB,719GB,/,9.92GB,303
2022-09-30 11:05:03,c6fbdd1c8b4d,hadoop-slave14.1.pvwm6rcb1tmuvkk29o0al2goh,4.44%,18.16,/,125.5GiB,14.47%,2.11TB,/,2.51TB,719GB,/,9.92GB,303
2022-9-30 11:05:04,c6fbdd1c8b4d,hadoop-slave14.1.pvwm6rcb1tmuvkk29o0al2goh,4.63%,18.16,/,125.5GiB,14.47%,2.11TB,/,2.51TB,719GB,/,9.92GB,303
2022-09-30 11:05:05,c6fbdd1c8b4d,hadoop-slave14.1.pvwm6rcb1tmuvkk29o0al2goh,3.42%,18.16,/,125.5GiB,14.47%,2.11TB,/,2.51TB,719GB,/,9.92GB,303
2022-9-30 11:05:06,c6fbdd1c8b4d,hadoop-slave14.1.pvwm6rcb1tmuvkk29o0al2goh,2.20%,18.16,/,125.5GiB,14.47%,2.11TB,/,2.51TB,719GB,/,9.92GB,303
2022-09-30 11:05:07,c6fbdd1c8b4d,hadoop-slave14.1.pvwm6rcb1tmuvkk29o0al2goh,1.44%,18.16,/,125.5GiB,14.47%,2.11TB,/,2.51TB,719GB,/,9.92GB,303
2022-9-30 11:05:08,c6fbdd1c8b4d,hadoop-slave14.1.pvwm6rcb1tmuvkk29o0al2goh,0.67%,18.16,/,125.5GiB,14.47%,2.11TB,/,2.51TB,719GB,/,9.92GB,303
2022-09-30 11:05:09,c6fbdd1c8b4d,hadoop-slave14.1.pvwm6rcb1tmuvkk29o0al2goh,22.6%,18.16,/,125.5GiB,14.48%,2.11TB,/,2.51TB,719GB,/,9.92GB,303
2022-9-30 11:05:10,c6fbdd1c8b4d,hadoop-slave14.1.pvwm6rcb1tmuvkk29o0al2goh,44.53%,18.19,/,125.5GiB,14.50%,2.11TB,/,2.51TB,719GB,/,9.92GB,316
2022-09-30 11:05:11,c6fbdd1c8b4d,hadoop-slave14.1.pvwm6rcb1tmuvkk29o0al2goh,95.67%,18.19,/,125.5GiB,14.58%,2.11TB,/,2.51TB,719GB,/,9.92GB,316
2022-9-30 11:05:12,c6fbdd1c8b4d,hadoop-slave14.1.pvwm6rcb1tmuvkk29o0al2goh,146.80%,18.4,/,125.5GiB,14.66%,2.11TB,/,2.51TB,719GB,/,9.92GB,364
2022-09-30 11:05:13,c6fbdd1c8b4d,hadoop-slave14.1.pvwm6rcb1tmuvkk29o0al2goh,495.22%,18.4,/,125.5GiB,14.96%,2.11TB,/,2.51TB,719GB,/,9.92GB,364
2022-9-30 11:05:14,c6fbdd1c8b4d,hadoop-slave14.1.pvwm6rcb1tmuvkk29o0al2goh,843.63%,19.16,/,125.5GiB,15.26%,2.11TB,/,2.51TB,719GB,/,9.92GB,631
2022-09-30 11:05:15,c6fbdd1c8b4d,hadoop-slave14.1.pvwm6rcb1tmuvkk29o0al2goh,465.04%,19.16,/,125.5GiB,15.41%,2.11TB,/,2.51TB,719GB,/,9.92GB,631
2022-9-30 11:05:16,c6fbdd1c8b4d,hadoop-slave14.1.pvwm6rcb1tmuvkk29o0al2goh,86.45%,19.51,/,125.5GiB,15.55%,2.11TB,/,2.51TB,719GB,/,9.92GB,580
2022-09-30 11:05:17,c6fbdd1c8b4d,hadoop-slave14.1.pvwm6rcb1tmuvkk29o0al2goh,59.55%,19.51,/,125.5GiB,15.53%,2.11TB,/,2.51TB,719GB,/,9.92GB,580
2022-9-30 11:05:18,c6fbdd1c8b4d,hadoop-slave14.1.pvwm6rcb1tmuvkk29o0al2goh,32.66%,19.46,/,125.5GiB,15.50%,2.11TB,/,2.51TB,719GB,/,9.92GB,564
2022-09-30 11:05:19,c6fbdd1c8b4d,hadoop-slave14.1.pvwm6rcb1tmuvkk29o0al2goh,30.25%,19.46,/,125.5GiB,15.5%,2.11TB,/,2.51TB,719GB,/,9.92GB,564
2022-9-30 11:05:20,c6fbdd1c8b4d,hadoop-slave14.1.pvwm6rcb1tmuvkk29o0al2goh,27.85%,19.46,/,125.5GiB,15.50%,2.11TB,/,2.51TB,719GB,/,9.92GB,563
2022-09-30 11:05:21,c6fbdd1c8b4d,hadoop-slave14.1.pvwm6rcb1tmuvkk29o0al2goh,143.12%,19.46,/,125.5GiB,15.55%,2.11TB,/,2.51TB,719GB,/,9.92GB,563
2022-9-30 11:05:22,c6fbdd1c8b4d,hadoop-slave14.1.pvwm6rcb1tmuvkk29o0al2goh,258.39%,19.59,/,125.5GiB,15.61%,2.11TB,/,2.51TB,719GB,/,9.92GB,740
2022-09-30 11:05:23,c6fbdd1c8b4d,hadoop-slave14.1.pvwm6rcb1tmuvkk29o0al2goh,688.7%,19.59,/,125.5GiB,16.04%,2.11TB,/,2.51TB,719GB,/,9.92GB,740
2022-9-30 11:05:24,c6fbdd1c8b4d,hadoop-slave14.1.pvwm6rcb1tmuvkk29o0al2goh,1119.02%,20.67,/,125.5GiB,16.47%,2.11TB,/,2.51TB,719GB,/,9.92GB,852
2022-09-30 11:05:25,c6fbdd1c8b4d,hadoop-slave14.1.pvwm6rcb1tmuvkk29o0al2goh,1082.53%,20.67,/,125.5GiB,16.73%,2.11TB,/,2.51TB,719GB,/,9.92GB,852
2022-9-30 11:05:26,c6fbdd1c8b4d,hadoop-slave14.1.pvwm6rcb1tmuvkk29o0al2goh,1046.03%,21.33,/,125.5GiB,17.00%,2.11TB,/,2.51TB,719GB,/,9.92GB,867
2022-09-30 11:05:27,c6fbdd1c8b4d,hadoop-slave14.1.pvwm6rcb1tmuvkk29o0al2goh,1033.01%,21.33,/,125.5GiB,17.27%,2.11TB,/,2.51TB,719GB,/,9.92GB,867
2022-9-30 11:05:28,c6fbdd1c8b4d,hadoop-slave14.1.pvwm6rcb1tmuvkk29o0al2goh,1019.98%,22.02,/,125.5GiB,17.55%,2.11TB,/,2.51TB,719GB,/,9.93GB,902
2022-09-30 11:05:29,c6fbdd1c8b4d,hadoop-slave14.1.pvwm6rcb1tmuvkk29o0al2goh,609.06%,22.02,/,125.5GiB,17.56%,2.11TB,/,2.51TB,719GB,/,9.93GB,902
2022-9-30 11:05:30,c6fbdd1c8b4d,hadoop-slave14.1.pvwm6rcb1tmuvkk29o0al2goh,198.13%,22.06,/,125.5GiB,17.58%,2.11TB,/,2.51TB,719GB,/,9.93GB,929
2022-09-30 11:05:31,c6fbdd1c8b4d,hadoop-slave14.1.pvwm6rcb1tmuvkk29o0al2goh,941.09%,22.06,/,125.5GiB,18.39%,2.11TB,/,2.51TB,719GB,/,9.93GB,929
2022-9-30 11:05:32,c6fbdd1c8b4d,hadoop-slave14.1.pvwm6rcb1tmuvkk29o0al2goh,1684.05%,24.1,/,125.5GiB,19.21%,2.11TB,/,2.51TB,719GB,/,9.93GB,947
2022-09-30 11:05:33,c6fbdd1c8b4d,hadoop-slave14.1.pvwm6rcb1tmuvkk29o0al2goh,3006.33%,24.1,/,125.5GiB,21.51%,2.11TB,/,2.51TB,719GB,/,9.93GB,947
2022-9-30 11:05:34,c6fbdd1c8b4d,hadoop-slave14.1.pvwm6rcb1tmuvkk29o0al2goh,4328.60%,29.87,/,125.5GiB,23.80%,2.11TB,/,2.51TB,719GB,/,9.93GB,1089
2022-09-30 11:05:35,c6fbdd1c8b4d,hadoop-slave14.1.pvwm6rcb1tmuvkk29o0al2goh,4152.18%,29.87,/,125.5GiB,24.16%,2.11TB,/,2.51TB,719GB,/,9.93GB,1089
2022-9-30 11:05:36,c6fbdd1c8b4d,hadoop-slave14.1.pvwm6rcb1tmuvkk29o0al2goh,3975.75%,30.78,/,125.5GiB,24.53%,2.11TB,/,2.51TB,719GB,/,9.93GB,1138
2022-09-30 11:05:37,c6fbdd1c8b4d,hadoop-slave14.1.pvwm6rcb1tmuvkk29o0al2goh,3932.28%,30.78,/,125.5GiB,25.16%,2.11TB,/,2.51TB,719GB,/,9.93GB,1138
2022-9-30 11:05:38,c6fbdd1c8b4d,hadoop-slave14.1.pvwm6rcb1tmuvkk29o0al2goh,3888.82%,32.35,/,125.5GiB,25.78%,2.11TB,/,2.51TB,719GB,/,9.93GB,1135
2022-09-30 11:05:39,c6fbdd1c8b4d,hadoop-slave14.1.pvwm6rcb1tmuvkk29o0al2goh,3642.75%,32.35,/,125.5GiB,26.27%,2.11TB,/,2.51TB,719GB,/,9.93GB,1135
2022-9-30 11:05:40,c6fbdd1c8b4d,hadoop-slave14.1.pvwm6rcb1tmuvkk29o0al2goh,3396.68%,33.59,/,125.5GiB,26.77%,2.11TB,/,2.51TB,719GB,/,9.93GB,1133
2022-09-30 11:05:41,c6fbdd1c8b4d,hadoop-slave14.1.pvwm6rcb1tmuvkk29o0al2goh,2883.18%,33.59,/,125.5GiB,26.98%,2.11TB,/,2.51TB,719GB,/,9.93GB,1133
2022-9-30 11:05:42,c6fbdd1c8b4d,hadoop-slave14.1.pvwm6rcb1tmuvkk29o0al2goh,2369.67%,34.11,/,125.5GiB,27.18%,2.11TB,/,2.51TB,719GB,/,9.93GB,1124
2022-09-30 11:05:43,c6fbdd1c8b4d,hadoop-slave14.1.pvwm6rcb1tmuvkk29o0al2goh,2110.22%,34.11,/,125.5GiB,27.25%,2.11TB,/,2.51TB,719GB,/,9.93GB,1124
2022-9-30 11:05:44,c6fbdd1c8b4d,hadoop-slave14.1.pvwm6rcb1tmuvkk29o0al2goh,1850.77%,34.29,/,125.5GiB,27.32%,2.11TB,/,2.51TB,719GB,/,9.93GB,1119
2022-09-30 11:05:45,c6fbdd1c8b4d,hadoop-slave14.1.pvwm6rcb1tmuvkk29o0al2goh,2342.14%,34.29,/,125.5GiB,28.54%,2.11TB,/,2.51TB,719GB,/,9.93GB,1119
2022-9-30 11:05:46,c6fbdd1c8b4d,hadoop-slave14.1.pvwm6rcb1tmuvkk29o0al2goh,2833.50%,37.34,/,125.5GiB,29.75%,2.11TB,/,2.51TB,719GB,/,9.93GB,1149
2022-09-30 11:05:47,c6fbdd1c8b4d,hadoop-slave14.1.pvwm6rcb1tmuvkk29o0al2goh,1915.13%,37.34,/,125.5GiB,29.88%,2.11TB,/,2.51TB,719GB,/,9.93GB,1149
2022-9-30 11:05:48,c6fbdd1c8b4d,hadoop-slave14.1.pvwm6rcb1tmuvkk29o0al2goh,996.76%,37.67,/,125.5GiB,30.02%,2.11TB,/,2.51TB,719GB,/,9.93GB,1152
2022-09-30 11:05:49,c6fbdd1c8b4d,hadoop-slave14.1.pvwm6rcb1tmuvkk29o0al2goh,1347.97%,37.67,/,125.5GiB,30.37%,2.11TB,/,2.51TB,719GB,/,9.93GB,1152
2022-9-30 11:05:50,c6fbdd1c8b4d,hadoop-slave14.1.pvwm6rcb1tmuvkk29o0al2goh,1699.17%,38.55,/,125.5GiB,30.72%,2.11TB,/,2.51TB,719GB,/,9.93GB,1149
2022-09-30 11:05:51,c6fbdd1c8b4d,hadoop-slave14.1.pvwm6rcb1tmuvkk29o0al2goh,1368.68%,38.55,/,125.5GiB,30.73%,2.11TB,/,2.51TB,719GB,/,9.93GB,1149
2022-9-30 11:05:52,c6fbdd1c8b4d,hadoop-slave14.1.pvwm6rcb1tmuvkk29o0al2goh,1038.18%,38.57,/,125.5GiB,30.73%,2.11TB,/,2.51TB,719GB,/,9.93GB,782
2022-09-30 11:05:53,c6fbdd1c8b4d,hadoop-slave14.1.pvwm6rcb1tmuvkk29o0al2goh,1071.72%,38.57,/,125.5GiB,27.31%,2.11TB,/,2.51TB,719GB,/,9.93GB,782
2022-9-30 11:05:54,c6fbdd1c8b4d,hadoop-slave14.1.pvwm6rcb1tmuvkk29o0al2goh,1105.25%,29.98,/,125.5GiB,23.89%,2.11TB,/,2.51TB,719GB,/,9.93GB,764
2022-09-30 11:05:55,c6fbdd1c8b4d,hadoop-slave14.1.pvwm6rcb1tmuvkk29o0al2goh,1367.86%,29.98,/,125.5GiB,24.17%,2.11TB,/,2.51TB,719GB,/,9.93GB,764
2022-9-30 11:05:56,c6fbdd1c8b4d,hadoop-slave14.1.pvwm6rcb1tmuvkk29o0al2goh,1630.47%,30.69,/,125.5GiB,24.45%,2.11TB,/,2.51TB,719GB,/,9.93GB,941
2022-09-30 11:05:57,c6fbdd1c8b4d,hadoop-slave14.1.pvwm6rcb1tmuvkk29o0al2goh,1138.84%,30.69,/,125.5GiB,24.8%,2.11TB,/,2.51TB,719GB,/,9.93GB,941
2022-9-30 11:05:58,c6fbdd1c8b4d,hadoop-slave14.1.pvwm6rcb1tmuvkk29o0al2goh,647.21%,31.58,/,125.5GiB,25.16%,2.11TB,/,2.51TB,719GB,/,9.93GB,1031
2022-09-30 11:05:59,c6fbdd1c8b4d,hadoop-slave14.1.pvwm6rcb1tmuvkk29o0al2goh,448.57%,31.58,/,125.5GiB,25.28%,2.11TB,/,2.51TB,719GB,/,9.93GB,1031
2022-9-30 11:06:00,c6fbdd1c8b4d,hadoop-slave14.1.pvwm6rcb1tmuvkk29o0al2goh,249.93%,31.88,/,125.5GiB,25.40%,2.11TB,/,2.51TB,719GB,/,9.93GB,990
2022-09-30 11:06:01,c6fbdd1c8b4d,hadoop-slave14.1.pvwm6rcb1tmuvkk29o0al2goh,385.45%,31.88,/,125.5GiB,25.82%,2.11TB,/,2.51TB,719GB,/,9.93GB,990
2022-9-30 11:06:02,c6fbdd1c8b4d,hadoop-slave14.1.pvwm6rcb1tmuvkk29o0al2goh,520.96%,32.94,/,125.5GiB,26.25%,2.11TB,/,2.51TB,719GB,/,9.93GB,983
2022-09-30 11:06:03,c6fbdd1c8b4d,hadoop-slave14.1.pvwm6rcb1tmuvkk29o0al2goh,298.26%,32.94,/,125.5GiB,26.26%,2.11TB,/,2.51TB,719GB,/,9.93GB,983
2022-9-30 11:06:04,c6fbdd1c8b4d,hadoop-slave14.1.pvwm6rcb1tmuvkk29o0al2goh,75.57%,32.97,/,125.5GiB,26.27%,2.11TB,/,2.51TB,719GB,/,9.93GB,981
2022-09-30 11:06:05,c6fbdd1c8b4d,hadoop-slave14.1.pvwm6rcb1tmuvkk29o0al2goh,544.01%,32.97,/,125.5GiB,26.38%,2.11TB,/,2.51TB,719GB,/,9.93GB,981
2022-9-30 11:06:06,c6fbdd1c8b4d,hadoop-slave14.1.pvwm6rcb1tmuvkk29o0al2goh,1012.46%,33.24,/,125.5GiB,26.49%,2.11TB,/,2.51TB,719GB,/,9.94GB,1000
2022-09-30 11:06:07,c6fbdd1c8b4d,hadoop-slave14.1.pvwm6rcb1tmuvkk29o0al2goh,943.04%,33.24,/,125.5GiB,26.73%,2.11TB,/,2.51TB,719GB,/,9.94GB,1000
2022-9-30 11:06:08,c6fbdd1c8b4d,hadoop-slave14.1.pvwm6rcb1tmuvkk29o0al2goh,873.61%,33.85,/,125.5GiB,26.97%,2.11TB,/,2.51TB,719GB,/,9.94GB,1013
2022-09-30 11:06:09,c6fbdd1c8b4d,hadoop-slave14.1.pvwm6rcb1tmuvkk29o0al2goh,596.37%,33.85,/,125.5GiB,27.18%,2.11TB,/,2.51TB,719GB,/,9.94GB,1013
2022-9-30 11:06:10,c6fbdd1c8b4d,hadoop-slave14.1.pvwm6rcb1tmuvkk29o0al2goh,319.12%,34.39,/,125.5GiB,27.40%,2.11TB,/,2.51TB,719GB,/,9.94GB,1026
2022-09-30 11:06:11,c6fbdd1c8b4d,hadoop-slave14.1.pvwm6rcb1tmuvkk29o0al2goh,513.12%,34.39,/,125.5GiB,27.8%,2.11TB,/,2.51TB,719GB,/,9.94GB,1026
2022-9-30 11:06:12,c6fbdd1c8b4d,hadoop-slave14.1.pvwm6rcb1tmuvkk29o0al2goh,707.12%,35.4,/,125.5GiB,28.20%,2.11TB,/,2.51TB,719GB,/,9.94GB,1026
2022-09-30 11:06:13,c6fbdd1c8b4d,hadoop-slave14.1.pvwm6rcb1tmuvkk29o0al2goh,590.6%,35.4,/,125.5GiB,28.33%,2.11TB,/,2.51TB,719GB,/,9.94GB,1026
2022-9-30 11:06:14,c6fbdd1c8b4d,hadoop-slave14.1.pvwm6rcb1tmuvkk29o0al2goh,474.07%,35.72,/,125.5GiB,28.46%,2.11TB,/,2.51TB,719GB,/,9.94GB,1023
2022-09-30 11:06:15,c6fbdd1c8b4d,hadoop-slave14.1.pvwm6rcb1tmuvkk29o0al2goh,290.4%,35.72,/,125.5GiB,28.52%,2.11TB,/,2.51TB,719GB,/,9.94GB,1023
2022-9-30 11:06:16,c6fbdd1c8b4d,hadoop-slave14.1.pvwm6rcb1tmuvkk29o0al2goh,106.73%,35.88,/,125.5GiB,28.59%,2.11TB,/,2.51TB,719GB,/,9.94GB,1022
2022-09-30 11:06:17,c6fbdd1c8b4d,hadoop-slave14.1.pvwm6rcb1tmuvkk29o0al2goh,147.03%,35.88,/,125.5GiB,28.59%,2.11TB,/,2.51TB,719GB,/,9.94GB,1022
2022-9-30 11:06:18,c6fbdd1c8b4d,hadoop-slave14.1.pvwm6rcb1tmuvkk29o0al2goh,187.32%,35.89,/,125.5GiB,28.60%,2.11TB,/,2.51TB,719GB,/,9.94GB,1022
2022-09-30 11:06:19,c6fbdd1c8b4d,hadoop-slave14.1.pvwm6rcb1tmuvkk29o0al2goh,1017.5%,35.89,/,125.5GiB,29.0%,2.11TB,/,2.51TB,719GB,/,9.94GB,1022
2022-9-30 11:06:20,c6fbdd1c8b4d,hadoop-slave14.1.pvwm6rcb1tmuvkk29o0al2goh,1847.67%,36.88,/,125.5GiB,29.39%,2.11TB,/,2.51TB,719GB,/,9.94GB,1019
2022-09-30 11:06:21,c6fbdd1c8b4d,hadoop-slave14.1.pvwm6rcb1tmuvkk29o0al2goh,2754.59%,36.88,/,125.5GiB,31.07%,2.11TB,/,2.51TB,719GB,/,9.94GB,1019
2022-9-30 11:06:22,c6fbdd1c8b4d,hadoop-slave14.1.pvwm6rcb1tmuvkk29o0al2goh,3661.51%,41.1,/,125.5GiB,32.75%,2.11TB,/,2.51TB,719GB,/,9.94GB,1034
2022-09-30 11:06:23,c6fbdd1c8b4d,hadoop-slave14.1.pvwm6rcb1tmuvkk29o0al2goh,3036.4%,41.1,/,125.5GiB,32.85%,2.11TB,/,2.51TB,719GB,/,9.94GB,1034
2022-9-30 11:06:24,c6fbdd1c8b4d,hadoop-slave14.1.pvwm6rcb1tmuvkk29o0al2goh,2411.28%,41.35,/,125.5GiB,32.95%,2.11TB,/,2.51TB,719GB,/,9.94GB,1034
2022-09-30 11:06:25,c6fbdd1c8b4d,hadoop-slave14.1.pvwm6rcb1tmuvkk29o0al2goh,1849.66%,41.35,/,125.5GiB,32.76%,2.11TB,/,2.51TB,719GB,/,9.94GB,1034
2022-9-30 11:06:26,c6fbdd1c8b4d,hadoop-slave14.1.pvwm6rcb1tmuvkk29o0al2goh,1288.04%,40.88,/,125.5GiB,32.57%,2.11TB,/,2.51TB,719GB,/,9.94GB,1031
2022-09-30 11:06:27,c6fbdd1c8b4d,hadoop-slave14.1.pvwm6rcb1tmuvkk29o0al2goh,901.21%,40.88,/,125.5GiB,32.22%,2.11TB,/,2.51TB,719GB,/,9.94GB,1031
2022-9-30 11:06:28,c6fbdd1c8b4d,hadoop-slave14.1.pvwm6rcb1tmuvkk29o0al2goh,514.38%,40,/,125.5GiB,31.87%,2.11TB,/,2.51TB,719GB,/,9.94GB,1031
2022-09-30 11:06:29,c6fbdd1c8b4d,hadoop-slave14.1.pvwm6rcb1tmuvkk29o0al2goh,503.01%,40,/,125.5GiB,31.8%,2.11TB,/,2.51TB,719GB,/,9.94GB,1031
2022-9-30 11:06:30,c6fbdd1c8b4d,hadoop-slave14.1.pvwm6rcb1tmuvkk29o0al2goh,491.65%,39.82,/,125.5GiB,31.73%,2.11TB,/,2.51TB,719GB,/,9.94GB,1031
2022-09-30 11:06:31,c6fbdd1c8b4d,hadoop-slave14.1.pvwm6rcb1tmuvkk29o0al2goh,496.73%,39.82,/,125.5GiB,31.73%,2.11TB,/,2.51TB,719GB,/,9.94GB,1031
2022-09-30 11:06:32,c6fbdd1c8b4d,hadoop-slave14.1.pvwm6rcb1tmuvkk29o0al2goh,496.73%,39.82,/,125.5GiB,31.73%,2.11TB,/,2.51TB,719GB,/,9.94GB,1031
2022-9-30 11:06:33,c6fbdd1c8b4d,hadoop-slave14.1.pvwm6rcb1tmuvkk29o0al2goh,501.81%,39.81,/,125.5GiB,31.72%,2.11TB,/,2.51TB,719GB,/,9.94GB,1031
2022-09-30 11:06:34,c6fbdd1c8b4d,hadoop-slave14.1.pvwm6rcb1tmuvkk29o0al2goh,485.88%,39.81,/,125.5GiB,31.72%,2.11TB,/,2.51TB,719GB,/,9.94GB,1031
2022-9-30 11:06:35,c6fbdd1c8b4d,hadoop-slave14.1.pvwm6rcb1tmuvkk29o0al2goh,469.96%,39.81,/,125.5GiB,31.72%,2.11TB,/,2.51TB,719GB,/,9.94GB,1031
2022-09-30 11:06:36,c6fbdd1c8b4d,hadoop-slave14.1.pvwm6rcb1tmuvkk29o0al2goh,483.06%,39.81,/,125.5GiB,29.06%,2.11TB,/,2.51TB,719GB,/,9.94GB,1031
2022-9-30 11:06:37,c6fbdd1c8b4d,hadoop-slave14.1.pvwm6rcb1tmuvkk29o0al2goh,496.17%,33.15,/,125.5GiB,26.41%,2.11TB,/,2.51TB,719GB,/,9.94GB,659
2022-09-30 11:06:38,c6fbdd1c8b4d,hadoop-slave14.1.pvwm6rcb1tmuvkk29o0al2goh,381.93%,33.15,/,125.5GiB,26.41%,2.11TB,/,2.51TB,719GB,/,9.94GB,659
2022-9-30 11:06:39,c6fbdd1c8b4d,hadoop-slave14.1.pvwm6rcb1tmuvkk29o0al2goh,267.69%,33.15,/,125.5GiB,26.41%,2.11TB,/,2.51TB,719GB,/,9.94GB,659
2022-09-30 11:06:40,c6fbdd1c8b4d,hadoop-slave14.1.pvwm6rcb1tmuvkk29o0al2goh,191.5%,33.15,/,125.5GiB,26.41%,2.11TB,/,2.51TB,719GB,/,9.94GB,659
2022-9-30 11:06:41,c6fbdd1c8b4d,hadoop-slave14.1.pvwm6rcb1tmuvkk29o0al2goh,115.32%,33.15,/,125.5GiB,26.42%,2.11TB,/,2.51TB,719GB,/,9.94GB,659
2022-09-30 11:06:42,c6fbdd1c8b4d,hadoop-slave14.1.pvwm6rcb1tmuvkk29o0al2goh,134.38%,33.15,/,125.5GiB,26.42%,2.11TB,/,2.51TB,719GB,/,9.94GB,659
2022-9-30 11:06:43,c6fbdd1c8b4d,hadoop-slave14.1.pvwm6rcb1tmuvkk29o0al2goh,153.45%,33.16,/,125.5GiB,26.42%,2.11TB,/,2.51TB,719GB,/,9.94GB,643
2022-09-30 11:06:44,c6fbdd1c8b4d,hadoop-slave14.1.pvwm6rcb1tmuvkk29o0al2goh,124.33%,33.16,/,125.5GiB,26.42%,2.11TB,/,2.51TB,719GB,/,9.94GB,643
2022-9-30 11:06:45,c6fbdd1c8b4d,hadoop-slave14.1.pvwm6rcb1tmuvkk29o0al2goh,95.22%,33.16,/,125.5GiB,26.42%,2.11TB,/,2.51TB,719GB,/,9.94GB,634
2022-09-30 11:06:46,c6fbdd1c8b4d,hadoop-slave14.1.pvwm6rcb1tmuvkk29o0al2goh,89.5%,33.16,/,125.5GiB,26.42%,2.11TB,/,2.51TB,719GB,/,9.94GB,634
2022-9-30 11:06:47,c6fbdd1c8b4d,hadoop-slave14.1.pvwm6rcb1tmuvkk29o0al2goh,83.79%,33.16,/,125.5GiB,26.42%,2.11TB,/,2.51TB,719GB,/,9.94GB,633
2022-09-30 11:06:48,c6fbdd1c8b4d,hadoop-slave14.1.pvwm6rcb1tmuvkk29o0al2goh,43.65%,33.16,/,125.5GiB,26.42%,2.11TB,/,2.51TB,719GB,/,9.94GB,633
2022-9-30 11:06:49,c6fbdd1c8b4d,hadoop-slave14.1.pvwm6rcb1tmuvkk29o0al2goh,3.51%,33.16,/,125.5GiB,26.42%,2.11TB,/,2.51TB,719GB,/,9.94GB,633
2022-09-30 11:06:50,c6fbdd1c8b4d,hadoop-slave14.1.pvwm6rcb1tmuvkk29o0al2goh,2.42%,33.16,/,125.5GiB,26.42%,2.11TB,/,2.51TB,719GB,/,9.94GB,633
2022-9-30 11:06:51,c6fbdd1c8b4d,hadoop-slave14.1.pvwm6rcb1tmuvkk29o0al2goh,1.33%,33.16,/,125.5GiB,26.42%,2.11TB,/,2.51TB,719GB,/,9.94GB,633
2022-09-30 11:06:52,c6fbdd1c8b4d,hadoop-slave14.1.pvwm6rcb1tmuvkk29o0al2goh,59.49%,33.16,/,125.5GiB,26.39%,2.11TB,/,2.51TB,719GB,/,9.94GB,633
2022-9-30 11:06:53,c6fbdd1c8b4d,hadoop-slave14.1.pvwm6rcb1tmuvkk29o0al2goh,117.66%,33.07,/,125.5GiB,26.35%,2.11TB,/,2.51TB,719GB,/,9.94GB,647
2022-09-30 11:06:54,c6fbdd1c8b4d,hadoop-slave14.1.pvwm6rcb1tmuvkk29o0al2goh,142.38%,33.07,/,125.5GiB,20.61%,2.11TB,/,2.51TB,719GB,/,9.94GB,647
2022-9-30 11:06:55,c6fbdd1c8b4d,hadoop-slave14.1.pvwm6rcb1tmuvkk29o0al2goh,167.09%,18.66,/,125.5GiB,14.87%,2.11TB,/,2.51TB,719GB,/,9.94GB,322
2022-09-30 11:06:56,c6fbdd1c8b4d,hadoop-slave14.1.pvwm6rcb1tmuvkk29o0al2goh,85.89%,18.66,/,125.5GiB,14.79%,2.11TB,/,2.51TB,719GB,/,9.94GB,322
2022-9-30 11:06:57,c6fbdd1c8b4d,hadoop-slave14.1.pvwm6rcb1tmuvkk29o0al2goh,4.69%,18.44,/,125.5GiB,14.70%,2.11TB,/,2.51TB,719GB,/,9.94GB,322
2022-09-30 11:06:58,c6fbdd1c8b4d,hadoop-slave14.1.pvwm6rcb1tmuvkk29o0al2goh,2.7%,18.44,/,125.5GiB,14.7%,2.11TB,/,2.51TB,719GB,/,9.94GB,322
2022-9-30 11:06:59,c6fbdd1c8b4d,hadoop-slave14.1.pvwm6rcb1tmuvkk29o0al2goh,0.71%,18.44,/,125.5GiB,14.70%,2.11TB,/,2.51TB,719GB,/,9.94GB,322
2022-09-30 11:07:00,c6fbdd1c8b4d,hadoop-slave14.1.pvwm6rcb1tmuvkk29o0al2goh,0.67%,18.44,/,125.5GiB,14.7%,2.11TB,/,2.51TB,719GB,/,9.94GB,322
2022-9-30 11:07:01,c6fbdd1c8b4d,hadoop-slave14.1.pvwm6rcb1tmuvkk29o0al2goh,0.63%,18.44,/,125.5GiB,14.70%,2.11TB,/,2.51TB,719GB,/,9.94GB,322
2022-09-30 11:07:02,c6fbdd1c8b4d,hadoop-slave14.1.pvwm6rcb1tmuvkk29o0al2goh,0.67%,18.44,/,125.5GiB,14.7%,2.11TB,/,2.51TB,719GB,/,9.94GB,322
2022-9-30 11:07:03,c6fbdd1c8b4d,hadoop-slave14.1.pvwm6rcb1tmuvkk29o0al2goh,0.70%,18.44,/,125.5GiB,14.70%,2.11TB,/,2.51TB,719GB,/,9.94GB,322
2022-09-30 11:07:04,c6fbdd1c8b4d,hadoop-slave14.1.pvwm6rcb1tmuvkk29o0al2goh,0.68%,18.44,/,125.5GiB,14.7%,2.11TB,/,2.51TB,719GB,/,9.94GB,322
2022-9-30 11:07:05,c6fbdd1c8b4d,hadoop-slave14.1.pvwm6rcb1tmuvkk29o0al2goh,0.66%,18.44,/,125.5GiB,14.70%,2.11TB,/,2.51TB,719GB,/,9.94GB,321
2022-09-30 11:07:06,c6fbdd1c8b4d,hadoop-slave14.1.pvwm6rcb1tmuvkk29o0al2goh,0.62%,18.44,/,125.5GiB,14.7%,2.11TB,/,2.51TB,719GB,/,9.94GB,321
2022-9-30 11:07:07,c6fbdd1c8b4d,hadoop-slave14.1.pvwm6rcb1tmuvkk29o0al2goh,0.58%,18.44,/,125.5GiB,14.70%,2.11TB,/,2.51TB,719GB,/,9.94GB,321
2022-09-30 11:07:08,c6fbdd1c8b4d,hadoop-slave14.1.pvwm6rcb1tmuvkk29o0al2goh,0.58%,18.44,/,125.5GiB,14.7%,2.11TB,/,2.51TB,719GB,/,9.94GB,321
2022-9-30 11:07:09,c6fbdd1c8b4d,hadoop-slave14.1.pvwm6rcb1tmuvkk29o0al2goh,0.59%,18.44,/,125.5GiB,14.70%,2.11TB,/,2.51TB,719GB,/,9.94GB,321
2022-09-30 11:07:10,c6fbdd1c8b4d,hadoop-slave14.1.pvwm6rcb1tmuvkk29o0al2goh,0.56%,18.44,/,125.5GiB,14.7%,2.11TB,/,2.51TB,719GB,/,9.94GB,321
2022-9-30 11:07:11,c6fbdd1c8b4d,hadoop-slave14.1.pvwm6rcb1tmuvkk29o0al2goh,0.53%,18.44,/,125.5GiB,14.70%,2.11TB,/,2.51TB,719GB,/,9.94GB,321
2022-09-30 11:07:12,c6fbdd1c8b4d,hadoop-slave14.1.pvwm6rcb1tmuvkk29o0al2goh,0.65%,18.44,/,125.5GiB,14.7%,2.11TB,/,2.51TB,719GB,/,9.94GB,321
2022-9-30 11:07:13,c6fbdd1c8b4d,hadoop-slave14.1.pvwm6rcb1tmuvkk29o0al2goh,0.76%,18.44,/,125.5GiB,14.70%,2.11TB,/,2.51TB,719GB,/,9.94GB,321
2022-09-30 11:07:14,c6fbdd1c8b4d,hadoop-slave14.1.pvwm6rcb1tmuvkk29o0al2goh,0.76%,18.44,/,125.5GiB,14.7%,2.11TB,/,2.51TB,719GB,/,9.94GB,321
2022-9-30 11:07:15,c6fbdd1c8b4d,hadoop-slave14.1.pvwm6rcb1tmuvkk29o0al2goh,0.75%,18.44,/,125.5GiB,14.70%,2.11TB,/,2.51TB,719GB,/,9.94GB,321
2022-09-30 11:07:16,c6fbdd1c8b4d,hadoop-slave14.1.pvwm6rcb1tmuvkk29o0al2goh,0.74%,18.44,/,125.5GiB,14.7%,2.11TB,/,2.51TB,719GB,/,9.94GB,321
2022-9-30 11:07:17,c6fbdd1c8b4d,hadoop-slave14.1.pvwm6rcb1tmuvkk29o0al2goh,0.73%,18.44,/,125.5GiB,14.70%,2.11TB,/,2.51TB,719GB,/,9.94GB,321
2022-09-30 11:07:18,c6fbdd1c8b4d,hadoop-slave14.1.pvwm6rcb1tmuvkk29o0al2goh,0.77%,18.44,/,125.5GiB,14.7%,2.11TB,/,2.51TB,719GB,/,9.94GB,321
2022-9-30 11:07:19,c6fbdd1c8b4d,hadoop-slave14.1.pvwm6rcb1tmuvkk29o0al2goh,0.80%,18.44,/,125.5GiB,14.70%,2.11TB,/,2.51TB,719GB,/,9.94GB,321
2022-09-30 11:07:20,c6fbdd1c8b4d,hadoop-slave14.1.pvwm6rcb1tmuvkk29o0al2goh,1.04%,18.44,/,125.5GiB,14.7%,2.11TB,/,2.51TB,719GB,/,9.94GB,321
2022-9-30 11:07:21,c6fbdd1c8b4d,hadoop-slave14.1.pvwm6rcb1tmuvkk29o0al2goh,1.28%,18.44,/,125.5GiB,14.70%,2.11TB,/,2.51TB,719GB,/,9.94GB,321
2022-09-30 11:07:22,c6fbdd1c8b4d,hadoop-slave14.1.pvwm6rcb1tmuvkk29o0al2goh,1.18%,18.44,/,125.5GiB,14.7%,2.11TB,/,2.51TB,719GB,/,9.94GB,321
2022-9-30 11:07:23,c6fbdd1c8b4d,hadoop-slave14.1.pvwm6rcb1tmuvkk29o0al2goh,1.08%,18.44,/,125.5GiB,14.70%,2.11TB,/,2.51TB,719GB,/,9.94GB,321
2022-09-30 11:07:24,c6fbdd1c8b4d,hadoop-slave14.1.pvwm6rcb1tmuvkk29o0al2goh,1.11%,18.44,/,125.5GiB,14.7%,2.11TB,/,2.51TB,719GB,/,9.94GB,321
2022-9-30 11:07:25,c6fbdd1c8b4d,hadoop-slave14.1.pvwm6rcb1tmuvkk29o0al2goh,1.14%,18.44,/,125.5GiB,14.70%,2.11TB,/,2.51TB,719GB,/,9.94GB,321
2022-09-30 11:07:26,c6fbdd1c8b4d,hadoop-slave14.1.pvwm6rcb1tmuvkk29o0al2goh,0.99%,18.44,/,125.5GiB,14.7%,2.11TB,/,2.51TB,719GB,/,9.94GB,321
2022-9-30 11:07:27,c6fbdd1c8b4d,hadoop-slave14.1.pvwm6rcb1tmuvkk29o0al2goh,0.84%,18.44,/,125.5GiB,14.70%,2.11TB,/,2.51TB,719GB,/,9.94GB,321
2022-09-30 11:07:28,c6fbdd1c8b4d,hadoop-slave14.1.pvwm6rcb1tmuvkk29o0al2goh,0.82%,18.44,/,125.5GiB,14.7%,2.11TB,/,2.51TB,719GB,/,9.94GB,321
2022-9-30 11:07:29,c6fbdd1c8b4d,hadoop-slave14.1.pvwm6rcb1tmuvkk29o0al2goh,0.81%,18.44,/,125.5GiB,14.70%,2.11TB,/,2.51TB,719GB,/,9.94GB,321
2022-09-30 11:07:30,c6fbdd1c8b4d,hadoop-slave14.1.pvwm6rcb1tmuvkk29o0al2goh,1.46%,18.44,/,125.5GiB,14.7%,2.11TB,/,2.51TB,719GB,/,9.94GB,321
2022-9-30 11:07:31,c6fbdd1c8b4d,hadoop-slave14.1.pvwm6rcb1tmuvkk29o0al2goh,2.10%,18.44,/,125.5GiB,14.70%,2.11TB,/,2.51TB,719GB,/,9.94GB,321
2022-09-30 11:07:32,c6fbdd1c8b4d,hadoop-slave14.1.pvwm6rcb1tmuvkk29o0al2goh,1.58%,18.44,/,125.5GiB,14.7%,2.11TB,/,2.51TB,719GB,/,9.94GB,321
2022-9-30 11:07:33,c6fbdd1c8b4d,hadoop-slave14.1.pvwm6rcb1tmuvkk29o0al2goh,1.05%,18.44,/,125.5GiB,14.70%,2.11TB,/,2.51TB,719GB,/,9.94GB,321
2022-09-30 11:07:34,c6fbdd1c8b4d,hadoop-slave14.1.pvwm6rcb1tmuvkk29o0al2goh,1.0%,18.44,/,125.5GiB,14.7%,2.11TB,/,2.51TB,719GB,/,9.94GB,321
2022-9-30 11:07:35,c6fbdd1c8b4d,hadoop-slave14.1.pvwm6rcb1tmuvkk29o0al2goh,0.95%,18.44,/,125.5GiB,14.70%,2.11TB,/,2.51TB,719GB,/,9.94GB,321
2022-09-30 11:07:36,c6fbdd1c8b4d,hadoop-slave14.1.pvwm6rcb1tmuvkk29o0al2goh,1.39%,18.44,/,125.5GiB,14.7%,2.11TB,/,2.51TB,719GB,/,9.94GB,321
2022-9-30 11:07:37,c6fbdd1c8b4d,hadoop-slave14.1.pvwm6rcb1tmuvkk29o0al2goh,1.82%,18.44,/,125.5GiB,14.69%,2.11TB,/,2.51TB,719GB,/,9.94GB,311
2022-09-30 11:07:38,c6fbdd1c8b4d,hadoop-slave14.1.pvwm6rcb1tmuvkk29o0al2goh,1.29%,18.44,/,125.5GiB,14.69%,2.11TB,/,2.51TB,719GB,/,9.94GB,311
2022-9-30 11:07:39,c6fbdd1c8b4d,hadoop-slave14.1.pvwm6rcb1tmuvkk29o0al2goh,0.75%,18.44,/,125.5GiB,14.69%,2.11TB,/,2.51TB,719GB,/,9.94GB,311
2022-09-30 11:07:40,c6fbdd1c8b4d,hadoop-slave14.1.pvwm6rcb1tmuvkk29o0al2goh,0.75%,18.44,/,125.5GiB,14.69%,2.11TB,/,2.51TB,719GB,/,9.94GB,311
2022-9-30 11:07:41,c6fbdd1c8b4d,hadoop-slave14.1.pvwm6rcb1tmuvkk29o0al2goh,0.75%,18.44,/,125.5GiB,14.69%,2.11TB,/,2.51TB,719GB,/,9.94GB,311
2022-09-30 11:07:42,c6fbdd1c8b4d,hadoop-slave14.1.pvwm6rcb1tmuvkk29o0al2goh,0.81%,18.44,/,125.5GiB,14.69%,2.11TB,/,2.51TB,719GB,/,9.94GB,311
2022-9-30 11:07:43,c6fbdd1c8b4d,hadoop-slave14.1.pvwm6rcb1tmuvkk29o0al2goh,0.88%,18.44,/,125.5GiB,14.69%,2.11TB,/,2.51TB,719GB,/,9.94GB,311
2022-09-30 11:07:44,c6fbdd1c8b4d,hadoop-slave14.1.pvwm6rcb1tmuvkk29o0al2goh,1.0%,18.44,/,125.5GiB,14.69%,2.11TB,/,2.51TB,719GB,/,9.94GB,311
2022-9-30 11:07:45,c6fbdd1c8b4d,hadoop-slave14.1.pvwm6rcb1tmuvkk29o0al2goh,1.13%,18.44,/,125.5GiB,14.69%,2.11TB,/,2.51TB,719GB,/,9.94GB,311
2022-09-30 11:07:46,c6fbdd1c8b4d,hadoop-slave14.1.pvwm6rcb1tmuvkk29o0al2goh,0.85%,18.44,/,125.5GiB,14.69%,2.11TB,/,2.51TB,719GB,/,9.94GB,311
2022-9-30 11:07:47,c6fbdd1c8b4d,hadoop-slave14.1.pvwm6rcb1tmuvkk29o0al2goh,0.58%,18.44,/,125.5GiB,14.69%,2.11TB,/,2.51TB,719GB,/,9.94GB,311
2022-09-30 11:07:48,c6fbdd1c8b4d,hadoop-slave14.1.pvwm6rcb1tmuvkk29o0al2goh,0.62%,18.44,/,125.5GiB,14.69%,2.11TB,/,2.51TB,719GB,/,9.94GB,311
2022-9-30 11:07:49,c6fbdd1c8b4d,hadoop-slave14.1.pvwm6rcb1tmuvkk29o0al2goh,0.67%,18.44,/,125.5GiB,14.69%,2.11TB,/,2.51TB,719GB,/,9.94GB,311
2022-09-30 11:07:50,c6fbdd1c8b4d,hadoop-slave14.1.pvwm6rcb1tmuvkk29o0al2goh,0.66%,18.44,/,125.5GiB,14.69%,2.11TB,/,2.51TB,719GB,/,9.94GB,311
2022-9-30 11:07:51,c6fbdd1c8b4d,hadoop-slave14.1.pvwm6rcb1tmuvkk29o0al2goh,0.64%,18.44,/,125.5GiB,14.69%,2.11TB,/,2.51TB,719GB,/,9.94GB,311
2022-09-30 11:07:52,c6fbdd1c8b4d,hadoop-slave14.1.pvwm6rcb1tmuvkk29o0al2goh,0.7%,18.44,/,125.5GiB,14.69%,2.11TB,/,2.51TB,719GB,/,9.94GB,311
2022-9-30 11:07:53,c6fbdd1c8b4d,hadoop-slave14.1.pvwm6rcb1tmuvkk29o0al2goh,0.76%,18.44,/,125.5GiB,14.69%,2.11TB,/,2.51TB,719GB,/,9.94GB,311
2022-09-30 11:07:54,c6fbdd1c8b4d,hadoop-slave14.1.pvwm6rcb1tmuvkk29o0al2goh,1.06%,18.44,/,125.5GiB,14.69%,2.11TB,/,2.51TB,719GB,/,9.94GB,311
2022-9-30 11:07:55,c6fbdd1c8b4d,hadoop-slave14.1.pvwm6rcb1tmuvkk29o0al2goh,1.35%,18.44,/,125.5GiB,14.69%,2.11TB,/,2.51TB,719GB,/,9.94GB,304
2022-09-30 11:07:56,c6fbdd1c8b4d,hadoop-slave14.1.pvwm6rcb1tmuvkk29o0al2goh,1.01%,18.44,/,125.5GiB,14.69%,2.11TB,/,2.51TB,719GB,/,9.94GB,304
2022-9-30 11:07:57,c6fbdd1c8b4d,hadoop-slave14.1.pvwm6rcb1tmuvkk29o0al2goh,0.66%,18.44,/,125.5GiB,14.69%,2.11TB,/,2.51TB,719GB,/,9.94GB,302
2022-09-30 11:07:58,c6fbdd1c8b4d,hadoop-slave14.1.pvwm6rcb1tmuvkk29o0al2goh,0.65%,18.44,/,125.5GiB,14.69%,2.11TB,/,2.51TB,719GB,/,9.94GB,302
2022-9-30 11:07:59,c6fbdd1c8b4d,hadoop-slave14.1.pvwm6rcb1tmuvkk29o0al2goh,0.63%,18.44,/,125.5GiB,14.69%,2.11TB,/,2.51TB,719GB,/,9.94GB,302
2022-09-30 11:08:00,c6fbdd1c8b4d,hadoop-slave14.1.pvwm6rcb1tmuvkk29o0al2goh,0.59%,18.44,/,125.5GiB,14.69%,2.11TB,/,2.51TB,719GB,/,9.94GB,302
2022-9-30 11:08:01,c6fbdd1c8b4d,hadoop-slave14.1.pvwm6rcb1tmuvkk29o0al2goh,0.56%,18.44,/,125.5GiB,14.69%,2.11TB,/,2.51TB,719GB,/,9.94GB,302
2022-09-30 11:08:02,c6fbdd1c8b4d,hadoop-slave14.1.pvwm6rcb1tmuvkk29o0al2goh,0.56%,18.44,/,125.5GiB,14.69%,2.11TB,/,2.51TB,719GB,/,9.94GB,302
2022-9-30 11:08:03,c6fbdd1c8b4d,hadoop-slave14.1.pvwm6rcb1tmuvkk29o0al2goh,0.57%,18.44,/,125.5GiB,14.69%,2.11TB,/,2.51TB,719GB,/,9.94GB,302
2022-09-30 11:08:04,c6fbdd1c8b4d,hadoop-slave14.1.pvwm6rcb1tmuvkk29o0al2goh,0.59%,18.44,/,125.5GiB,14.69%,2.11TB,/,2.51TB,719GB,/,9.94GB,302
2022-9-30 11:08:05,c6fbdd1c8b4d,hadoop-slave14.1.pvwm6rcb1tmuvkk29o0al2goh,0.62%,18.44,/,125.5GiB,14.69%,2.11TB,/,2.51TB,719GB,/,9.94GB,302
2022-09-30 11:08:06,c6fbdd1c8b4d,hadoop-slave14.1.pvwm6rcb1tmuvkk29o0al2goh,0.54%,18.44,/,125.5GiB,14.69%,2.11TB,/,2.51TB,719GB,/,9.94GB,302
2022-9-30 11:08:07,c6fbdd1c8b4d,hadoop-slave14.1.pvwm6rcb1tmuvkk29o0al2goh,0.47%,18.44,/,125.5GiB,14.69%,2.11TB,/,2.51TB,719GB,/,9.94GB,302
2022-09-30 11:08:08,c6fbdd1c8b4d,hadoop-slave14.1.pvwm6rcb1tmuvkk29o0al2goh,0.48%,18.44,/,125.5GiB,14.69%,2.11TB,/,2.51TB,719GB,/,9.94GB,302
2022-9-30 11:08:09,c6fbdd1c8b4d,hadoop-slave14.1.pvwm6rcb1tmuvkk29o0al2goh,0.49%,18.44,/,125.5GiB,14.69%,2.11TB,/,2.51TB,719GB,/,9.94GB,302
2022-09-30 11:08:10,c6fbdd1c8b4d,hadoop-slave14.1.pvwm6rcb1tmuvkk29o0al2goh,0.51%,18.44,/,125.5GiB,14.69%,2.11TB,/,2.51TB,719GB,/,9.94GB,302
2022-9-30 11:08:11,c6fbdd1c8b4d,hadoop-slave14.1.pvwm6rcb1tmuvkk29o0al2goh,0.52%,18.44,/,125.5GiB,14.69%,2.11TB,/,2.51TB,719GB,/,9.94GB,302
2022-09-30 11:08:12,c6fbdd1c8b4d,hadoop-slave14.1.pvwm6rcb1tmuvkk29o0al2goh,0.52%,18.44,/,125.5GiB,14.69%,2.11TB,/,2.51TB,719GB,/,9.94GB,302
2022-9-30 11:08:13,c6fbdd1c8b4d,hadoop-slave14.1.pvwm6rcb1tmuvkk29o0al2goh,0.52%,18.44,/,125.5GiB,14.69%,2.11TB,/,2.51TB,719GB,/,9.94GB,302
2022-09-30 11:08:14,c6fbdd1c8b4d,hadoop-slave14.1.pvwm6rcb1tmuvkk29o0al2goh,0.52%,18.44,/,125.5GiB,14.69%,2.11TB,/,2.51TB,719GB,/,9.94GB,302
2022-9-30 11:08:15,c6fbdd1c8b4d,hadoop-slave14.1.pvwm6rcb1tmuvkk29o0al2goh,0.52%,18.44,/,125.5GiB,14.69%,2.11TB,/,2.51TB,719GB,/,9.94GB,302
2022-09-30 11:08:16,c6fbdd1c8b4d,hadoop-slave14.1.pvwm6rcb1tmuvkk29o0al2goh,0.52%,18.44,/,125.5GiB,14.69%,2.11TB,/,2.51TB,719GB,/,9.94GB,302
2022-9-30 11:08:17,c6fbdd1c8b4d,hadoop-slave14.1.pvwm6rcb1tmuvkk29o0al2goh,0.52%,18.44,/,125.5GiB,14.69%,2.11TB,/,2.51TB,719GB,/,9.94GB,302
2022-09-30 11:08:18,c6fbdd1c8b4d,hadoop-slave14.1.pvwm6rcb1tmuvkk29o0al2goh,0.79%,18.44,/,125.5GiB,14.69%,2.11TB,/,2.51TB,719GB,/,9.94GB,302
2022-9-30 11:08:19,c6fbdd1c8b4d,hadoop-slave14.1.pvwm6rcb1tmuvkk29o0al2goh,1.06%,18.44,/,125.5GiB,14.69%,2.11TB,/,2.51TB,719GB,/,9.94GB,302
2022-09-30 11:08:20,c6fbdd1c8b4d,hadoop-slave14.1.pvwm6rcb1tmuvkk29o0al2goh,0.8%,18.44,/,125.5GiB,14.69%,2.11TB,/,2.51TB,719GB,/,9.94GB,302
2022-9-30 11:08:21,c6fbdd1c8b4d,hadoop-slave14.1.pvwm6rcb1tmuvkk29o0al2goh,0.54%,18.44,/,125.5GiB,14.69%,2.11TB,/,2.51TB,719GB,/,9.94GB,302
2022-09-30 11:08:22,c6fbdd1c8b4d,hadoop-slave14.1.pvwm6rcb1tmuvkk29o0al2goh,0.6%,18.44,/,125.5GiB,14.69%,2.11TB,/,2.51TB,719GB,/,9.94GB,302
2022-9-30 11:08:23,c6fbdd1c8b4d,hadoop-slave14.1.pvwm6rcb1tmuvkk29o0al2goh,0.67%,18.44,/,125.5GiB,14.69%,2.11TB,/,2.51TB,719GB,/,9.94GB,302
2022-09-30 11:08:24,c6fbdd1c8b4d,hadoop-slave14.1.pvwm6rcb1tmuvkk29o0al2goh,13.14%,18.44,/,125.5GiB,14.69%,2.11TB,/,2.51TB,719GB,/,9.94GB,302
2022-9-30 11:08:25,c6fbdd1c8b4d,hadoop-slave14.1.pvwm6rcb1tmuvkk29o0al2goh,25.60%,18.44,/,125.5GiB,14.69%,2.11TB,/,2.51TB,719GB,/,9.94GB,312
2022-09-30 11:08:26,c6fbdd1c8b4d,hadoop-slave14.1.pvwm6rcb1tmuvkk29o0al2goh,21.7%,18.44,/,125.5GiB,14.7%,2.11TB,/,2.51TB,719GB,/,9.94GB,312
2022-9-30 11:08:27,c6fbdd1c8b4d,hadoop-slave14.1.pvwm6rcb1tmuvkk29o0al2goh,17.80%,18.44,/,125.5GiB,14.70%,2.11TB,/,2.51TB,719GB,/,9.94GB,315
2022-09-30 11:08:28,c6fbdd1c8b4d,hadoop-slave14.1.pvwm6rcb1tmuvkk29o0al2goh,18.8%,18.44,/,125.5GiB,14.7%,2.11TB,/,2.51TB,719GB,/,9.94GB,315
2022-9-30 11:08:29,c6fbdd1c8b4d,hadoop-slave14.1.pvwm6rcb1tmuvkk29o0al2goh,19.79%,18.44,/,125.5GiB,14.70%,2.11TB,/,2.51TB,719GB,/,9.94GB,319
2022-09-30 11:08:30,c6fbdd1c8b4d,hadoop-slave14.1.pvwm6rcb1tmuvkk29o0al2goh,21.95%,18.44,/,125.5GiB,14.7%,2.11TB,/,2.51TB,719GB,/,9.94GB,319
2022-9-30 11:08:31,c6fbdd1c8b4d,hadoop-slave14.1.pvwm6rcb1tmuvkk29o0al2goh,24.11%,18.44,/,125.5GiB,14.70%,2.11TB,/,2.51TB,719GB,/,9.94GB,318
2022-09-30 11:08:32,c6fbdd1c8b4d,hadoop-slave14.1.pvwm6rcb1tmuvkk29o0al2goh,27.65%,18.44,/,125.5GiB,14.7%,2.11TB,/,2.51TB,719GB,/,9.94GB,318
2022-9-30 11:08:33,c6fbdd1c8b4d,hadoop-slave14.1.pvwm6rcb1tmuvkk29o0al2goh,31.19%,18.44,/,125.5GiB,14.70%,2.11TB,/,2.51TB,719GB,/,9.94GB,318
2022-09-30 11:08:34,c6fbdd1c8b4d,hadoop-slave14.1.pvwm6rcb1tmuvkk29o0al2goh,140.37%,18.44,/,125.5GiB,14.74%,2.11TB,/,2.51TB,719GB,/,9.94GB,318
2022-9-30 11:08:35,c6fbdd1c8b4d,hadoop-slave14.1.pvwm6rcb1tmuvkk29o0al2goh,249.55%,18.56,/,125.5GiB,14.79%,2.12TB,/,2.51TB,719GB,/,9.94GB,559
2022-09-30 11:08:36,c6fbdd1c8b4d,hadoop-slave14.1.pvwm6rcb1tmuvkk29o0al2goh,756.45%,18.56,/,125.5GiB,15.3%,2.12TB,/,2.51TB,719GB,/,9.94GB,559
2022-9-30 11:08:37,c6fbdd1c8b4d,hadoop-slave14.1.pvwm6rcb1tmuvkk29o0al2goh,1263.36%,19.84,/,125.5GiB,15.81%,2.12TB,/,2.51TB,719GB,/,9.94GB,667
2022-09-30 11:08:38,c6fbdd1c8b4d,hadoop-slave14.1.pvwm6rcb1tmuvkk29o0al2goh,650.53%,19.84,/,125.5GiB,15.86%,2.12TB,/,2.51TB,719GB,/,9.94GB,667
2022-9-30 11:08:39,c6fbdd1c8b4d,hadoop-slave14.1.pvwm6rcb1tmuvkk29o0al2goh,37.71%,19.95,/,125.5GiB,15.90%,2.12TB,/,2.51TB,719GB,/,9.94GB,643
2022-09-30 11:08:40,c6fbdd1c8b4d,hadoop-slave14.1.pvwm6rcb1tmuvkk29o0al2goh,51.2%,19.95,/,125.5GiB,15.88%,2.12TB,/,2.51TB,719GB,/,9.94GB,643
2022-9-30 11:08:41,c6fbdd1c8b4d,hadoop-slave14.1.pvwm6rcb1tmuvkk29o0al2goh,64.70%,19.9,/,125.5GiB,15.86%,2.12TB,/,2.51TB,719GB,/,9.94GB,642
2022-09-30 11:08:42,c6fbdd1c8b4d,hadoop-slave14.1.pvwm6rcb1tmuvkk29o0al2goh,200.39%,19.9,/,125.5GiB,15.98%,2.12TB,/,2.51TB,719GB,/,9.94GB,642
2022-9-30 11:08:43,c6fbdd1c8b4d,hadoop-slave14.1.pvwm6rcb1tmuvkk29o0al2goh,336.09%,20.22,/,125.5GiB,16.11%,2.12TB,/,2.51TB,719GB,/,9.94GB,709
2022-09-30 11:08:44,c6fbdd1c8b4d,hadoop-slave14.1.pvwm6rcb1tmuvkk29o0al2goh,169.82%,20.22,/,125.5GiB,16.13%,2.12TB,/,2.51TB,719GB,/,9.94GB,709
2022-09-30 11:08:45,c6fbdd1c8b4d,hadoop-slave14.1.pvwm6rcb1tmuvkk29o0al2goh,169.82%,20.22,/,125.5GiB,16.13%,2.12TB,/,2.51TB,719GB,/,9.94GB,709
2022-9-30 11:08:46,c6fbdd1c8b4d,hadoop-slave14.1.pvwm6rcb1tmuvkk29o0al2goh,3.55%,20.28,/,125.5GiB,16.16%,2.12TB,/,2.51TB,719GB,/,9.94GB,723
2022-09-30 11:08:47,c6fbdd1c8b4d,hadoop-slave14.1.pvwm6rcb1tmuvkk29o0al2goh,276.44%,20.28,/,125.5GiB,16.19%,2.12TB,/,2.51TB,719GB,/,9.94GB,723
2022-9-30 11:08:48,c6fbdd1c8b4d,hadoop-slave14.1.pvwm6rcb1tmuvkk29o0al2goh,549.32%,20.35,/,125.5GiB,16.22%,2.12TB,/,2.51TB,719GB,/,9.94GB,721
2022-09-30 11:08:49,c6fbdd1c8b4d,hadoop-slave14.1.pvwm6rcb1tmuvkk29o0al2goh,451.31%,20.35,/,125.5GiB,16.25%,2.12TB,/,2.51TB,719GB,/,9.94GB,721
2022-9-30 11:08:50,c6fbdd1c8b4d,hadoop-slave14.1.pvwm6rcb1tmuvkk29o0al2goh,353.29%,20.43,/,125.5GiB,16.28%,2.12TB,/,2.51TB,719GB,/,9.94GB,737
2022-09-30 11:08:51,c6fbdd1c8b4d,hadoop-slave14.1.pvwm6rcb1tmuvkk29o0al2goh,275.86%,20.43,/,125.5GiB,16.32%,2.12TB,/,2.51TB,719GB,/,9.94GB,737
2022-9-30 11:08:52,c6fbdd1c8b4d,hadoop-slave14.1.pvwm6rcb1tmuvkk29o0al2goh,198.42%,20.53,/,125.5GiB,16.36%,2.12TB,/,2.51TB,719GB,/,9.94GB,755
2022-09-30 11:08:53,c6fbdd1c8b4d,hadoop-slave14.1.pvwm6rcb1tmuvkk29o0al2goh,1020.31%,20.53,/,125.5GiB,16.73%,2.12TB,/,2.51TB,719GB,/,9.94GB,755
2022-9-30 11:08:54,c6fbdd1c8b4d,hadoop-slave14.1.pvwm6rcb1tmuvkk29o0al2goh,1842.19%,21.46,/,125.5GiB,17.10%,2.12TB,/,2.51TB,719GB,/,9.95GB,820
2022-09-30 11:08:55,c6fbdd1c8b4d,hadoop-slave14.1.pvwm6rcb1tmuvkk29o0al2goh,2263.7%,21.46,/,125.5GiB,17.89%,2.12TB,/,2.51TB,719GB,/,9.95GB,820
2022-9-30 11:08:56,c6fbdd1c8b4d,hadoop-slave14.1.pvwm6rcb1tmuvkk29o0al2goh,2685.22%,23.43,/,125.5GiB,18.67%,2.12TB,/,2.51TB,719GB,/,9.95GB,831
2022-09-30 11:08:57,c6fbdd1c8b4d,hadoop-slave14.1.pvwm6rcb1tmuvkk29o0al2goh,2936.5%,23.43,/,125.5GiB,21.95%,2.12TB,/,2.51TB,719GB,/,9.95GB,831
2022-9-30 11:08:58,c6fbdd1c8b4d,hadoop-slave14.1.pvwm6rcb1tmuvkk29o0al2goh,3187.78%,31.67,/,125.5GiB,25.23%,2.12TB,/,2.51TB,719GB,/,9.95GB,898
2022-09-30 11:08:59,c6fbdd1c8b4d,hadoop-slave14.1.pvwm6rcb1tmuvkk29o0al2goh,3651.24%,31.67,/,125.5GiB,27.96%,2.12TB,/,2.51TB,719GB,/,9.95GB,898
2022-9-30 11:09:00,c6fbdd1c8b4d,hadoop-slave14.1.pvwm6rcb1tmuvkk29o0al2goh,4114.71%,38.52,/,125.5GiB,30.69%,2.12TB,/,2.51TB,719GB,/,9.95GB,899
2022-09-30 11:09:01,c6fbdd1c8b4d,hadoop-slave14.1.pvwm6rcb1tmuvkk29o0al2goh,4006.57%,38.52,/,125.5GiB,31.31%,2.12TB,/,2.51TB,719GB,/,9.95GB,899
2022-9-30 11:09:02,c6fbdd1c8b4d,hadoop-slave14.1.pvwm6rcb1tmuvkk29o0al2goh,3898.42%,40.08,/,125.5GiB,31.93%,2.12TB,/,2.51TB,719GB,/,9.95GB,894
2022-09-30 11:09:03,c6fbdd1c8b4d,hadoop-slave14.1.pvwm6rcb1tmuvkk29o0al2goh,3597.96%,40.08,/,125.5GiB,32.14%,2.12TB,/,2.51TB,719GB,/,9.95GB,894
2022-9-30 11:09:04,c6fbdd1c8b4d,hadoop-slave14.1.pvwm6rcb1tmuvkk29o0al2goh,3297.50%,40.61,/,125.5GiB,32.36%,2.12TB,/,2.51TB,720GB,/,9.95GB,872
2022-09-30 11:09:05,c6fbdd1c8b4d,hadoop-slave14.1.pvwm6rcb1tmuvkk29o0al2goh,2908.21%,40.61,/,125.5GiB,30.46%,2.12TB,/,2.51TB,720GB,/,9.95GB,872
2022-9-30 11:09:06,c6fbdd1c8b4d,hadoop-slave14.1.pvwm6rcb1tmuvkk29o0al2goh,2518.92%,35.85,/,125.5GiB,28.57%,2.12TB,/,2.51TB,720GB,/,9.95GB,859
2022-09-30 11:09:07,c6fbdd1c8b4d,hadoop-slave14.1.pvwm6rcb1tmuvkk29o0al2goh,2441.66%,35.85,/,125.5GiB,27.52%,2.12TB,/,2.51TB,720GB,/,9.95GB,859
2022-9-30 11:09:08,c6fbdd1c8b4d,hadoop-slave14.1.pvwm6rcb1tmuvkk29o0al2goh,2364.40%,33.22,/,125.5GiB,26.47%,2.12TB,/,2.51TB,720GB,/,9.95GB,874
2022-09-30 11:09:09,c6fbdd1c8b4d,hadoop-slave14.1.pvwm6rcb1tmuvkk29o0al2goh,3065.98%,33.22,/,125.5GiB,29.1%,2.12TB,/,2.51TB,720GB,/,9.95GB,874
2022-9-30 11:09:10,c6fbdd1c8b4d,hadoop-slave14.1.pvwm6rcb1tmuvkk29o0al2goh,3767.56%,39.83,/,125.5GiB,31.74%,2.12TB,/,2.51TB,720GB,/,9.95GB,907
2022-09-30 11:09:11,c6fbdd1c8b4d,hadoop-slave14.1.pvwm6rcb1tmuvkk29o0al2goh,3977.64%,39.83,/,125.5GiB,33.48%,2.12TB,/,2.51TB,720GB,/,9.95GB,907
2022-9-30 11:09:12,c6fbdd1c8b4d,hadoop-slave14.1.pvwm6rcb1tmuvkk29o0al2goh,4187.71%,44.2,/,125.5GiB,35.22%,2.12TB,/,2.51TB,720GB,/,9.95GB,911
2022-09-30 11:09:13,c6fbdd1c8b4d,hadoop-slave14.1.pvwm6rcb1tmuvkk29o0al2goh,4186.43%,44.2,/,125.5GiB,36.88%,2.12TB,/,2.51TB,720GB,/,9.95GB,911
2022-9-30 11:09:14,c6fbdd1c8b4d,hadoop-slave14.1.pvwm6rcb1tmuvkk29o0al2goh,4185.14%,48.38,/,125.5GiB,38.55%,2.12TB,/,2.51TB,720GB,/,9.95GB,912
2022-09-30 11:09:15,c6fbdd1c8b4d,hadoop-slave14.1.pvwm6rcb1tmuvkk29o0al2goh,4213.3%,48.38,/,125.5GiB,39.1%,2.12TB,/,2.51TB,720GB,/,9.95GB,912
2022-9-30 11:09:16,c6fbdd1c8b4d,hadoop-slave14.1.pvwm6rcb1tmuvkk29o0al2goh,4241.45%,49.76,/,125.5GiB,39.65%,2.12TB,/,2.51TB,720GB,/,9.95GB,911
2022-09-30 11:09:17,c6fbdd1c8b4d,hadoop-slave14.1.pvwm6rcb1tmuvkk29o0al2goh,4204.65%,49.76,/,125.5GiB,40.57%,2.12TB,/,2.51TB,720GB,/,9.95GB,911
2022-9-30 11:09:18,c6fbdd1c8b4d,hadoop-slave14.1.pvwm6rcb1tmuvkk29o0al2goh,4167.84%,52.07,/,125.5GiB,41.49%,2.12TB,/,2.51TB,720GB,/,9.95GB,914
2022-09-30 11:09:19,c6fbdd1c8b4d,hadoop-slave14.1.pvwm6rcb1tmuvkk29o0al2goh,4116.28%,52.07,/,125.5GiB,42.17%,2.12TB,/,2.51TB,720GB,/,9.95GB,914
2022-9-30 11:09:20,c6fbdd1c8b4d,hadoop-slave14.1.pvwm6rcb1tmuvkk29o0al2goh,4064.72%,53.76,/,125.5GiB,42.84%,2.12TB,/,2.51TB,720GB,/,9.95GB,908
2022-09-30 11:09:21,c6fbdd1c8b4d,hadoop-slave14.1.pvwm6rcb1tmuvkk29o0al2goh,4285.89%,53.76,/,125.5GiB,43.23%,2.12TB,/,2.51TB,720GB,/,9.95GB,908
2022-9-30 11:09:22,c6fbdd1c8b4d,hadoop-slave14.1.pvwm6rcb1tmuvkk29o0al2goh,4507.05%,54.75,/,125.5GiB,43.62%,2.12TB,/,2.51TB,720GB,/,9.95GB,879
2022-09-30 11:09:23,c6fbdd1c8b4d,hadoop-slave14.1.pvwm6rcb1tmuvkk29o0al2goh,4253.1%,54.75,/,125.5GiB,44.12%,2.12TB,/,2.51TB,720GB,/,9.95GB,879
2022-9-30 11:09:24,c6fbdd1c8b4d,hadoop-slave14.1.pvwm6rcb1tmuvkk29o0al2goh,3999.15%,55.99,/,125.5GiB,44.62%,2.12TB,/,2.51TB,720GB,/,9.95GB,900
2022-09-30 11:09:25,c6fbdd1c8b4d,hadoop-slave14.1.pvwm6rcb1tmuvkk29o0al2goh,4061.62%,55.99,/,125.5GiB,45.46%,2.12TB,/,2.51TB,720GB,/,9.95GB,900
2022-9-30 11:09:26,c6fbdd1c8b4d,hadoop-slave14.1.pvwm6rcb1tmuvkk29o0al2goh,4124.09%,58.1,/,125.5GiB,46.30%,2.12TB,/,2.51TB,720GB,/,9.95GB,896
2022-09-30 11:09:27,c6fbdd1c8b4d,hadoop-slave14.1.pvwm6rcb1tmuvkk29o0al2goh,4113.62%,58.1,/,125.5GiB,46.34%,2.12TB,/,2.51TB,720GB,/,9.95GB,896
2022-9-30 11:09:28,c6fbdd1c8b4d,hadoop-slave14.1.pvwm6rcb1tmuvkk29o0al2goh,4103.15%,58.2,/,125.5GiB,46.38%,2.12TB,/,2.51TB,720GB,/,9.95GB,900
2022-09-30 11:09:29,c6fbdd1c8b4d,hadoop-slave14.1.pvwm6rcb1tmuvkk29o0al2goh,4108.9%,58.2,/,125.5GiB,46.64%,2.12TB,/,2.51TB,720GB,/,9.95GB,900
2022-9-30 11:09:30,c6fbdd1c8b4d,hadoop-slave14.1.pvwm6rcb1tmuvkk29o0al2goh,4114.64%,58.85,/,125.5GiB,46.89%,2.12TB,/,2.51TB,720GB,/,9.95GB,898
2022-09-30 11:09:31,c6fbdd1c8b4d,hadoop-slave14.1.pvwm6rcb1tmuvkk29o0al2goh,4012.12%,58.85,/,125.5GiB,47.6%,2.12TB,/,2.51TB,720GB,/,9.95GB,898
2022-9-30 11:09:32,c6fbdd1c8b4d,hadoop-slave14.1.pvwm6rcb1tmuvkk29o0al2goh,3909.60%,60.63,/,125.5GiB,48.31%,2.12TB,/,2.51TB,720GB,/,9.95GB,900
2022-09-30 11:09:33,c6fbdd1c8b4d,hadoop-slave14.1.pvwm6rcb1tmuvkk29o0al2goh,3981.21%,60.63,/,125.5GiB,48.36%,2.12TB,/,2.51TB,720GB,/,9.95GB,900
2022-9-30 11:09:34,c6fbdd1c8b4d,hadoop-slave14.1.pvwm6rcb1tmuvkk29o0al2goh,4052.82%,60.75,/,125.5GiB,48.41%,2.12TB,/,2.51TB,720GB,/,9.95GB,898
2022-09-30 11:09:35,c6fbdd1c8b4d,hadoop-slave14.1.pvwm6rcb1tmuvkk29o0al2goh,4173.53%,60.75,/,125.5GiB,46.8%,2.12TB,/,2.51TB,720GB,/,9.95GB,898
2022-9-30 11:09:36,c6fbdd1c8b4d,hadoop-slave14.1.pvwm6rcb1tmuvkk29o0al2goh,4294.24%,56.71,/,125.5GiB,45.19%,2.12TB,/,2.51TB,720GB,/,9.95GB,800
2022-09-30 11:09:37,c6fbdd1c8b4d,hadoop-slave14.1.pvwm6rcb1tmuvkk29o0al2goh,4104.57%,56.71,/,125.5GiB,45.45%,2.12TB,/,2.51TB,720GB,/,9.95GB,800
2022-9-30 11:09:38,c6fbdd1c8b4d,hadoop-slave14.1.pvwm6rcb1tmuvkk29o0al2goh,3914.91%,57.37,/,125.5GiB,45.71%,2.12TB,/,2.51TB,720GB,/,9.95GB,805
2022-09-30 11:09:39,c6fbdd1c8b4d,hadoop-slave14.1.pvwm6rcb1tmuvkk29o0al2goh,4010.28%,57.37,/,125.5GiB,45.84%,2.12TB,/,2.51TB,720GB,/,9.95GB,805
2022-9-30 11:09:40,c6fbdd1c8b4d,hadoop-slave14.1.pvwm6rcb1tmuvkk29o0al2goh,4105.65%,57.69,/,125.5GiB,45.97%,2.12TB,/,2.51TB,720GB,/,9.95GB,782
2022-09-30 11:09:41,c6fbdd1c8b4d,hadoop-slave14.1.pvwm6rcb1tmuvkk29o0al2goh,4080.3%,57.69,/,125.5GiB,46.11%,2.12TB,/,2.51TB,720GB,/,9.95GB,782
2022-9-30 11:09:42,c6fbdd1c8b4d,hadoop-slave14.1.pvwm6rcb1tmuvkk29o0al2goh,4054.95%,58.05,/,125.5GiB,46.26%,2.12TB,/,2.51TB,720GB,/,9.95GB,788
2022-09-30 11:09:43,c6fbdd1c8b4d,hadoop-slave14.1.pvwm6rcb1tmuvkk29o0al2goh,3713.17%,58.05,/,125.5GiB,46.21%,2.12TB,/,2.51TB,720GB,/,9.95GB,788
2022-9-30 11:09:44,c6fbdd1c8b4d,hadoop-slave14.1.pvwm6rcb1tmuvkk29o0al2goh,3371.39%,57.93,/,125.5GiB,46.16%,2.12TB,/,2.51TB,720GB,/,9.95GB,756
2022-09-30 11:09:45,c6fbdd1c8b4d,hadoop-slave14.1.pvwm6rcb1tmuvkk29o0al2goh,1686.15%,57.93,/,125.5GiB,46.04%,2.12TB,/,2.51TB,720GB,/,9.95GB,756
2022-9-30 11:09:46,c6fbdd1c8b4d,hadoop-slave14.1.pvwm6rcb1tmuvkk29o0al2goh,0.92%,57.63,/,125.5GiB,45.92%,2.12TB,/,2.51TB,720GB,/,9.95GB,749
2022-09-30 11:09:47,c6fbdd1c8b4d,hadoop-slave14.1.pvwm6rcb1tmuvkk29o0al2goh,1360.02%,57.63,/,125.5GiB,46.15%,2.12TB,/,2.51TB,720GB,/,9.95GB,749
2022-9-30 11:09:48,c6fbdd1c8b4d,hadoop-slave14.1.pvwm6rcb1tmuvkk29o0al2goh,2719.12%,58.21,/,125.5GiB,46.38%,2.12TB,/,2.51TB,720GB,/,9.95GB,781
2022-09-30 11:09:49,c6fbdd1c8b4d,hadoop-slave14.1.pvwm6rcb1tmuvkk29o0al2goh,2044.98%,58.21,/,125.5GiB,46.93%,2.12TB,/,2.51TB,720GB,/,9.95GB,781
2022-9-30 11:09:50,c6fbdd1c8b4d,hadoop-slave14.1.pvwm6rcb1tmuvkk29o0al2goh,1370.85%,59.59,/,125.5GiB,47.48%,2.12TB,/,2.51TB,720GB,/,9.95GB,782
2022-09-30 11:09:51,c6fbdd1c8b4d,hadoop-slave14.1.pvwm6rcb1tmuvkk29o0al2goh,1961.07%,59.59,/,125.5GiB,47.81%,2.12TB,/,2.51TB,720GB,/,9.95GB,782
2022-9-30 11:09:52,c6fbdd1c8b4d,hadoop-slave14.1.pvwm6rcb1tmuvkk29o0al2goh,2551.28%,60.42,/,125.5GiB,48.14%,2.12TB,/,2.51TB,720GB,/,9.95GB,766
2022-09-30 11:09:53,c6fbdd1c8b4d,hadoop-slave14.1.pvwm6rcb1tmuvkk29o0al2goh,2340.9%,60.42,/,125.5GiB,48.58%,2.12TB,/,2.51TB,720GB,/,9.95GB,766
2022-9-30 11:09:54,c6fbdd1c8b4d,hadoop-slave14.1.pvwm6rcb1tmuvkk29o0al2goh,2130.52%,61.52,/,125.5GiB,49.02%,2.12TB,/,2.51TB,720GB,/,9.95GB,762
2022-09-30 11:09:55,c6fbdd1c8b4d,hadoop-slave14.1.pvwm6rcb1tmuvkk29o0al2goh,1888.58%,61.52,/,125.5GiB,49.18%,2.12TB,/,2.51TB,720GB,/,9.95GB,762
2022-9-30 11:09:56,c6fbdd1c8b4d,hadoop-slave14.1.pvwm6rcb1tmuvkk29o0al2goh,1646.63%,61.92,/,125.5GiB,49.34%,2.12TB,/,2.51TB,720GB,/,9.95GB,762
2022-09-30 11:09:57,c6fbdd1c8b4d,hadoop-slave14.1.pvwm6rcb1tmuvkk29o0al2goh,2520.89%,61.92,/,125.5GiB,50.52%,2.12TB,/,2.51TB,720GB,/,9.95GB,762
2022-9-30 11:09:58,c6fbdd1c8b4d,hadoop-slave14.1.pvwm6rcb1tmuvkk29o0al2goh,3395.14%,64.89,/,125.5GiB,51.70%,2.12TB,/,2.51TB,720GB,/,9.95GB,762
2022-09-30 11:09:59,c6fbdd1c8b4d,hadoop-slave14.1.pvwm6rcb1tmuvkk29o0al2goh,2975.99%,64.89,/,125.5GiB,52.27%,2.12TB,/,2.51TB,720GB,/,9.95GB,762
2022-9-30 11:10:00,c6fbdd1c8b4d,hadoop-slave14.1.pvwm6rcb1tmuvkk29o0al2goh,2556.84%,66.31,/,125.5GiB,52.84%,2.12TB,/,2.51TB,720GB,/,9.95GB,762
2022-09-30 11:10:01,c6fbdd1c8b4d,hadoop-slave14.1.pvwm6rcb1tmuvkk29o0al2goh,1736.52%,66.31,/,125.5GiB,52.85%,2.12TB,/,2.51TB,720GB,/,9.95GB,762
2022-9-30 11:10:02,c6fbdd1c8b4d,hadoop-slave14.1.pvwm6rcb1tmuvkk29o0al2goh,916.20%,66.33,/,125.5GiB,52.86%,2.12TB,/,2.51TB,720GB,/,9.95GB,762
2022-09-30 11:10:03,c6fbdd1c8b4d,hadoop-slave14.1.pvwm6rcb1tmuvkk29o0al2goh,1835.01%,66.33,/,125.5GiB,53.03%,2.12TB,/,2.51TB,720GB,/,9.95GB,762
2022-9-30 11:10:04,c6fbdd1c8b4d,hadoop-slave14.1.pvwm6rcb1tmuvkk29o0al2goh,2753.82%,66.78,/,125.5GiB,53.21%,2.12TB,/,2.51TB,720GB,/,9.95GB,762
2022-09-30 11:10:05,c6fbdd1c8b4d,hadoop-slave14.1.pvwm6rcb1tmuvkk29o0al2goh,3510.48%,66.78,/,125.5GiB,54.22%,2.12TB,/,2.51TB,720GB,/,9.95GB,762
2022-9-30 11:10:06,c6fbdd1c8b4d,hadoop-slave14.1.pvwm6rcb1tmuvkk29o0al2goh,4267.15%,69.3,/,125.5GiB,55.22%,2.12TB,/,2.51TB,720GB,/,9.95GB,762
2022-09-30 11:10:07,c6fbdd1c8b4d,hadoop-slave14.1.pvwm6rcb1tmuvkk29o0al2goh,3445.87%,69.3,/,125.5GiB,56.16%,2.12TB,/,2.51TB,720GB,/,9.95GB,762
2022-9-30 11:10:08,c6fbdd1c8b4d,hadoop-slave14.1.pvwm6rcb1tmuvkk29o0al2goh,2624.59%,71.65,/,125.5GiB,57.09%,2.12TB,/,2.51TB,720GB,/,9.95GB,762
2022-09-30 11:10:09,c6fbdd1c8b4d,hadoop-slave14.1.pvwm6rcb1tmuvkk29o0al2goh,1623.35%,71.65,/,125.5GiB,57.0%,2.12TB,/,2.51TB,720GB,/,9.95GB,762
2022-9-30 11:10:10,c6fbdd1c8b4d,hadoop-slave14.1.pvwm6rcb1tmuvkk29o0al2goh,622.11%,71.4,/,125.5GiB,56.90%,2.12TB,/,2.51TB,720GB,/,9.95GB,761
2022-09-30 11:10:11,c6fbdd1c8b4d,hadoop-slave14.1.pvwm6rcb1tmuvkk29o0al2goh,684.63%,71.4,/,125.5GiB,56.91%,2.12TB,/,2.51TB,720GB,/,9.95GB,761
2022-9-30 11:10:12,c6fbdd1c8b4d,hadoop-slave14.1.pvwm6rcb1tmuvkk29o0al2goh,747.16%,71.43,/,125.5GiB,56.92%,2.12TB,/,2.51TB,720GB,/,9.95GB,761
2022-09-30 11:10:13,c6fbdd1c8b4d,hadoop-slave14.1.pvwm6rcb1tmuvkk29o0al2goh,1962.17%,71.43,/,125.5GiB,57.29%,2.12TB,/,2.51TB,720GB,/,9.95GB,761
2022-9-30 11:10:14,c6fbdd1c8b4d,hadoop-slave14.1.pvwm6rcb1tmuvkk29o0al2goh,3177.19%,72.37,/,125.5GiB,57.66%,2.12TB,/,2.51TB,720GB,/,9.95GB,761
2022-09-30 11:10:15,c6fbdd1c8b4d,hadoop-slave14.1.pvwm6rcb1tmuvkk29o0al2goh,2574.18%,72.37,/,125.5GiB,57.99%,2.12TB,/,2.51TB,720GB,/,9.95GB,761
2022-9-30 11:10:16,c6fbdd1c8b4d,hadoop-slave14.1.pvwm6rcb1tmuvkk29o0al2goh,1971.17%,73.21,/,125.5GiB,58.33%,2.12TB,/,2.52TB,720GB,/,9.95GB,761
2022-09-30 11:10:17,c6fbdd1c8b4d,hadoop-slave14.1.pvwm6rcb1tmuvkk29o0al2goh,2094.59%,73.21,/,125.5GiB,58.41%,2.12TB,/,2.52TB,720GB,/,9.95GB,761
2022-09-30 11:10:18,c6fbdd1c8b4d,hadoop-slave14.1.pvwm6rcb1tmuvkk29o0al2goh,2094.59%,73.21,/,125.5GiB,58.41%,2.12TB,/,2.52TB,720GB,/,9.95GB,761
2022-09-30 11:10:19,c6fbdd1c8b4d,hadoop-slave14.1.pvwm6rcb1tmuvkk29o0al2goh,2094.59%,73.21,/,125.5GiB,58.41%,2.12TB,/,2.52TB,720GB,/,9.95GB,761
2022-9-30 11:10:20,c6fbdd1c8b4d,hadoop-slave14.1.pvwm6rcb1tmuvkk29o0al2goh,2218.01%,73.39,/,125.5GiB,58.48%,2.12TB,/,2.52TB,720GB,/,9.95GB,761
2022-09-30 11:10:21,c6fbdd1c8b4d,hadoop-slave14.1.pvwm6rcb1tmuvkk29o0al2goh,2330.18%,73.39,/,125.5GiB,58.5%,2.12TB,/,2.52TB,720GB,/,9.95GB,761
2022-9-30 11:10:22,c6fbdd1c8b4d,hadoop-slave14.1.pvwm6rcb1tmuvkk29o0al2goh,2442.34%,73.45,/,125.5GiB,58.53%,2.12TB,/,2.52TB,720GB,/,9.95GB,761
2022-09-30 11:10:23,c6fbdd1c8b4d,hadoop-slave14.1.pvwm6rcb1tmuvkk29o0al2goh,2483.22%,73.45,/,125.5GiB,58.55%,2.12TB,/,2.52TB,720GB,/,9.95GB,761
2022-09-30 11:10:24,c6fbdd1c8b4d,hadoop-slave14.1.pvwm6rcb1tmuvkk29o0al2goh,2483.22%,73.45,/,125.5GiB,58.55%,2.12TB,/,2.52TB,720GB,/,9.95GB,761
2022-9-30 11:10:25,c6fbdd1c8b4d,hadoop-slave14.1.pvwm6rcb1tmuvkk29o0al2goh,2524.09%,73.49,/,125.5GiB,58.56%,2.12TB,/,2.52TB,720GB,/,9.95GB,761
2022-09-30 11:10:26,c6fbdd1c8b4d,hadoop-slave14.1.pvwm6rcb1tmuvkk29o0al2goh,2499.56%,73.49,/,125.5GiB,58.53%,2.12TB,/,2.52TB,720GB,/,9.95GB,761
2022-9-30 11:10:27,c6fbdd1c8b4d,hadoop-slave14.1.pvwm6rcb1tmuvkk29o0al2goh,2475.02%,73.43,/,125.5GiB,58.51%,2.12TB,/,2.52TB,720GB,/,9.95GB,761
2022-09-30 11:10:28,c6fbdd1c8b4d,hadoop-slave14.1.pvwm6rcb1tmuvkk29o0al2goh,2444.73%,73.43,/,125.5GiB,58.55%,2.12TB,/,2.52TB,720GB,/,9.95GB,761
2022-9-30 11:10:29,c6fbdd1c8b4d,hadoop-slave14.1.pvwm6rcb1tmuvkk29o0al2goh,2414.45%,73.52,/,125.5GiB,58.58%,2.12TB,/,2.52TB,720GB,/,9.95GB,761
2022-09-30 11:10:30,c6fbdd1c8b4d,hadoop-slave14.1.pvwm6rcb1tmuvkk29o0al2goh,2417.05%,73.52,/,125.5GiB,58.61%,2.12TB,/,2.52TB,720GB,/,9.95GB,761
2022-9-30 11:10:31,c6fbdd1c8b4d,hadoop-slave14.1.pvwm6rcb1tmuvkk29o0al2goh,2419.65%,73.59,/,125.5GiB,58.64%,2.12TB,/,2.52TB,720GB,/,9.95GB,761
2022-09-30 11:10:32,c6fbdd1c8b4d,hadoop-slave14.1.pvwm6rcb1tmuvkk29o0al2goh,2087.72%,73.59,/,125.5GiB,58.12%,2.12TB,/,2.52TB,720GB,/,9.95GB,761
2022-9-30 11:10:33,c6fbdd1c8b4d,hadoop-slave14.1.pvwm6rcb1tmuvkk29o0al2goh,1755.78%,72.28,/,125.5GiB,57.59%,2.12TB,/,2.52TB,720GB,/,9.95GB,758
2022-09-30 11:10:34,c6fbdd1c8b4d,hadoop-slave14.1.pvwm6rcb1tmuvkk29o0al2goh,1591.72%,72.28,/,125.5GiB,55.83%,2.12TB,/,2.52TB,720GB,/,9.95GB,758
2022-09-30 11:10:35,c6fbdd1c8b4d,hadoop-slave14.1.pvwm6rcb1tmuvkk29o0al2goh,1591.72%,72.28,/,125.5GiB,55.83%,2.12TB,/,2.52TB,720GB,/,9.95GB,758
2022-09-30 11:10:36,c6fbdd1c8b4d,hadoop-slave14.1.pvwm6rcb1tmuvkk29o0al2goh,1591.72%,72.28,/,125.5GiB,55.83%,2.12TB,/,2.52TB,720GB,/,9.95GB,758
2022-09-30 11:10:37,c6fbdd1c8b4d,hadoop-slave14.1.pvwm6rcb1tmuvkk29o0al2goh,1591.72%,72.28,/,125.5GiB,55.83%,2.12TB,/,2.52TB,720GB,/,9.95GB,758
2022-09-30 11:10:38,c6fbdd1c8b4d,hadoop-slave14.1.pvwm6rcb1tmuvkk29o0al2goh,1591.72%,72.28,/,125.5GiB,55.83%,2.12TB,/,2.52TB,720GB,/,9.95GB,758
2022-9-30 11:10:39,c6fbdd1c8b4d,hadoop-slave14.1.pvwm6rcb1tmuvkk29o0al2goh,1427.67%,67.86,/,125.5GiB,54.07%,2.12TB,/,2.52TB,720GB,/,9.95GB,756
2022-09-30 11:10:40,c6fbdd1c8b4d,hadoop-slave14.1.pvwm6rcb1tmuvkk29o0al2goh,1359.45%,67.86,/,125.5GiB,54.08%,2.12TB,/,2.52TB,720GB,/,9.95GB,756
2022-09-30 11:10:41,c6fbdd1c8b4d,hadoop-slave14.1.pvwm6rcb1tmuvkk29o0al2goh,1359.45%,67.86,/,125.5GiB,54.08%,2.12TB,/,2.52TB,720GB,/,9.95GB,756
2022-9-30 11:10:42,c6fbdd1c8b4d,hadoop-slave14.1.pvwm6rcb1tmuvkk29o0al2goh,1291.22%,67.88,/,125.5GiB,54.09%,2.12TB,/,2.52TB,720GB,/,9.95GB,751
2022-09-30 11:10:43,c6fbdd1c8b4d,hadoop-slave14.1.pvwm6rcb1tmuvkk29o0al2goh,1201.39%,67.88,/,125.5GiB,54.09%,2.12TB,/,2.52TB,720GB,/,9.95GB,751
2022-9-30 11:10:44,c6fbdd1c8b4d,hadoop-slave14.1.pvwm6rcb1tmuvkk29o0al2goh,1111.57%,67.88,/,125.5GiB,54.09%,2.12TB,/,2.52TB,720GB,/,9.95GB,735
2022-09-30 11:10:45,c6fbdd1c8b4d,hadoop-slave14.1.pvwm6rcb1tmuvkk29o0al2goh,727.2%,67.88,/,125.5GiB,54.09%,2.12TB,/,2.52TB,720GB,/,9.95GB,735
2022-9-30 11:10:46,c6fbdd1c8b4d,hadoop-slave14.1.pvwm6rcb1tmuvkk29o0al2goh,342.84%,67.89,/,125.5GiB,54.10%,2.12TB,/,2.52TB,720GB,/,9.95GB,724
2022-09-30 11:10:47,c6fbdd1c8b4d,hadoop-slave14.1.pvwm6rcb1tmuvkk29o0al2goh,406.19%,67.89,/,125.5GiB,54.11%,2.12TB,/,2.52TB,720GB,/,9.95GB,724
2022-9-30 11:10:48,c6fbdd1c8b4d,hadoop-slave14.1.pvwm6rcb1tmuvkk29o0al2goh,469.55%,67.9,/,125.5GiB,54.11%,2.12TB,/,2.52TB,720GB,/,9.95GB,724
2022-09-30 11:10:49,c6fbdd1c8b4d,hadoop-slave14.1.pvwm6rcb1tmuvkk29o0al2goh,450.65%,67.9,/,125.5GiB,54.11%,2.12TB,/,2.52TB,720GB,/,9.95GB,724
2022-9-30 11:10:50,c6fbdd1c8b4d,hadoop-slave14.1.pvwm6rcb1tmuvkk29o0al2goh,431.75%,67.91,/,125.5GiB,54.11%,2.12TB,/,2.52TB,720GB,/,9.95GB,724
2022-09-30 11:10:51,c6fbdd1c8b4d,hadoop-slave14.1.pvwm6rcb1tmuvkk29o0al2goh,461.15%,67.91,/,125.5GiB,54.18%,2.12TB,/,2.52TB,720GB,/,9.95GB,724
2022-9-30 11:10:52,c6fbdd1c8b4d,hadoop-slave14.1.pvwm6rcb1tmuvkk29o0al2goh,490.55%,68.09,/,125.5GiB,54.25%,2.12TB,/,2.52TB,720GB,/,9.95GB,723
2022-09-30 11:10:53,c6fbdd1c8b4d,hadoop-slave14.1.pvwm6rcb1tmuvkk29o0al2goh,516.27%,68.09,/,125.5GiB,54.27%,2.12TB,/,2.52TB,720GB,/,9.95GB,723
2022-9-30 11:10:54,c6fbdd1c8b4d,hadoop-slave14.1.pvwm6rcb1tmuvkk29o0al2goh,541.99%,68.14,/,125.5GiB,54.30%,2.12TB,/,2.52TB,720GB,/,9.95GB,723
2022-09-30 11:10:55,c6fbdd1c8b4d,hadoop-slave14.1.pvwm6rcb1tmuvkk29o0al2goh,584.36%,68.14,/,125.5GiB,54.31%,2.12TB,/,2.52TB,720GB,/,9.95GB,723
2022-9-30 11:10:56,c6fbdd1c8b4d,hadoop-slave14.1.pvwm6rcb1tmuvkk29o0al2goh,626.72%,68.19,/,125.5GiB,54.33%,2.12TB,/,2.52TB,720GB,/,9.95GB,723
2022-09-30 11:10:57,c6fbdd1c8b4d,hadoop-slave14.1.pvwm6rcb1tmuvkk29o0al2goh,639.34%,68.19,/,125.5GiB,54.25%,2.12TB,/,2.52TB,720GB,/,9.95GB,723
2022-9-30 11:10:58,c6fbdd1c8b4d,hadoop-slave14.1.pvwm6rcb1tmuvkk29o0al2goh,651.96%,67.98,/,125.5GiB,54.17%,2.12TB,/,2.52TB,720GB,/,9.95GB,723
2022-09-30 11:10:59,c6fbdd1c8b4d,hadoop-slave14.1.pvwm6rcb1tmuvkk29o0al2goh,509.45%,67.98,/,125.5GiB,54.16%,2.12TB,/,2.52TB,720GB,/,9.95GB,723
2022-9-30 11:11:00,c6fbdd1c8b4d,hadoop-slave14.1.pvwm6rcb1tmuvkk29o0al2goh,366.93%,67.96,/,125.5GiB,54.15%,2.12TB,/,2.52TB,720GB,/,9.95GB,723
2022-09-30 11:11:01,c6fbdd1c8b4d,hadoop-slave14.1.pvwm6rcb1tmuvkk29o0al2goh,340.97%,67.96,/,125.5GiB,54.16%,2.12TB,/,2.52TB,720GB,/,9.95GB,723
2022-9-30 11:11:02,c6fbdd1c8b4d,hadoop-slave14.1.pvwm6rcb1tmuvkk29o0al2goh,315.00%,67.97,/,125.5GiB,54.16%,2.12TB,/,2.52TB,720GB,/,9.95GB,723
2022-09-30 11:11:03,c6fbdd1c8b4d,hadoop-slave14.1.pvwm6rcb1tmuvkk29o0al2goh,177.16%,67.97,/,125.5GiB,54.16%,2.12TB,/,2.52TB,720GB,/,9.95GB,723
2022-9-30 11:11:04,c6fbdd1c8b4d,hadoop-slave14.1.pvwm6rcb1tmuvkk29o0al2goh,39.33%,67.97,/,125.5GiB,54.16%,2.12TB,/,2.52TB,720GB,/,9.95GB,723
2022-09-30 11:11:05,c6fbdd1c8b4d,hadoop-slave14.1.pvwm6rcb1tmuvkk29o0al2goh,20.16%,67.97,/,125.5GiB,54.16%,2.12TB,/,2.52TB,720GB,/,9.95GB,723
2022-9-30 11:11:06,c6fbdd1c8b4d,hadoop-slave14.1.pvwm6rcb1tmuvkk29o0al2goh,0.99%,67.97,/,125.5GiB,54.16%,2.12TB,/,2.52TB,720GB,/,9.95GB,723
2022-09-30 11:11:07,c6fbdd1c8b4d,hadoop-slave14.1.pvwm6rcb1tmuvkk29o0al2goh,1.0%,67.97,/,125.5GiB,54.16%,2.12TB,/,2.52TB,720GB,/,9.95GB,723
2022-9-30 11:11:08,c6fbdd1c8b4d,hadoop-slave14.1.pvwm6rcb1tmuvkk29o0al2goh,1.01%,67.97,/,125.5GiB,54.16%,2.12TB,/,2.52TB,720GB,/,9.95GB,723
2022-09-30 11:11:09,c6fbdd1c8b4d,hadoop-slave14.1.pvwm6rcb1tmuvkk29o0al2goh,0.92%,67.97,/,125.5GiB,54.16%,2.12TB,/,2.52TB,720GB,/,9.95GB,723
2022-09-30 11:11:10,c6fbdd1c8b4d,hadoop-slave14.1.pvwm6rcb1tmuvkk29o0al2goh,0.92%,67.97,/,125.5GiB,54.16%,2.12TB,/,2.52TB,720GB,/,9.95GB,723
2022-9-30 11:11:11,c6fbdd1c8b4d,hadoop-slave14.1.pvwm6rcb1tmuvkk29o0al2goh,0.83%,67.97,/,125.5GiB,54.16%,2.12TB,/,2.52TB,720GB,/,9.95GB,723
2022-09-30 11:11:12,c6fbdd1c8b4d,hadoop-slave14.1.pvwm6rcb1tmuvkk29o0al2goh,1.43%,67.97,/,125.5GiB,54.16%,2.12TB,/,2.52TB,720GB,/,9.95GB,723
2022-9-30 11:11:13,c6fbdd1c8b4d,hadoop-slave14.1.pvwm6rcb1tmuvkk29o0al2goh,2.02%,67.97,/,125.5GiB,54.16%,2.12TB,/,2.52TB,720GB,/,9.95GB,723
2022-09-30 11:11:14,c6fbdd1c8b4d,hadoop-slave14.1.pvwm6rcb1tmuvkk29o0al2goh,1.42%,67.97,/,125.5GiB,54.16%,2.12TB,/,2.52TB,720GB,/,9.95GB,723
2022-9-30 11:11:15,c6fbdd1c8b4d,hadoop-slave14.1.pvwm6rcb1tmuvkk29o0al2goh,0.82%,67.97,/,125.5GiB,54.16%,2.12TB,/,2.52TB,720GB,/,9.95GB,723
2022-09-30 11:11:16,c6fbdd1c8b4d,hadoop-slave14.1.pvwm6rcb1tmuvkk29o0al2goh,1.13%,67.97,/,125.5GiB,54.16%,2.12TB,/,2.52TB,720GB,/,9.95GB,723
2022-9-30 11:11:17,c6fbdd1c8b4d,hadoop-slave14.1.pvwm6rcb1tmuvkk29o0al2goh,1.44%,67.97,/,125.5GiB,54.16%,2.12TB,/,2.52TB,720GB,/,9.95GB,723
2022-09-30 11:11:18,c6fbdd1c8b4d,hadoop-slave14.1.pvwm6rcb1tmuvkk29o0al2goh,1.11%,67.97,/,125.5GiB,54.16%,2.12TB,/,2.52TB,720GB,/,9.95GB,723
2022-9-30 11:11:19,c6fbdd1c8b4d,hadoop-slave14.1.pvwm6rcb1tmuvkk29o0al2goh,0.79%,67.97,/,125.5GiB,54.16%,2.12TB,/,2.52TB,720GB,/,9.95GB,723
2022-09-30 11:11:20,c6fbdd1c8b4d,hadoop-slave14.1.pvwm6rcb1tmuvkk29o0al2goh,0.8%,67.97,/,125.5GiB,54.16%,2.12TB,/,2.52TB,720GB,/,9.95GB,723
2022-9-30 11:11:21,c6fbdd1c8b4d,hadoop-slave14.1.pvwm6rcb1tmuvkk29o0al2goh,0.81%,67.97,/,125.5GiB,54.16%,2.12TB,/,2.52TB,720GB,/,9.95GB,723
2022-09-30 11:11:22,c6fbdd1c8b4d,hadoop-slave14.1.pvwm6rcb1tmuvkk29o0al2goh,1.21%,67.97,/,125.5GiB,54.16%,2.12TB,/,2.52TB,720GB,/,9.95GB,723
2022-9-30 11:11:23,c6fbdd1c8b4d,hadoop-slave14.1.pvwm6rcb1tmuvkk29o0al2goh,1.60%,67.97,/,125.5GiB,54.16%,2.12TB,/,2.52TB,720GB,/,9.95GB,723
2022-09-30 11:11:24,c6fbdd1c8b4d,hadoop-slave14.1.pvwm6rcb1tmuvkk29o0al2goh,1.16%,67.97,/,125.5GiB,54.16%,2.12TB,/,2.52TB,720GB,/,9.95GB,723
2022-9-30 11:11:25,c6fbdd1c8b4d,hadoop-slave14.1.pvwm6rcb1tmuvkk29o0al2goh,0.72%,67.97,/,125.5GiB,54.16%,2.12TB,/,2.52TB,720GB,/,9.95GB,723
2022-09-30 11:11:26,c6fbdd1c8b4d,hadoop-slave14.1.pvwm6rcb1tmuvkk29o0al2goh,0.79%,67.97,/,125.5GiB,54.16%,2.12TB,/,2.52TB,720GB,/,9.95GB,723
2022-9-30 11:11:27,c6fbdd1c8b4d,hadoop-slave14.1.pvwm6rcb1tmuvkk29o0al2goh,0.86%,67.97,/,125.5GiB,54.16%,2.12TB,/,2.52TB,720GB,/,9.95GB,723
2022-09-30 11:11:28,c6fbdd1c8b4d,hadoop-slave14.1.pvwm6rcb1tmuvkk29o0al2goh,0.81%,67.97,/,125.5GiB,54.16%,2.12TB,/,2.52TB,720GB,/,9.95GB,723
2022-9-30 11:11:29,c6fbdd1c8b4d,hadoop-slave14.1.pvwm6rcb1tmuvkk29o0al2goh,0.77%,67.97,/,125.5GiB,54.16%,2.12TB,/,2.52TB,720GB,/,9.95GB,723
2022-09-30 11:11:30,c6fbdd1c8b4d,hadoop-slave14.1.pvwm6rcb1tmuvkk29o0al2goh,0.84%,67.97,/,125.5GiB,54.16%,2.12TB,/,2.52TB,720GB,/,9.95GB,723
2022-9-30 11:11:31,c6fbdd1c8b4d,hadoop-slave14.1.pvwm6rcb1tmuvkk29o0al2goh,0.91%,67.97,/,125.5GiB,54.16%,2.12TB,/,2.52TB,720GB,/,9.95GB,723
2022-09-30 11:11:32,c6fbdd1c8b4d,hadoop-slave14.1.pvwm6rcb1tmuvkk29o0al2goh,8.23%,67.97,/,125.5GiB,54.16%,2.12TB,/,2.52TB,720GB,/,9.95GB,723
2022-9-30 11:11:33,c6fbdd1c8b4d,hadoop-slave14.1.pvwm6rcb1tmuvkk29o0al2goh,15.55%,67.97,/,125.5GiB,54.16%,2.12TB,/,2.52TB,720GB,/,9.95GB,727
2022-09-30 11:11:34,c6fbdd1c8b4d,hadoop-slave14.1.pvwm6rcb1tmuvkk29o0al2goh,47.21%,67.97,/,125.5GiB,54.16%,2.12TB,/,2.52TB,720GB,/,9.95GB,727
2022-9-30 11:11:35,c6fbdd1c8b4d,hadoop-slave14.1.pvwm6rcb1tmuvkk29o0al2goh,78.88%,67.97,/,125.5GiB,54.16%,2.12TB,/,2.52TB,720GB,/,9.95GB,727
2022-09-30 11:11:36,c6fbdd1c8b4d,hadoop-slave14.1.pvwm6rcb1tmuvkk29o0al2goh,43.65%,67.97,/,125.5GiB,54.16%,2.12TB,/,2.52TB,720GB,/,9.95GB,727
2022-9-30 11:11:37,c6fbdd1c8b4d,hadoop-slave14.1.pvwm6rcb1tmuvkk29o0al2goh,8.42%,67.97,/,125.5GiB,54.16%,2.12TB,/,2.52TB,720GB,/,9.95GB,724
2022-09-30 11:11:38,c6fbdd1c8b4d,hadoop-slave14.1.pvwm6rcb1tmuvkk29o0al2goh,251.29%,67.97,/,125.5GiB,54.22%,2.12TB,/,2.52TB,720GB,/,9.95GB,724
2022-9-30 11:11:39,c6fbdd1c8b4d,hadoop-slave14.1.pvwm6rcb1tmuvkk29o0al2goh,494.16%,68.13,/,125.5GiB,54.29%,2.12TB,/,2.52TB,720GB,/,9.95GB,723
2022-09-30 11:11:40,c6fbdd1c8b4d,hadoop-slave14.1.pvwm6rcb1tmuvkk29o0al2goh,403.53%,68.13,/,125.5GiB,54.35%,2.12TB,/,2.52TB,720GB,/,9.95GB,723
2022-9-30 11:11:41,c6fbdd1c8b4d,hadoop-slave14.1.pvwm6rcb1tmuvkk29o0al2goh,312.90%,68.28,/,125.5GiB,54.41%,2.12TB,/,2.52TB,721GB,/,9.95GB,722
2022-09-30 11:11:42,c6fbdd1c8b4d,hadoop-slave14.1.pvwm6rcb1tmuvkk29o0al2goh,305.17%,68.28,/,125.5GiB,54.47%,2.12TB,/,2.52TB,721GB,/,9.95GB,722
2022-9-30 11:11:43,c6fbdd1c8b4d,hadoop-slave14.1.pvwm6rcb1tmuvkk29o0al2goh,297.44%,68.45,/,125.5GiB,54.54%,2.12TB,/,2.52TB,721GB,/,9.95GB,722
2022-09-30 11:11:44,c6fbdd1c8b4d,hadoop-slave14.1.pvwm6rcb1tmuvkk29o0al2goh,276.36%,68.45,/,125.5GiB,54.61%,2.12TB,/,2.52TB,721GB,/,9.95GB,722
2022-9-30 11:11:45,c6fbdd1c8b4d,hadoop-slave14.1.pvwm6rcb1tmuvkk29o0al2goh,255.28%,68.61,/,125.5GiB,54.67%,2.12TB,/,2.52TB,721GB,/,9.95GB,722
2022-09-30 11:11:46,c6fbdd1c8b4d,hadoop-slave14.1.pvwm6rcb1tmuvkk29o0al2goh,270.95%,68.61,/,125.5GiB,54.71%,2.12TB,/,2.52TB,721GB,/,9.95GB,722
2022-9-30 11:11:47,c6fbdd1c8b4d,hadoop-slave14.1.pvwm6rcb1tmuvkk29o0al2goh,286.62%,68.71,/,125.5GiB,54.75%,2.12TB,/,2.52TB,721GB,/,9.95GB,722
2022-09-30 11:11:48,c6fbdd1c8b4d,hadoop-slave14.1.pvwm6rcb1tmuvkk29o0al2goh,855.64%,68.71,/,125.5GiB,54.77%,2.12TB,/,2.52TB,721GB,/,9.95GB,722
2022-9-30 11:11:49,c6fbdd1c8b4d,hadoop-slave14.1.pvwm6rcb1tmuvkk29o0al2goh,1424.67%,68.75,/,125.5GiB,54.78%,2.12TB,/,2.52TB,721GB,/,9.95GB,722
2022-09-30 11:11:50,c6fbdd1c8b4d,hadoop-slave14.1.pvwm6rcb1tmuvkk29o0al2goh,1026.4%,68.75,/,125.5GiB,54.79%,2.12TB,/,2.52TB,721GB,/,9.95GB,722
2022-9-30 11:11:51,c6fbdd1c8b4d,hadoop-slave14.1.pvwm6rcb1tmuvkk29o0al2goh,628.13%,68.77,/,125.5GiB,54.80%,2.12TB,/,2.52TB,721GB,/,9.95GB,722
2022-09-30 11:11:52,c6fbdd1c8b4d,hadoop-slave14.1.pvwm6rcb1tmuvkk29o0al2goh,399.87%,68.77,/,125.5GiB,54.8%,2.12TB,/,2.52TB,721GB,/,9.95GB,722
2022-9-30 11:11:53,c6fbdd1c8b4d,hadoop-slave14.1.pvwm6rcb1tmuvkk29o0al2goh,171.61%,68.77,/,125.5GiB,54.80%,2.12TB,/,2.52TB,721GB,/,9.95GB,722
2022-09-30 11:11:54,c6fbdd1c8b4d,hadoop-slave14.1.pvwm6rcb1tmuvkk29o0al2goh,134.33%,68.77,/,125.5GiB,54.85%,2.12TB,/,2.52TB,721GB,/,9.95GB,722
2022-9-30 11:11:55,c6fbdd1c8b4d,hadoop-slave14.1.pvwm6rcb1tmuvkk29o0al2goh,97.04%,68.91,/,125.5GiB,54.91%,2.12TB,/,2.52TB,721GB,/,9.95GB,734
2022-09-30 11:11:56,c6fbdd1c8b4d,hadoop-slave14.1.pvwm6rcb1tmuvkk29o0al2goh,190.09%,68.91,/,125.5GiB,54.91%,2.12TB,/,2.52TB,721GB,/,9.95GB,734
2022-9-30 11:11:57,c6fbdd1c8b4d,hadoop-slave14.1.pvwm6rcb1tmuvkk29o0al2goh,283.13%,68.91,/,125.5GiB,54.91%,2.12TB,/,2.52TB,721GB,/,9.95GB,733
2022-09-30 11:11:58,c6fbdd1c8b4d,hadoop-slave14.1.pvwm6rcb1tmuvkk29o0al2goh,736.84%,68.91,/,125.5GiB,55.07%,2.12TB,/,2.52TB,721GB,/,9.95GB,733
2022-9-30 11:11:59,c6fbdd1c8b4d,hadoop-slave14.1.pvwm6rcb1tmuvkk29o0al2goh,1190.55%,69.31,/,125.5GiB,55.23%,2.12TB,/,2.52TB,721GB,/,9.95GB,814
2022-09-30 11:12:00,c6fbdd1c8b4d,hadoop-slave14.1.pvwm6rcb1tmuvkk29o0al2goh,944.3%,69.31,/,125.5GiB,55.24%,2.12TB,/,2.52TB,721GB,/,9.95GB,814
2022-9-30 11:12:01,c6fbdd1c8b4d,hadoop-slave14.1.pvwm6rcb1tmuvkk29o0al2goh,698.05%,69.35,/,125.5GiB,55.26%,2.12TB,/,2.52TB,721GB,/,9.95GB,810
2022-09-30 11:12:02,c6fbdd1c8b4d,hadoop-slave14.1.pvwm6rcb1tmuvkk29o0al2goh,647.51%,69.35,/,125.5GiB,55.26%,2.12TB,/,2.52TB,721GB,/,9.95GB,810
2022-9-30 11:12:03,c6fbdd1c8b4d,hadoop-slave14.1.pvwm6rcb1tmuvkk29o0al2goh,596.98%,69.35,/,125.5GiB,55.26%,2.12TB,/,2.52TB,721GB,/,9.95GB,819
2022-09-30 11:12:04,c6fbdd1c8b4d,hadoop-slave14.1.pvwm6rcb1tmuvkk29o0al2goh,475.78%,69.35,/,125.5GiB,55.27%,2.12TB,/,2.52TB,721GB,/,9.95GB,819
2022-9-30 11:12:05,c6fbdd1c8b4d,hadoop-slave14.1.pvwm6rcb1tmuvkk29o0al2goh,354.58%,69.38,/,125.5GiB,55.28%,2.12TB,/,2.52TB,721GB,/,9.95GB,819
2022-09-30 11:12:06,c6fbdd1c8b4d,hadoop-slave14.1.pvwm6rcb1tmuvkk29o0al2goh,588.39%,69.38,/,125.5GiB,55.45%,2.12TB,/,2.52TB,721GB,/,9.95GB,819
2022-9-30 11:12:07,c6fbdd1c8b4d,hadoop-slave14.1.pvwm6rcb1tmuvkk29o0al2goh,822.21%,69.8,/,125.5GiB,55.62%,2.12TB,/,2.52TB,721GB,/,9.95GB,824
2022-09-30 11:12:08,c6fbdd1c8b4d,hadoop-slave14.1.pvwm6rcb1tmuvkk29o0al2goh,1423.2%,69.8,/,125.5GiB,56.14%,2.12TB,/,2.52TB,721GB,/,9.95GB,824
2022-9-30 11:12:09,c6fbdd1c8b4d,hadoop-slave14.1.pvwm6rcb1tmuvkk29o0al2goh,2024.18%,71.1,/,125.5GiB,56.66%,2.12TB,/,2.52TB,722GB,/,9.95GB,850
2022-09-30 11:12:10,c6fbdd1c8b4d,hadoop-slave14.1.pvwm6rcb1tmuvkk29o0al2goh,2833.7%,71.1,/,125.5GiB,57.26%,2.12TB,/,2.52TB,722GB,/,9.95GB,850
2022-9-30 11:12:11,c6fbdd1c8b4d,hadoop-slave14.1.pvwm6rcb1tmuvkk29o0al2goh,3643.21%,72.61,/,125.5GiB,57.86%,2.12TB,/,2.52TB,722GB,/,9.95GB,855
2022-09-30 11:12:12,c6fbdd1c8b4d,hadoop-slave14.1.pvwm6rcb1tmuvkk29o0al2goh,3520.85%,72.61,/,125.5GiB,58.28%,2.12TB,/,2.52TB,722GB,/,9.95GB,855
2022-9-30 11:12:13,c6fbdd1c8b4d,hadoop-slave14.1.pvwm6rcb1tmuvkk29o0al2goh,3398.48%,73.66,/,125.5GiB,58.70%,2.12TB,/,2.52TB,722GB,/,9.95GB,855
2022-09-30 11:12:14,c6fbdd1c8b4d,hadoop-slave14.1.pvwm6rcb1tmuvkk29o0al2goh,3412.1%,73.66,/,125.5GiB,58.77%,2.12TB,/,2.52TB,722GB,/,9.95GB,855
2022-9-30 11:12:15,c6fbdd1c8b4d,hadoop-slave14.1.pvwm6rcb1tmuvkk29o0al2goh,3425.72%,73.83,/,125.5GiB,58.83%,2.12TB,/,2.52TB,722GB,/,9.95GB,851
2022-09-30 11:12:16,c6fbdd1c8b4d,hadoop-slave14.1.pvwm6rcb1tmuvkk29o0al2goh,3328.49%,73.83,/,125.5GiB,58.89%,2.12TB,/,2.52TB,722GB,/,9.95GB,851
2022-9-30 11:12:17,c6fbdd1c8b4d,hadoop-slave14.1.pvwm6rcb1tmuvkk29o0al2goh,3231.27%,73.98,/,125.5GiB,58.95%,2.12TB,/,2.52TB,723GB,/,9.95GB,853
2022-09-30 11:12:18,c6fbdd1c8b4d,hadoop-slave14.1.pvwm6rcb1tmuvkk29o0al2goh,2918.31%,73.98,/,125.5GiB,59.24%,2.12TB,/,2.52TB,723GB,/,9.95GB,853
2022-9-30 11:12:19,c6fbdd1c8b4d,hadoop-slave14.1.pvwm6rcb1tmuvkk29o0al2goh,2605.35%,74.71,/,125.5GiB,59.53%,2.12TB,/,2.52TB,723GB,/,9.95GB,851
2022-09-30 11:12:20,c6fbdd1c8b4d,hadoop-slave14.1.pvwm6rcb1tmuvkk29o0al2goh,2228.86%,74.71,/,125.5GiB,59.78%,2.12TB,/,2.52TB,723GB,/,9.95GB,851
2022-9-30 11:12:21,c6fbdd1c8b4d,hadoop-slave14.1.pvwm6rcb1tmuvkk29o0al2goh,1852.36%,75.35,/,125.5GiB,60.04%,2.12TB,/,2.52TB,723GB,/,9.95GB,854
2022-09-30 11:12:22,c6fbdd1c8b4d,hadoop-slave14.1.pvwm6rcb1tmuvkk29o0al2goh,1642.03%,75.35,/,125.5GiB,60.04%,2.12TB,/,2.52TB,723GB,/,9.95GB,854
2022-9-30 11:12:23,c6fbdd1c8b4d,hadoop-slave14.1.pvwm6rcb1tmuvkk29o0al2goh,1431.71%,75.34,/,125.5GiB,60.04%,2.12TB,/,2.52TB,723GB,/,9.95GB,850
2022-09-30 11:12:24,c6fbdd1c8b4d,hadoop-slave14.1.pvwm6rcb1tmuvkk29o0al2goh,1304.03%,75.34,/,125.5GiB,60.03%,2.12TB,/,2.52TB,723GB,/,9.95GB,850
2022-9-30 11:12:25,c6fbdd1c8b4d,hadoop-slave14.1.pvwm6rcb1tmuvkk29o0al2goh,1176.35%,75.34,/,125.5GiB,60.03%,2.12TB,/,2.52TB,724GB,/,9.95GB,844
2022-09-30 11:12:26,c6fbdd1c8b4d,hadoop-slave14.1.pvwm6rcb1tmuvkk29o0al2goh,589.98%,75.34,/,125.5GiB,60.02%,2.12TB,/,2.52TB,724GB,/,9.95GB,844
2022-9-30 11:12:27,c6fbdd1c8b4d,hadoop-slave14.1.pvwm6rcb1tmuvkk29o0al2goh,3.61%,75.3,/,125.5GiB,60.00%,2.12TB,/,2.52TB,724GB,/,9.95GB,842
2022-09-30 11:12:28,c6fbdd1c8b4d,hadoop-slave14.1.pvwm6rcb1tmuvkk29o0al2goh,2.19%,75.3,/,125.5GiB,60.0%,2.12TB,/,2.52TB,724GB,/,9.95GB,842
2022-09-30 11:12:29,c6fbdd1c8b4d,hadoop-slave14.1.pvwm6rcb1tmuvkk29o0al2goh,2.19%,75.3,/,125.5GiB,60.0%,2.12TB,/,2.52TB,724GB,/,9.95GB,842
2022-9-30 11:12:30,c6fbdd1c8b4d,hadoop-slave14.1.pvwm6rcb1tmuvkk29o0al2goh,0.78%,75.3,/,125.5GiB,60.00%,2.12TB,/,2.52TB,724GB,/,9.95GB,842
2022-09-30 11:12:31,c6fbdd1c8b4d,hadoop-slave14.1.pvwm6rcb1tmuvkk29o0al2goh,239.06%,75.3,/,125.5GiB,59.62%,2.12TB,/,2.52TB,724GB,/,9.95GB,842
2022-9-30 11:12:32,c6fbdd1c8b4d,hadoop-slave14.1.pvwm6rcb1tmuvkk29o0al2goh,477.35%,74.36,/,125.5GiB,59.25%,2.12TB,/,2.52TB,724GB,/,9.95GB,865
2022-09-30 11:12:33,c6fbdd1c8b4d,hadoop-slave14.1.pvwm6rcb1tmuvkk29o0al2goh,472.87%,74.36,/,125.5GiB,53.91%,2.12TB,/,2.52TB,724GB,/,9.95GB,865
2022-9-30 11:12:34,c6fbdd1c8b4d,hadoop-slave14.1.pvwm6rcb1tmuvkk29o0al2goh,468.38%,60.96,/,125.5GiB,48.58%,2.12TB,/,2.52TB,724GB,/,9.95GB,447
2022-09-30 11:12:35,c6fbdd1c8b4d,hadoop-slave14.1.pvwm6rcb1tmuvkk29o0al2goh,380.52%,60.96,/,125.5GiB,32.42%,2.12TB,/,2.52TB,724GB,/,9.95GB,447
2022-9-30 11:12:36,c6fbdd1c8b4d,hadoop-slave14.1.pvwm6rcb1tmuvkk29o0al2goh,292.67%,20.4,/,125.5GiB,16.26%,2.12TB,/,2.52TB,724GB,/,9.95GB,429
2022-09-30 11:12:37,c6fbdd1c8b4d,hadoop-slave14.1.pvwm6rcb1tmuvkk29o0al2goh,551.28%,20.4,/,125.5GiB,16.59%,2.12TB,/,2.52TB,724GB,/,9.95GB,429
2022-9-30 11:12:38,c6fbdd1c8b4d,hadoop-slave14.1.pvwm6rcb1tmuvkk29o0al2goh,809.89%,21.22,/,125.5GiB,16.91%,2.12TB,/,2.52TB,724GB,/,9.95GB,658
2022-09-30 11:12:39,c6fbdd1c8b4d,hadoop-slave14.1.pvwm6rcb1tmuvkk29o0al2goh,1002.6%,21.22,/,125.5GiB,17.55%,2.12TB,/,2.52TB,724GB,/,9.95GB,658
2022-9-30 11:12:40,c6fbdd1c8b4d,hadoop-slave14.1.pvwm6rcb1tmuvkk29o0al2goh,1195.31%,22.83,/,125.5GiB,18.19%,2.12TB,/,2.52TB,724GB,/,9.96GB,639
2022-09-30 11:12:41,c6fbdd1c8b4d,hadoop-slave14.1.pvwm6rcb1tmuvkk29o0al2goh,1284.98%,22.83,/,125.5GiB,18.8%,2.12TB,/,2.52TB,724GB,/,9.96GB,639
2022-9-30 11:12:42,c6fbdd1c8b4d,hadoop-slave14.1.pvwm6rcb1tmuvkk29o0al2goh,1374.65%,24.37,/,125.5GiB,19.42%,2.12TB,/,2.52TB,724GB,/,9.96GB,637
2022-09-30 11:12:43,c6fbdd1c8b4d,hadoop-slave14.1.pvwm6rcb1tmuvkk29o0al2goh,871.33%,24.37,/,125.5GiB,19.63%,2.12TB,/,2.52TB,724GB,/,9.96GB,637
2022-9-30 11:12:44,c6fbdd1c8b4d,hadoop-slave14.1.pvwm6rcb1tmuvkk29o0al2goh,368.00%,24.9,/,125.5GiB,19.84%,2.12TB,/,2.52TB,724GB,/,9.96GB,637
2022-09-30 11:12:45,c6fbdd1c8b4d,hadoop-slave14.1.pvwm6rcb1tmuvkk29o0al2goh,353.81%,24.9,/,125.5GiB,20.01%,2.12TB,/,2.52TB,724GB,/,9.96GB,637
2022-9-30 11:12:46,c6fbdd1c8b4d,hadoop-slave14.1.pvwm6rcb1tmuvkk29o0al2goh,339.63%,25.33,/,125.5GiB,20.18%,2.12TB,/,2.52TB,724GB,/,9.96GB,636
2022-09-30 11:12:47,c6fbdd1c8b4d,hadoop-slave14.1.pvwm6rcb1tmuvkk29o0al2goh,391.27%,25.33,/,125.5GiB,20.51%,2.12TB,/,2.52TB,724GB,/,9.96GB,636
2022-9-30 11:12:48,c6fbdd1c8b4d,hadoop-slave14.1.pvwm6rcb1tmuvkk29o0al2goh,442.91%,26.15,/,125.5GiB,20.84%,2.12TB,/,2.52TB,724GB,/,9.96GB,633
2022-09-30 11:12:49,c6fbdd1c8b4d,hadoop-slave14.1.pvwm6rcb1tmuvkk29o0al2goh,699.31%,26.15,/,125.5GiB,21.02%,2.12TB,/,2.52TB,724GB,/,9.96GB,633
2022-9-30 11:12:50,c6fbdd1c8b4d,hadoop-slave14.1.pvwm6rcb1tmuvkk29o0al2goh,955.71%,26.62,/,125.5GiB,21.21%,2.12TB,/,2.52TB,724GB,/,9.96GB,633
2022-09-30 11:12:51,c6fbdd1c8b4d,hadoop-slave14.1.pvwm6rcb1tmuvkk29o0al2goh,961.19%,26.62,/,125.5GiB,21.49%,2.12TB,/,2.52TB,724GB,/,9.96GB,633
2022-9-30 11:12:52,c6fbdd1c8b4d,hadoop-slave14.1.pvwm6rcb1tmuvkk29o0al2goh,966.68%,27.32,/,125.5GiB,21.77%,2.12TB,/,2.52TB,724GB,/,9.96GB,632
2022-09-30 11:12:53,c6fbdd1c8b4d,hadoop-slave14.1.pvwm6rcb1tmuvkk29o0al2goh,1062.31%,27.32,/,125.5GiB,21.86%,2.12TB,/,2.52TB,724GB,/,9.96GB,632
2022-9-30 11:12:54,c6fbdd1c8b4d,hadoop-slave14.1.pvwm6rcb1tmuvkk29o0al2goh,1157.94%,27.55,/,125.5GiB,21.95%,2.12TB,/,2.52TB,724GB,/,9.96GB,631
2022-09-30 11:12:55,c6fbdd1c8b4d,hadoop-slave14.1.pvwm6rcb1tmuvkk29o0al2goh,788.54%,27.55,/,125.5GiB,22.11%,2.12TB,/,2.52TB,724GB,/,9.96GB,631
2022-9-30 11:12:56,c6fbdd1c8b4d,hadoop-slave14.1.pvwm6rcb1tmuvkk29o0al2goh,419.13%,27.93,/,125.5GiB,22.26%,2.12TB,/,2.52TB,724GB,/,9.96GB,632
2022-09-30 11:12:57,c6fbdd1c8b4d,hadoop-slave14.1.pvwm6rcb1tmuvkk29o0al2goh,462.44%,27.93,/,125.5GiB,22.36%,2.12TB,/,2.52TB,724GB,/,9.96GB,632
2022-9-30 11:12:58,c6fbdd1c8b4d,hadoop-slave14.1.pvwm6rcb1tmuvkk29o0al2goh,505.76%,28.18,/,125.5GiB,22.45%,2.12TB,/,2.52TB,724GB,/,9.96GB,632
2022-09-30 11:12:59,c6fbdd1c8b4d,hadoop-slave14.1.pvwm6rcb1tmuvkk29o0al2goh,363.36%,28.18,/,125.5GiB,22.55%,2.12TB,/,2.52TB,724GB,/,9.96GB,632
2022-9-30 11:13:00,c6fbdd1c8b4d,hadoop-slave14.1.pvwm6rcb1tmuvkk29o0al2goh,220.95%,28.41,/,125.5GiB,22.64%,2.12TB,/,2.52TB,724GB,/,9.96GB,631
2022-09-30 11:13:01,c6fbdd1c8b4d,hadoop-slave14.1.pvwm6rcb1tmuvkk29o0al2goh,575.67%,28.41,/,125.5GiB,22.2%,2.12TB,/,2.52TB,724GB,/,9.96GB,631
2022-9-30 11:13:02,c6fbdd1c8b4d,hadoop-slave14.1.pvwm6rcb1tmuvkk29o0al2goh,930.40%,27.3,/,125.5GiB,21.75%,2.12TB,/,2.52TB,724GB,/,9.96GB,631
2022-09-30 11:13:03,c6fbdd1c8b4d,hadoop-slave14.1.pvwm6rcb1tmuvkk29o0al2goh,537.02%,27.3,/,125.5GiB,21.48%,2.12TB,/,2.52TB,724GB,/,9.96GB,631
2022-9-30 11:13:04,c6fbdd1c8b4d,hadoop-slave14.1.pvwm6rcb1tmuvkk29o0al2goh,143.65%,26.62,/,125.5GiB,21.21%,2.12TB,/,2.52TB,724GB,/,9.96GB,641
2022-09-30 11:13:05,c6fbdd1c8b4d,hadoop-slave14.1.pvwm6rcb1tmuvkk29o0al2goh,140.61%,26.62,/,125.5GiB,17.8%,2.12TB,/,2.52TB,724GB,/,9.96GB,641
2022-9-30 11:13:06,c6fbdd1c8b4d,hadoop-slave14.1.pvwm6rcb1tmuvkk29o0al2goh,137.56%,18.05,/,125.5GiB,14.38%,2.13TB,/,2.52TB,724GB,/,9.96GB,324
2022-09-30 11:13:07,c6fbdd1c8b4d,hadoop-slave14.1.pvwm6rcb1tmuvkk29o0al2goh,69.03%,18.05,/,125.5GiB,12.4%,2.13TB,/,2.52TB,724GB,/,9.96GB,324
2022-9-30 11:13:08,c6fbdd1c8b4d,hadoop-slave14.1.pvwm6rcb1tmuvkk29o0al2goh,0.50%,13.07,/,125.5GiB,10.42%,2.13TB,/,2.52TB,724GB,/,9.96GB,321
2022-09-30 11:13:09,c6fbdd1c8b4d,hadoop-slave14.1.pvwm6rcb1tmuvkk29o0al2goh,0.51%,13.07,/,125.5GiB,10.42%,2.13TB,/,2.52TB,724GB,/,9.96GB,321
2022-9-30 11:13:10,c6fbdd1c8b4d,hadoop-slave14.1.pvwm6rcb1tmuvkk29o0al2goh,0.51%,13.07,/,125.5GiB,10.42%,2.13TB,/,2.52TB,724GB,/,9.96GB,321
2022-09-30 11:13:11,c6fbdd1c8b4d,hadoop-slave14.1.pvwm6rcb1tmuvkk29o0al2goh,0.56%,13.07,/,125.5GiB,10.42%,2.13TB,/,2.52TB,724GB,/,9.96GB,321
2022-9-30 11:13:12,c6fbdd1c8b4d,hadoop-slave14.1.pvwm6rcb1tmuvkk29o0al2goh,0.62%,13.07,/,125.5GiB,10.42%,2.13TB,/,2.52TB,724GB,/,9.96GB,321
2022-09-30 11:13:13,c6fbdd1c8b4d,hadoop-slave14.1.pvwm6rcb1tmuvkk29o0al2goh,0.81%,13.07,/,125.5GiB,10.42%,2.13TB,/,2.52TB,724GB,/,9.96GB,321
2022-9-30 11:13:14,c6fbdd1c8b4d,hadoop-slave14.1.pvwm6rcb1tmuvkk29o0al2goh,1.00%,13.07,/,125.5GiB,10.42%,2.13TB,/,2.52TB,724GB,/,9.96GB,321
2022-09-30 11:13:15,c6fbdd1c8b4d,hadoop-slave14.1.pvwm6rcb1tmuvkk29o0al2goh,0.74%,13.07,/,125.5GiB,10.42%,2.13TB,/,2.52TB,724GB,/,9.96GB,321
2022-9-30 11:13:16,c6fbdd1c8b4d,hadoop-slave14.1.pvwm6rcb1tmuvkk29o0al2goh,0.49%,13.07,/,125.5GiB,10.42%,2.13TB,/,2.52TB,724GB,/,9.96GB,321
2022-09-30 11:13:17,c6fbdd1c8b4d,hadoop-slave14.1.pvwm6rcb1tmuvkk29o0al2goh,2.1%,13.07,/,125.5GiB,10.37%,2.13TB,/,2.52TB,724GB,/,9.96GB,321
2022-9-30 11:13:18,c6fbdd1c8b4d,hadoop-slave14.1.pvwm6rcb1tmuvkk29o0al2goh,3.71%,12.94,/,125.5GiB,10.31%,2.13TB,/,2.52TB,724GB,/,9.96GB,320
2022-09-30 11:13:19,c6fbdd1c8b4d,hadoop-slave14.1.pvwm6rcb1tmuvkk29o0al2goh,2.15%,12.94,/,125.5GiB,10.31%,2.13TB,/,2.52TB,724GB,/,9.96GB,320
2022-9-30 11:13:20,c6fbdd1c8b4d,hadoop-slave14.1.pvwm6rcb1tmuvkk29o0al2goh,0.60%,12.94,/,125.5GiB,10.31%,2.13TB,/,2.52TB,724GB,/,9.96GB,320
2022-09-30 11:13:21,c6fbdd1c8b4d,hadoop-slave14.1.pvwm6rcb1tmuvkk29o0al2goh,0.54%,12.94,/,125.5GiB,10.31%,2.13TB,/,2.52TB,724GB,/,9.96GB,320
2022-9-30 11:13:22,c6fbdd1c8b4d,hadoop-slave14.1.pvwm6rcb1tmuvkk29o0al2goh,0.49%,12.94,/,125.5GiB,10.31%,2.13TB,/,2.52TB,724GB,/,9.96GB,320
2022-09-30 11:13:23,c6fbdd1c8b4d,hadoop-slave14.1.pvwm6rcb1tmuvkk29o0al2goh,0.48%,12.94,/,125.5GiB,10.31%,2.13TB,/,2.52TB,724GB,/,9.96GB,320
2022-9-30 11:13:24,c6fbdd1c8b4d,hadoop-slave14.1.pvwm6rcb1tmuvkk29o0al2goh,0.48%,12.94,/,125.5GiB,10.31%,2.13TB,/,2.52TB,724GB,/,9.96GB,320
2022-09-30 11:13:25,c6fbdd1c8b4d,hadoop-slave14.1.pvwm6rcb1tmuvkk29o0al2goh,0.52%,12.94,/,125.5GiB,10.31%,2.13TB,/,2.52TB,724GB,/,9.96GB,320
2022-9-30 11:13:26,c6fbdd1c8b4d,hadoop-slave14.1.pvwm6rcb1tmuvkk29o0al2goh,0.57%,12.94,/,125.5GiB,10.31%,2.13TB,/,2.52TB,724GB,/,9.96GB,320
2022-09-30 11:13:27,c6fbdd1c8b4d,hadoop-slave14.1.pvwm6rcb1tmuvkk29o0al2goh,0.53%,12.94,/,125.5GiB,10.31%,2.13TB,/,2.52TB,724GB,/,9.96GB,320
2022-9-30 11:13:28,c6fbdd1c8b4d,hadoop-slave14.1.pvwm6rcb1tmuvkk29o0al2goh,0.49%,12.94,/,125.5GiB,10.31%,2.13TB,/,2.52TB,724GB,/,9.96GB,320
2022-09-30 11:13:29,c6fbdd1c8b4d,hadoop-slave14.1.pvwm6rcb1tmuvkk29o0al2goh,0.51%,12.94,/,125.5GiB,10.31%,2.13TB,/,2.52TB,724GB,/,9.96GB,320
2022-9-30 11:13:30,c6fbdd1c8b4d,hadoop-slave14.1.pvwm6rcb1tmuvkk29o0al2goh,0.53%,12.94,/,125.5GiB,10.31%,2.13TB,/,2.52TB,724GB,/,9.96GB,320
2022-09-30 11:13:31,c6fbdd1c8b4d,hadoop-slave14.1.pvwm6rcb1tmuvkk29o0al2goh,0.54%,12.94,/,125.5GiB,10.31%,2.13TB,/,2.52TB,724GB,/,9.96GB,320
2022-9-30 11:13:32,c6fbdd1c8b4d,hadoop-slave14.1.pvwm6rcb1tmuvkk29o0al2goh,0.55%,12.94,/,125.5GiB,10.31%,2.13TB,/,2.52TB,724GB,/,9.96GB,320
2022-09-30 11:13:33,c6fbdd1c8b4d,hadoop-slave14.1.pvwm6rcb1tmuvkk29o0al2goh,0.54%,12.94,/,125.5GiB,10.31%,2.13TB,/,2.52TB,724GB,/,9.96GB,320
2022-9-30 11:13:34,c6fbdd1c8b4d,hadoop-slave14.1.pvwm6rcb1tmuvkk29o0al2goh,0.52%,12.94,/,125.5GiB,10.31%,2.13TB,/,2.52TB,724GB,/,9.96GB,320
2022-09-30 11:13:35,c6fbdd1c8b4d,hadoop-slave14.1.pvwm6rcb1tmuvkk29o0al2goh,0.59%,12.94,/,125.5GiB,10.31%,2.13TB,/,2.52TB,724GB,/,9.96GB,320
2022-9-30 11:13:36,c6fbdd1c8b4d,hadoop-slave14.1.pvwm6rcb1tmuvkk29o0al2goh,0.67%,12.94,/,125.5GiB,10.31%,2.13TB,/,2.52TB,724GB,/,9.96GB,315
2022-09-30 11:13:37,c6fbdd1c8b4d,hadoop-slave14.1.pvwm6rcb1tmuvkk29o0al2goh,0.6%,12.94,/,125.5GiB,10.31%,2.13TB,/,2.52TB,724GB,/,9.96GB,315
2022-9-30 11:13:38,c6fbdd1c8b4d,hadoop-slave14.1.pvwm6rcb1tmuvkk29o0al2goh,0.54%,12.94,/,125.5GiB,10.31%,2.13TB,/,2.52TB,724GB,/,9.96GB,314
2022-09-30 11:13:39,c6fbdd1c8b4d,hadoop-slave14.1.pvwm6rcb1tmuvkk29o0al2goh,0.55%,12.94,/,125.5GiB,10.31%,2.13TB,/,2.52TB,724GB,/,9.96GB,314
2022-9-30 11:13:40,c6fbdd1c8b4d,hadoop-slave14.1.pvwm6rcb1tmuvkk29o0al2goh,0.55%,12.94,/,125.5GiB,10.31%,2.13TB,/,2.52TB,724GB,/,9.96GB,314
2022-09-30 11:13:41,c6fbdd1c8b4d,hadoop-slave14.1.pvwm6rcb1tmuvkk29o0al2goh,0.53%,12.94,/,125.5GiB,10.31%,2.13TB,/,2.52TB,724GB,/,9.96GB,314
2022-9-30 11:13:42,c6fbdd1c8b4d,hadoop-slave14.1.pvwm6rcb1tmuvkk29o0al2goh,0.50%,12.94,/,125.5GiB,10.31%,2.13TB,/,2.52TB,724GB,/,9.96GB,314
2022-09-30 11:13:43,c6fbdd1c8b4d,hadoop-slave14.1.pvwm6rcb1tmuvkk29o0al2goh,0.52%,12.94,/,125.5GiB,10.31%,2.13TB,/,2.52TB,724GB,/,9.96GB,314
2022-9-30 11:13:44,c6fbdd1c8b4d,hadoop-slave14.1.pvwm6rcb1tmuvkk29o0al2goh,0.54%,12.94,/,125.5GiB,10.31%,2.13TB,/,2.52TB,724GB,/,9.96GB,314
2022-09-30 11:13:45,c6fbdd1c8b4d,hadoop-slave14.1.pvwm6rcb1tmuvkk29o0al2goh,0.54%,12.94,/,125.5GiB,10.31%,2.13TB,/,2.52TB,724GB,/,9.96GB,314
2022-9-30 11:13:46,c6fbdd1c8b4d,hadoop-slave14.1.pvwm6rcb1tmuvkk29o0al2goh,0.54%,12.94,/,125.5GiB,10.31%,2.13TB,/,2.52TB,724GB,/,9.96GB,314
2022-09-30 11:13:47,c6fbdd1c8b4d,hadoop-slave14.1.pvwm6rcb1tmuvkk29o0al2goh,0.53%,12.94,/,125.5GiB,10.31%,2.13TB,/,2.52TB,724GB,/,9.96GB,314
2022-9-30 11:13:48,c6fbdd1c8b4d,hadoop-slave14.1.pvwm6rcb1tmuvkk29o0al2goh,0.51%,12.94,/,125.5GiB,10.31%,2.13TB,/,2.52TB,724GB,/,9.96GB,314
2022-09-30 11:13:49,c6fbdd1c8b4d,hadoop-slave14.1.pvwm6rcb1tmuvkk29o0al2goh,0.54%,12.94,/,125.5GiB,10.31%,2.13TB,/,2.52TB,724GB,/,9.96GB,314
2022-9-30 11:13:50,c6fbdd1c8b4d,hadoop-slave14.1.pvwm6rcb1tmuvkk29o0al2goh,0.58%,12.94,/,125.5GiB,10.31%,2.13TB,/,2.52TB,724GB,/,9.96GB,314
2022-09-30 11:13:51,c6fbdd1c8b4d,hadoop-slave14.1.pvwm6rcb1tmuvkk29o0al2goh,0.53%,12.94,/,125.5GiB,10.31%,2.13TB,/,2.52TB,724GB,/,9.96GB,314
2022-9-30 11:13:52,c6fbdd1c8b4d,hadoop-slave14.1.pvwm6rcb1tmuvkk29o0al2goh,0.49%,12.94,/,125.5GiB,10.31%,2.13TB,/,2.52TB,724GB,/,9.96GB,314
2022-09-30 11:13:53,c6fbdd1c8b4d,hadoop-slave14.1.pvwm6rcb1tmuvkk29o0al2goh,0.48%,12.94,/,125.5GiB,10.31%,2.13TB,/,2.52TB,724GB,/,9.96GB,314
2022-9-30 11:13:54,c6fbdd1c8b4d,hadoop-slave14.1.pvwm6rcb1tmuvkk29o0al2goh,0.48%,12.94,/,125.5GiB,10.31%,2.13TB,/,2.52TB,724GB,/,9.96GB,313
2022-09-30 11:13:55,c6fbdd1c8b4d,hadoop-slave14.1.pvwm6rcb1tmuvkk29o0al2goh,0.69%,12.94,/,125.5GiB,10.31%,2.13TB,/,2.52TB,724GB,/,9.96GB,313
2022-9-30 11:13:56,c6fbdd1c8b4d,hadoop-slave14.1.pvwm6rcb1tmuvkk29o0al2goh,0.89%,12.94,/,125.5GiB,10.31%,2.13TB,/,2.52TB,724GB,/,9.96GB,311
2022-09-30 11:13:57,c6fbdd1c8b4d,hadoop-slave14.1.pvwm6rcb1tmuvkk29o0al2goh,0.69%,12.94,/,125.5GiB,10.31%,2.13TB,/,2.52TB,724GB,/,9.96GB,311
2022-9-30 11:13:58,c6fbdd1c8b4d,hadoop-slave14.1.pvwm6rcb1tmuvkk29o0al2goh,0.49%,12.94,/,125.5GiB,10.31%,2.13TB,/,2.52TB,724GB,/,9.96GB,311
2022-09-30 11:13:59,c6fbdd1c8b4d,hadoop-slave14.1.pvwm6rcb1tmuvkk29o0al2goh,0.52%,12.94,/,125.5GiB,10.31%,2.13TB,/,2.52TB,724GB,/,9.96GB,311
2022-9-30 11:14:00,c6fbdd1c8b4d,hadoop-slave14.1.pvwm6rcb1tmuvkk29o0al2goh,0.54%,12.94,/,125.5GiB,10.31%,2.13TB,/,2.52TB,724GB,/,9.96GB,311
2022-09-30 11:14:01,c6fbdd1c8b4d,hadoop-slave14.1.pvwm6rcb1tmuvkk29o0al2goh,0.54%,12.94,/,125.5GiB,10.31%,2.13TB,/,2.52TB,724GB,/,9.96GB,311
2022-9-30 11:14:02,c6fbdd1c8b4d,hadoop-slave14.1.pvwm6rcb1tmuvkk29o0al2goh,0.54%,12.94,/,125.5GiB,10.31%,2.13TB,/,2.52TB,724GB,/,9.96GB,311
2022-09-30 11:14:03,c6fbdd1c8b4d,hadoop-slave14.1.pvwm6rcb1tmuvkk29o0al2goh,0.51%,12.94,/,125.5GiB,10.31%,2.13TB,/,2.52TB,724GB,/,9.96GB,311
2022-9-30 11:14:04,c6fbdd1c8b4d,hadoop-slave14.1.pvwm6rcb1tmuvkk29o0al2goh,0.48%,12.94,/,125.5GiB,10.31%,2.13TB,/,2.52TB,724GB,/,9.96GB,311
2022-09-30 11:14:05,c6fbdd1c8b4d,hadoop-slave14.1.pvwm6rcb1tmuvkk29o0al2goh,0.57%,12.94,/,125.5GiB,10.31%,2.13TB,/,2.52TB,724GB,/,9.96GB,311
2022-9-30 11:14:06,c6fbdd1c8b4d,hadoop-slave14.1.pvwm6rcb1tmuvkk29o0al2goh,0.67%,12.94,/,125.5GiB,10.31%,2.13TB,/,2.52TB,724GB,/,9.96GB,307
2022-09-30 11:14:07,c6fbdd1c8b4d,hadoop-slave14.1.pvwm6rcb1tmuvkk29o0al2goh,0.69%,12.94,/,125.5GiB,10.31%,2.13TB,/,2.52TB,724GB,/,9.96GB,307
2022-9-30 11:14:08,c6fbdd1c8b4d,hadoop-slave14.1.pvwm6rcb1tmuvkk29o0al2goh,0.70%,12.94,/,125.5GiB,10.31%,2.13TB,/,2.52TB,724GB,/,9.96GB,303
2022-09-30 11:14:09,c6fbdd1c8b4d,hadoop-slave14.1.pvwm6rcb1tmuvkk29o0al2goh,0.61%,12.94,/,125.5GiB,10.31%,2.13TB,/,2.52TB,724GB,/,9.96GB,303
2022-9-30 11:14:10,c6fbdd1c8b4d,hadoop-slave14.1.pvwm6rcb1tmuvkk29o0al2goh,0.52%,12.94,/,125.5GiB,10.31%,2.13TB,/,2.52TB,724GB,/,9.96GB,303
2022-09-30 11:14:11,c6fbdd1c8b4d,hadoop-slave14.1.pvwm6rcb1tmuvkk29o0al2goh,0.49%,12.94,/,125.5GiB,10.31%,2.13TB,/,2.52TB,724GB,/,9.96GB,303
2022-9-30 11:14:12,c6fbdd1c8b4d,hadoop-slave14.1.pvwm6rcb1tmuvkk29o0al2goh,0.47%,12.94,/,125.5GiB,10.31%,2.13TB,/,2.52TB,724GB,/,9.96GB,303
2022-09-30 11:14:13,c6fbdd1c8b4d,hadoop-slave14.1.pvwm6rcb1tmuvkk29o0al2goh,0.5%,12.94,/,125.5GiB,10.31%,2.13TB,/,2.52TB,724GB,/,9.96GB,303
2022-9-30 11:14:14,c6fbdd1c8b4d,hadoop-slave14.1.pvwm6rcb1tmuvkk29o0al2goh,0.53%,12.94,/,125.5GiB,10.31%,2.13TB,/,2.52TB,724GB,/,9.96GB,303
2022-09-30 11:14:15,c6fbdd1c8b4d,hadoop-slave14.1.pvwm6rcb1tmuvkk29o0al2goh,0.53%,12.94,/,125.5GiB,10.31%,2.13TB,/,2.52TB,724GB,/,9.96GB,303
2022-9-30 11:14:16,c6fbdd1c8b4d,hadoop-slave14.1.pvwm6rcb1tmuvkk29o0al2goh,0.52%,12.94,/,125.5GiB,10.31%,2.13TB,/,2.52TB,724GB,/,9.96GB,303
2022-09-30 11:14:17,c6fbdd1c8b4d,hadoop-slave14.1.pvwm6rcb1tmuvkk29o0al2goh,0.5%,12.94,/,125.5GiB,10.31%,2.13TB,/,2.52TB,724GB,/,9.96GB,303
2022-9-30 11:14:18,c6fbdd1c8b4d,hadoop-slave14.1.pvwm6rcb1tmuvkk29o0al2goh,0.48%,12.94,/,125.5GiB,10.31%,2.13TB,/,2.52TB,724GB,/,9.96GB,302
2022-09-30 11:14:19,c6fbdd1c8b4d,hadoop-slave14.1.pvwm6rcb1tmuvkk29o0al2goh,0.51%,12.94,/,125.5GiB,10.31%,2.13TB,/,2.52TB,724GB,/,9.96GB,302
2022-9-30 11:14:20,c6fbdd1c8b4d,hadoop-slave14.1.pvwm6rcb1tmuvkk29o0al2goh,0.54%,12.94,/,125.5GiB,10.31%,2.13TB,/,2.52TB,724GB,/,9.96GB,302
2022-09-30 11:14:21,c6fbdd1c8b4d,hadoop-slave14.1.pvwm6rcb1tmuvkk29o0al2goh,0.52%,12.94,/,125.5GiB,10.31%,2.13TB,/,2.52TB,724GB,/,9.96GB,302
2022-9-30 11:14:22,c6fbdd1c8b4d,hadoop-slave14.1.pvwm6rcb1tmuvkk29o0al2goh,0.50%,12.94,/,125.5GiB,10.31%,2.13TB,/,2.52TB,724GB,/,9.96GB,302
2022-09-30 11:14:23,c6fbdd1c8b4d,hadoop-slave14.1.pvwm6rcb1tmuvkk29o0al2goh,0.51%,12.94,/,125.5GiB,10.31%,2.13TB,/,2.52TB,724GB,/,9.96GB,302
2022-9-30 11:14:24,c6fbdd1c8b4d,hadoop-slave14.1.pvwm6rcb1tmuvkk29o0al2goh,0.51%,12.94,/,125.5GiB,10.31%,2.13TB,/,2.52TB,724GB,/,9.96GB,302
2022-09-30 11:14:25,c6fbdd1c8b4d,hadoop-slave14.1.pvwm6rcb1tmuvkk29o0al2goh,0.54%,12.94,/,125.5GiB,10.31%,2.13TB,/,2.52TB,724GB,/,9.96GB,302
2022-9-30 11:14:26,c6fbdd1c8b4d,hadoop-slave14.1.pvwm6rcb1tmuvkk29o0al2goh,0.57%,12.94,/,125.5GiB,10.31%,2.13TB,/,2.52TB,724GB,/,9.96GB,302
2022-09-30 11:14:27,c6fbdd1c8b4d,hadoop-slave14.1.pvwm6rcb1tmuvkk29o0al2goh,0.52%,12.94,/,125.5GiB,10.31%,2.13TB,/,2.52TB,724GB,/,9.96GB,302
2022-9-30 11:14:28,c6fbdd1c8b4d,hadoop-slave14.1.pvwm6rcb1tmuvkk29o0al2goh,0.46%,12.94,/,125.5GiB,10.31%,2.13TB,/,2.52TB,724GB,/,9.96GB,302
2022-09-30 11:14:29,c6fbdd1c8b4d,hadoop-slave14.1.pvwm6rcb1tmuvkk29o0al2goh,0.48%,12.94,/,125.5GiB,10.31%,2.13TB,/,2.52TB,724GB,/,9.96GB,302
2022-9-30 11:14:30,c6fbdd1c8b4d,hadoop-slave14.1.pvwm6rcb1tmuvkk29o0al2goh,0.51%,12.94,/,125.5GiB,10.31%,2.13TB,/,2.52TB,724GB,/,9.96GB,302
2022-09-30 11:14:31,c6fbdd1c8b4d,hadoop-slave14.1.pvwm6rcb1tmuvkk29o0al2goh,0.52%,12.94,/,125.5GiB,10.31%,2.13TB,/,2.52TB,724GB,/,9.96GB,302
2022-9-30 11:14:32,c6fbdd1c8b4d,hadoop-slave14.1.pvwm6rcb1tmuvkk29o0al2goh,0.52%,12.94,/,125.5GiB,10.31%,2.13TB,/,2.52TB,724GB,/,9.96GB,302
2022-09-30 11:14:33,c6fbdd1c8b4d,hadoop-slave14.1.pvwm6rcb1tmuvkk29o0al2goh,0.52%,12.94,/,125.5GiB,10.31%,2.13TB,/,2.52TB,724GB,/,9.96GB,302
2022-9-30 11:14:34,c6fbdd1c8b4d,hadoop-slave14.1.pvwm6rcb1tmuvkk29o0al2goh,0.51%,12.94,/,125.5GiB,10.31%,2.13TB,/,2.52TB,724GB,/,9.96GB,302
2022-09-30 11:14:35,c6fbdd1c8b4d,hadoop-slave14.1.pvwm6rcb1tmuvkk29o0al2goh,0.52%,12.94,/,125.5GiB,10.31%,2.13TB,/,2.52TB,724GB,/,9.96GB,302
2022-09-30 11:14:36,c6fbdd1c8b4d,hadoop-slave14.1.pvwm6rcb1tmuvkk29o0al2goh,0.52%,12.94,/,125.5GiB,10.31%,2.13TB,/,2.52TB,724GB,/,9.96GB,302
2022-9-30 11:14:37,c6fbdd1c8b4d,hadoop-slave14.1.pvwm6rcb1tmuvkk29o0al2goh,0.52%,12.94,/,125.5GiB,10.31%,2.13TB,/,2.52TB,724GB,/,9.96GB,302
2022-09-30 11:14:38,c6fbdd1c8b4d,hadoop-slave14.1.pvwm6rcb1tmuvkk29o0al2goh,0.54%,12.94,/,125.5GiB,10.31%,2.13TB,/,2.52TB,724GB,/,9.96GB,302
2022-9-30 11:14:39,c6fbdd1c8b4d,hadoop-slave14.1.pvwm6rcb1tmuvkk29o0al2goh,0.57%,12.94,/,125.5GiB,10.31%,2.13TB,/,2.52TB,724GB,/,9.96GB,302
2022-09-30 11:14:40,c6fbdd1c8b4d,hadoop-slave14.1.pvwm6rcb1tmuvkk29o0al2goh,0.52%,12.94,/,125.5GiB,10.31%,2.13TB,/,2.52TB,724GB,/,9.96GB,302
2022-9-30 11:14:41,c6fbdd1c8b4d,hadoop-slave14.1.pvwm6rcb1tmuvkk29o0al2goh,0.47%,12.94,/,125.5GiB,10.31%,2.13TB,/,2.52TB,724GB,/,9.96GB,302
2022-09-30 11:14:42,c6fbdd1c8b4d,hadoop-slave14.1.pvwm6rcb1tmuvkk29o0al2goh,0.47%,12.94,/,125.5GiB,10.31%,2.13TB,/,2.52TB,724GB,/,9.96GB,302
2022-9-30 11:14:43,c6fbdd1c8b4d,hadoop-slave14.1.pvwm6rcb1tmuvkk29o0al2goh,0.47%,12.94,/,125.5GiB,10.31%,2.13TB,/,2.52TB,724GB,/,9.96GB,302
2022-09-30 11:14:44,c6fbdd1c8b4d,hadoop-slave14.1.pvwm6rcb1tmuvkk29o0al2goh,0.52%,12.94,/,125.5GiB,10.31%,2.13TB,/,2.52TB,724GB,/,9.96GB,302
2022-9-30 11:14:45,c6fbdd1c8b4d,hadoop-slave14.1.pvwm6rcb1tmuvkk29o0al2goh,0.58%,12.94,/,125.5GiB,10.31%,2.13TB,/,2.52TB,724GB,/,9.96GB,302
2022-09-30 11:14:46,c6fbdd1c8b4d,hadoop-slave14.1.pvwm6rcb1tmuvkk29o0al2goh,0.55%,12.94,/,125.5GiB,10.31%,2.13TB,/,2.52TB,724GB,/,9.96GB,302
2022-9-30 11:14:47,c6fbdd1c8b4d,hadoop-slave14.1.pvwm6rcb1tmuvkk29o0al2goh,0.53%,12.94,/,125.5GiB,10.31%,2.13TB,/,2.52TB,724GB,/,9.96GB,302
2022-09-30 11:14:48,c6fbdd1c8b4d,hadoop-slave14.1.pvwm6rcb1tmuvkk29o0al2goh,0.5%,12.94,/,125.5GiB,10.31%,2.13TB,/,2.52TB,724GB,/,9.96GB,302
2022-9-30 11:14:49,c6fbdd1c8b4d,hadoop-slave14.1.pvwm6rcb1tmuvkk29o0al2goh,0.47%,12.94,/,125.5GiB,10.31%,2.13TB,/,2.52TB,724GB,/,9.96GB,302
2022-09-30 11:14:50,c6fbdd1c8b4d,hadoop-slave14.1.pvwm6rcb1tmuvkk29o0al2goh,0.49%,12.94,/,125.5GiB,10.31%,2.13TB,/,2.52TB,724GB,/,9.96GB,302
2022-9-30 11:14:51,c6fbdd1c8b4d,hadoop-slave14.1.pvwm6rcb1tmuvkk29o0al2goh,0.52%,12.94,/,125.5GiB,10.31%,2.13TB,/,2.52TB,724GB,/,9.96GB,302
2022-09-30 11:14:52,c6fbdd1c8b4d,hadoop-slave14.1.pvwm6rcb1tmuvkk29o0al2goh,0.49%,12.94,/,125.5GiB,10.31%,2.13TB,/,2.52TB,724GB,/,9.96GB,302
2022-9-30 11:14:53,c6fbdd1c8b4d,hadoop-slave14.1.pvwm6rcb1tmuvkk29o0al2goh,0.46%,12.94,/,125.5GiB,10.31%,2.13TB,/,2.52TB,724GB,/,9.96GB,302
2022-09-30 11:14:54,c6fbdd1c8b4d,hadoop-slave14.1.pvwm6rcb1tmuvkk29o0al2goh,0.51%,12.94,/,125.5GiB,10.31%,2.13TB,/,2.52TB,724GB,/,9.96GB,302
2022-9-30 11:14:55,c6fbdd1c8b4d,hadoop-slave14.1.pvwm6rcb1tmuvkk29o0al2goh,0.55%,12.94,/,125.5GiB,10.31%,2.13TB,/,2.52TB,724GB,/,9.96GB,302
2022-09-30 11:14:56,c6fbdd1c8b4d,hadoop-slave14.1.pvwm6rcb1tmuvkk29o0al2goh,0.57%,12.94,/,125.5GiB,10.31%,2.13TB,/,2.52TB,724GB,/,9.96GB,302
2022-9-30 11:14:57,c6fbdd1c8b4d,hadoop-slave14.1.pvwm6rcb1tmuvkk29o0al2goh,0.60%,12.94,/,125.5GiB,10.31%,2.13TB,/,2.52TB,724GB,/,9.96GB,302
2022-09-30 11:14:58,c6fbdd1c8b4d,hadoop-slave14.1.pvwm6rcb1tmuvkk29o0al2goh,0.54%,12.94,/,125.5GiB,10.31%,2.13TB,/,2.52TB,724GB,/,9.96GB,302
2022-9-30 11:14:59,c6fbdd1c8b4d,hadoop-slave14.1.pvwm6rcb1tmuvkk29o0al2goh,0.48%,12.94,/,125.5GiB,10.31%,2.13TB,/,2.52TB,724GB,/,9.96GB,302
2022-09-30 11:15:00,c6fbdd1c8b4d,hadoop-slave14.1.pvwm6rcb1tmuvkk29o0al2goh,0.47%,12.94,/,125.5GiB,10.31%,2.13TB,/,2.52TB,724GB,/,9.96GB,302
2022-9-30 11:15:01,c6fbdd1c8b4d,hadoop-slave14.1.pvwm6rcb1tmuvkk29o0al2goh,0.47%,12.94,/,125.5GiB,10.31%,2.13TB,/,2.52TB,724GB,/,9.96GB,302
2022-09-30 11:15:02,c6fbdd1c8b4d,hadoop-slave14.1.pvwm6rcb1tmuvkk29o0al2goh,0.52%,12.94,/,125.5GiB,10.31%,2.13TB,/,2.52TB,724GB,/,9.96GB,302
2022-9-30 11:15:03,c6fbdd1c8b4d,hadoop-slave14.1.pvwm6rcb1tmuvkk29o0al2goh,0.56%,12.94,/,125.5GiB,10.31%,2.13TB,/,2.52TB,724GB,/,9.96GB,302
2022-09-30 11:15:04,c6fbdd1c8b4d,hadoop-slave14.1.pvwm6rcb1tmuvkk29o0al2goh,0.61%,12.94,/,125.5GiB,10.31%,2.13TB,/,2.52TB,724GB,/,9.96GB,302
