2022-9-28 13:33:27,c816071a941c,hadoop-slave6.1.jyquyq8eoldtbvk9z2h8twuih,263.42%,3.92,/,125.5GiB,3.12%,36.5TB,/,36.3TB,736GB,/,225GB,542
2022-09-28 13:33:28,c816071a941c,hadoop-slave6.1.jyquyq8eoldtbvk9z2h8twuih,397.53%,3.92,/,125.5GiB,3.38%,36.5TB,/,36.3TB,736GB,/,225GB,542
2022-09-28 13:33:29,c816071a941c,hadoop-slave6.1.jyquyq8eoldtbvk9z2h8twuih,397.53%,3.92,/,125.5GiB,3.38%,36.5TB,/,36.3TB,736GB,/,225GB,542
2022-9-28 13:33:30,c816071a941c,hadoop-slave6.1.jyquyq8eoldtbvk9z2h8twuih,531.65%,4.587,/,125.5GiB,3.65%,36.5TB,/,36.3TB,736GB,/,225GB,699
2022-09-28 13:33:31,c816071a941c,hadoop-slave6.1.jyquyq8eoldtbvk9z2h8twuih,342.98%,4.587,/,125.5GiB,3.83%,36.5TB,/,36.3TB,736GB,/,225GB,699
2022-9-28 13:33:32,c816071a941c,hadoop-slave6.1.jyquyq8eoldtbvk9z2h8twuih,154.30%,5.017,/,125.5GiB,4.00%,36.5TB,/,36.3TB,736GB,/,225GB,790
2022-09-28 13:33:33,c816071a941c,hadoop-slave6.1.jyquyq8eoldtbvk9z2h8twuih,241.41%,5.017,/,125.5GiB,4.12%,36.5TB,/,36.3TB,736GB,/,225GB,790
2022-9-28 13:33:34,c816071a941c,hadoop-slave6.1.jyquyq8eoldtbvk9z2h8twuih,328.51%,5.323,/,125.5GiB,4.24%,36.5TB,/,36.3TB,736GB,/,225GB,792
2022-09-28 13:33:35,c816071a941c,hadoop-slave6.1.jyquyq8eoldtbvk9z2h8twuih,165.48%,5.323,/,125.5GiB,4.25%,36.5TB,/,36.3TB,736GB,/,225GB,792
2022-9-28 13:33:36,c816071a941c,hadoop-slave6.1.jyquyq8eoldtbvk9z2h8twuih,2.45%,5.34,/,125.5GiB,4.26%,36.5TB,/,36.3TB,736GB,/,225GB,783
2022-09-28 13:33:37,c816071a941c,hadoop-slave6.1.jyquyq8eoldtbvk9z2h8twuih,2.0%,5.34,/,125.5GiB,4.25%,36.5TB,/,36.3TB,736GB,/,225GB,783
2022-9-28 13:33:38,c816071a941c,hadoop-slave6.1.jyquyq8eoldtbvk9z2h8twuih,1.54%,5.318,/,125.5GiB,4.24%,36.5TB,/,36.3TB,736GB,/,225GB,783
2022-09-28 13:33:39,c816071a941c,hadoop-slave6.1.jyquyq8eoldtbvk9z2h8twuih,2.48%,5.318,/,125.5GiB,4.24%,36.5TB,/,36.3TB,736GB,/,225GB,783
2022-9-28 13:33:40,c816071a941c,hadoop-slave6.1.jyquyq8eoldtbvk9z2h8twuih,3.41%,5.318,/,125.5GiB,4.24%,36.5TB,/,36.3TB,736GB,/,225GB,783
2022-09-28 13:33:41,c816071a941c,hadoop-slave6.1.jyquyq8eoldtbvk9z2h8twuih,2.37%,5.318,/,125.5GiB,4.24%,36.5TB,/,36.3TB,736GB,/,225GB,783
2022-9-28 13:33:42,c816071a941c,hadoop-slave6.1.jyquyq8eoldtbvk9z2h8twuih,1.33%,5.318,/,125.5GiB,4.24%,36.5TB,/,36.3TB,736GB,/,225GB,783
2022-09-28 13:33:43,c816071a941c,hadoop-slave6.1.jyquyq8eoldtbvk9z2h8twuih,2.53%,5.318,/,125.5GiB,4.24%,36.5TB,/,36.3TB,736GB,/,225GB,783
2022-9-28 13:33:44,c816071a941c,hadoop-slave6.1.jyquyq8eoldtbvk9z2h8twuih,3.73%,5.318,/,125.5GiB,4.24%,36.5TB,/,36.3TB,736GB,/,225GB,783
2022-09-28 13:33:45,c816071a941c,hadoop-slave6.1.jyquyq8eoldtbvk9z2h8twuih,2.5%,5.318,/,125.5GiB,4.24%,36.5TB,/,36.3TB,736GB,/,225GB,783
2022-9-28 13:33:46,c816071a941c,hadoop-slave6.1.jyquyq8eoldtbvk9z2h8twuih,1.26%,5.318,/,125.5GiB,4.24%,36.5TB,/,36.3TB,736GB,/,225GB,783
2022-09-28 13:33:47,c816071a941c,hadoop-slave6.1.jyquyq8eoldtbvk9z2h8twuih,2.52%,5.318,/,125.5GiB,4.24%,36.5TB,/,36.3TB,736GB,/,225GB,783
2022-9-28 13:33:48,c816071a941c,hadoop-slave6.1.jyquyq8eoldtbvk9z2h8twuih,3.77%,5.318,/,125.5GiB,4.24%,36.5TB,/,36.3TB,736GB,/,225GB,783
2022-09-28 13:33:49,c816071a941c,hadoop-slave6.1.jyquyq8eoldtbvk9z2h8twuih,168.01%,5.318,/,125.5GiB,4.26%,36.5TB,/,36.3TB,736GB,/,225GB,783
2022-9-28 13:33:50,c816071a941c,hadoop-slave6.1.jyquyq8eoldtbvk9z2h8twuih,332.25%,5.376,/,125.5GiB,4.28%,36.5TB,/,36.3TB,736GB,/,225GB,809
2022-09-28 13:33:51,c816071a941c,hadoop-slave6.1.jyquyq8eoldtbvk9z2h8twuih,677.0%,5.376,/,125.5GiB,4.72%,36.5TB,/,36.3TB,736GB,/,225GB,809
2022-9-28 13:33:52,c816071a941c,hadoop-slave6.1.jyquyq8eoldtbvk9z2h8twuih,1021.74%,6.471,/,125.5GiB,5.16%,36.5TB,/,36.3TB,736GB,/,225GB,837
2022-09-28 13:33:53,c816071a941c,hadoop-slave6.1.jyquyq8eoldtbvk9z2h8twuih,1112.25%,6.471,/,125.5GiB,5.48%,36.5TB,/,36.3TB,736GB,/,225GB,837
2022-9-28 13:33:54,c816071a941c,hadoop-slave6.1.jyquyq8eoldtbvk9z2h8twuih,1202.76%,7.275,/,125.5GiB,5.80%,36.5TB,/,36.3TB,737GB,/,225GB,864
2022-09-28 13:33:55,c816071a941c,hadoop-slave6.1.jyquyq8eoldtbvk9z2h8twuih,1308.51%,7.275,/,125.5GiB,6.39%,36.5TB,/,36.3TB,737GB,/,225GB,864
2022-9-28 13:33:56,c816071a941c,hadoop-slave6.1.jyquyq8eoldtbvk9z2h8twuih,1414.26%,8.755,/,125.5GiB,6.98%,36.5TB,/,36.3TB,737GB,/,225GB,867
2022-09-28 13:33:57,c816071a941c,hadoop-slave6.1.jyquyq8eoldtbvk9z2h8twuih,956.11%,8.755,/,125.5GiB,7.02%,36.5TB,/,36.3TB,737GB,/,225GB,867
2022-9-28 13:33:58,c816071a941c,hadoop-slave6.1.jyquyq8eoldtbvk9z2h8twuih,497.96%,8.853,/,125.5GiB,7.05%,36.5TB,/,36.3TB,737GB,/,225GB,866
2022-09-28 13:33:59,c816071a941c,hadoop-slave6.1.jyquyq8eoldtbvk9z2h8twuih,904.62%,8.853,/,125.5GiB,7.29%,36.5TB,/,36.3TB,737GB,/,225GB,866
2022-9-28 13:34:00,c816071a941c,hadoop-slave6.1.jyquyq8eoldtbvk9z2h8twuih,1311.29%,9.438,/,125.5GiB,7.52%,36.5TB,/,36.3TB,738GB,/,225GB,868
2022-09-28 13:34:01,c816071a941c,hadoop-slave6.1.jyquyq8eoldtbvk9z2h8twuih,1662.82%,9.438,/,125.5GiB,7.98%,36.5TB,/,36.3TB,738GB,/,225GB,868
2022-9-28 13:34:02,c816071a941c,hadoop-slave6.1.jyquyq8eoldtbvk9z2h8twuih,2014.36%,10.59,/,125.5GiB,8.44%,36.5TB,/,36.3TB,738GB,/,225GB,871
2022-09-28 13:34:03,c816071a941c,hadoop-slave6.1.jyquyq8eoldtbvk9z2h8twuih,1497.52%,10.59,/,125.5GiB,8.5%,36.5TB,/,36.3TB,738GB,/,225GB,871
2022-9-28 13:34:04,c816071a941c,hadoop-slave6.1.jyquyq8eoldtbvk9z2h8twuih,980.68%,10.73,/,125.5GiB,8.55%,36.5TB,/,36.3TB,738GB,/,225GB,875
2022-09-28 13:34:05,c816071a941c,hadoop-slave6.1.jyquyq8eoldtbvk9z2h8twuih,1544.05%,10.73,/,125.5GiB,8.84%,36.5TB,/,36.3TB,738GB,/,225GB,875
2022-9-28 13:34:06,c816071a941c,hadoop-slave6.1.jyquyq8eoldtbvk9z2h8twuih,2107.43%,11.45,/,125.5GiB,9.13%,36.5TB,/,36.3TB,739GB,/,225GB,882
2022-09-28 13:34:07,c816071a941c,hadoop-slave6.1.jyquyq8eoldtbvk9z2h8twuih,2171.27%,11.45,/,125.5GiB,9.78%,36.5TB,/,36.3TB,739GB,/,225GB,882
2022-9-28 13:34:08,c816071a941c,hadoop-slave6.1.jyquyq8eoldtbvk9z2h8twuih,2235.11%,13.07,/,125.5GiB,10.42%,36.5TB,/,36.3TB,739GB,/,225GB,883
2022-09-28 13:34:09,c816071a941c,hadoop-slave6.1.jyquyq8eoldtbvk9z2h8twuih,2311.01%,13.07,/,125.5GiB,10.8%,36.5TB,/,36.3TB,739GB,/,225GB,883
2022-09-28 13:34:10,c816071a941c,hadoop-slave6.1.jyquyq8eoldtbvk9z2h8twuih,2311.01%,13.07,/,125.5GiB,10.8%,36.5TB,/,36.3TB,739GB,/,225GB,883
2022-9-28 13:34:11,c816071a941c,hadoop-slave6.1.jyquyq8eoldtbvk9z2h8twuih,2386.90%,14.03,/,125.5GiB,11.18%,36.5TB,/,36.3TB,739GB,/,225GB,898
2022-09-28 13:34:12,c816071a941c,hadoop-slave6.1.jyquyq8eoldtbvk9z2h8twuih,2304.68%,14.03,/,125.5GiB,11.52%,36.5TB,/,36.3TB,739GB,/,225GB,898
2022-9-28 13:34:13,c816071a941c,hadoop-slave6.1.jyquyq8eoldtbvk9z2h8twuih,2222.46%,14.87,/,125.5GiB,11.85%,36.5TB,/,36.3TB,739GB,/,225GB,900
2022-09-28 13:34:14,c816071a941c,hadoop-slave6.1.jyquyq8eoldtbvk9z2h8twuih,2346.99%,14.87,/,125.5GiB,11.91%,36.5TB,/,36.3TB,739GB,/,225GB,900
2022-9-28 13:34:15,c816071a941c,hadoop-slave6.1.jyquyq8eoldtbvk9z2h8twuih,2471.53%,15.03,/,125.5GiB,11.97%,36.5TB,/,36.3TB,739GB,/,225GB,899
2022-09-28 13:34:16,c816071a941c,hadoop-slave6.1.jyquyq8eoldtbvk9z2h8twuih,2080.98%,15.03,/,125.5GiB,12.12%,36.5TB,/,36.3TB,739GB,/,225GB,899
2022-9-28 13:34:17,c816071a941c,hadoop-slave6.1.jyquyq8eoldtbvk9z2h8twuih,1690.43%,15.4,/,125.5GiB,12.27%,36.5TB,/,36.3TB,739GB,/,225GB,903
2022-09-28 13:34:18,c816071a941c,hadoop-slave6.1.jyquyq8eoldtbvk9z2h8twuih,1509.8%,15.4,/,125.5GiB,12.31%,36.5TB,/,36.3TB,739GB,/,225GB,903
2022-9-28 13:34:19,c816071a941c,hadoop-slave6.1.jyquyq8eoldtbvk9z2h8twuih,1329.16%,15.52,/,125.5GiB,12.36%,36.5TB,/,36.3TB,740GB,/,225GB,902
2022-09-28 13:34:20,c816071a941c,hadoop-slave6.1.jyquyq8eoldtbvk9z2h8twuih,1740.56%,15.52,/,125.5GiB,12.62%,36.5TB,/,36.3TB,740GB,/,225GB,902
2022-9-28 13:34:21,c816071a941c,hadoop-slave6.1.jyquyq8eoldtbvk9z2h8twuih,2151.96%,16.17,/,125.5GiB,12.89%,36.5TB,/,36.3TB,740GB,/,225GB,898
2022-09-28 13:34:22,c816071a941c,hadoop-slave6.1.jyquyq8eoldtbvk9z2h8twuih,1359.92%,16.17,/,125.5GiB,12.9%,36.5TB,/,36.3TB,740GB,/,225GB,898
2022-9-28 13:34:23,c816071a941c,hadoop-slave6.1.jyquyq8eoldtbvk9z2h8twuih,567.88%,16.21,/,125.5GiB,12.91%,36.5TB,/,36.3TB,740GB,/,225GB,900
2022-09-28 13:34:24,c816071a941c,hadoop-slave6.1.jyquyq8eoldtbvk9z2h8twuih,508.95%,16.21,/,125.5GiB,12.93%,36.5TB,/,36.3TB,740GB,/,225GB,900
2022-09-28 13:34:25,c816071a941c,hadoop-slave6.1.jyquyq8eoldtbvk9z2h8twuih,508.95%,16.21,/,125.5GiB,12.93%,36.5TB,/,36.3TB,740GB,/,225GB,900
2022-9-28 13:34:26,c816071a941c,hadoop-slave6.1.jyquyq8eoldtbvk9z2h8twuih,450.03%,16.24,/,125.5GiB,12.94%,36.5TB,/,36.3TB,741GB,/,225GB,901
2022-09-28 13:34:27,c816071a941c,hadoop-slave6.1.jyquyq8eoldtbvk9z2h8twuih,925.05%,16.24,/,125.5GiB,13.03%,36.5TB,/,36.3TB,741GB,/,225GB,901
2022-9-28 13:34:28,c816071a941c,hadoop-slave6.1.jyquyq8eoldtbvk9z2h8twuih,1400.08%,16.46,/,125.5GiB,13.12%,36.5TB,/,36.3TB,741GB,/,225GB,891
2022-09-28 13:34:29,c816071a941c,hadoop-slave6.1.jyquyq8eoldtbvk9z2h8twuih,776.55%,16.46,/,125.5GiB,13.2%,36.5TB,/,36.3TB,741GB,/,225GB,891
2022-9-28 13:34:30,c816071a941c,hadoop-slave6.1.jyquyq8eoldtbvk9z2h8twuih,153.03%,16.65,/,125.5GiB,13.27%,36.5TB,/,36.3TB,741GB,/,225GB,878
2022-09-28 13:34:31,c816071a941c,hadoop-slave6.1.jyquyq8eoldtbvk9z2h8twuih,297.89%,16.65,/,125.5GiB,13.27%,36.5TB,/,36.3TB,741GB,/,225GB,878
2022-9-28 13:34:32,c816071a941c,hadoop-slave6.1.jyquyq8eoldtbvk9z2h8twuih,442.76%,16.66,/,125.5GiB,13.28%,36.5TB,/,36.3TB,741GB,/,225GB,859
2022-09-28 13:34:33,c816071a941c,hadoop-slave6.1.jyquyq8eoldtbvk9z2h8twuih,244.35%,16.66,/,125.5GiB,13.28%,36.5TB,/,36.3TB,741GB,/,225GB,859
2022-9-28 13:34:34,c816071a941c,hadoop-slave6.1.jyquyq8eoldtbvk9z2h8twuih,45.95%,16.66,/,125.5GiB,13.28%,36.5TB,/,36.3TB,741GB,/,225GB,853
2022-09-28 13:34:35,c816071a941c,hadoop-slave6.1.jyquyq8eoldtbvk9z2h8twuih,52.81%,16.66,/,125.5GiB,13.28%,36.5TB,/,36.3TB,741GB,/,225GB,853
2022-9-28 13:34:36,c816071a941c,hadoop-slave6.1.jyquyq8eoldtbvk9z2h8twuih,59.68%,16.66,/,125.5GiB,13.28%,36.5TB,/,36.3TB,741GB,/,225GB,853
2022-09-28 13:34:37,c816071a941c,hadoop-slave6.1.jyquyq8eoldtbvk9z2h8twuih,92.92%,16.66,/,125.5GiB,13.28%,36.5TB,/,36.3TB,741GB,/,225GB,853
2022-9-28 13:34:38,c816071a941c,hadoop-slave6.1.jyquyq8eoldtbvk9z2h8twuih,126.15%,16.66,/,125.5GiB,13.28%,36.5TB,/,36.3TB,741GB,/,225GB,853
2022-09-28 13:34:39,c816071a941c,hadoop-slave6.1.jyquyq8eoldtbvk9z2h8twuih,119.09%,16.66,/,125.5GiB,13.28%,36.5TB,/,36.3TB,741GB,/,225GB,853
2022-9-28 13:34:40,c816071a941c,hadoop-slave6.1.jyquyq8eoldtbvk9z2h8twuih,112.02%,16.67,/,125.5GiB,13.28%,36.5TB,/,36.3TB,741GB,/,225GB,853
2022-09-28 13:34:41,c816071a941c,hadoop-slave6.1.jyquyq8eoldtbvk9z2h8twuih,56.56%,16.67,/,125.5GiB,13.28%,36.5TB,/,36.3TB,741GB,/,225GB,853
2022-9-28 13:34:42,c816071a941c,hadoop-slave6.1.jyquyq8eoldtbvk9z2h8twuih,1.10%,16.67,/,125.5GiB,13.28%,36.5TB,/,36.3TB,741GB,/,225GB,853
2022-09-28 13:34:43,c816071a941c,hadoop-slave6.1.jyquyq8eoldtbvk9z2h8twuih,1.27%,16.67,/,125.5GiB,13.28%,36.5TB,/,36.3TB,741GB,/,225GB,853
2022-9-28 13:34:44,c816071a941c,hadoop-slave6.1.jyquyq8eoldtbvk9z2h8twuih,1.43%,16.67,/,125.5GiB,13.28%,36.5TB,/,36.3TB,741GB,/,225GB,853
2022-09-28 13:34:45,c816071a941c,hadoop-slave6.1.jyquyq8eoldtbvk9z2h8twuih,767.89%,16.67,/,125.5GiB,13.59%,36.5TB,/,36.3TB,741GB,/,225GB,853
2022-9-28 13:34:46,c816071a941c,hadoop-slave6.1.jyquyq8eoldtbvk9z2h8twuih,1534.35%,17.44,/,125.5GiB,13.89%,36.5TB,/,36.3TB,741GB,/,225GB,849
2022-09-28 13:34:47,c816071a941c,hadoop-slave6.1.jyquyq8eoldtbvk9z2h8twuih,1798.79%,17.44,/,125.5GiB,14.45%,36.5TB,/,36.3TB,741GB,/,225GB,849
2022-9-28 13:34:48,c816071a941c,hadoop-slave6.1.jyquyq8eoldtbvk9z2h8twuih,2063.24%,18.83,/,125.5GiB,15.00%,36.5TB,/,36.3TB,741GB,/,225GB,849
2022-09-28 13:34:49,c816071a941c,hadoop-slave6.1.jyquyq8eoldtbvk9z2h8twuih,2195.05%,18.83,/,125.5GiB,15.41%,36.5TB,/,36.3TB,741GB,/,225GB,849
2022-9-28 13:34:50,c816071a941c,hadoop-slave6.1.jyquyq8eoldtbvk9z2h8twuih,2326.87%,19.84,/,125.5GiB,15.81%,36.5TB,/,36.3TB,741GB,/,225GB,845
2022-09-28 13:34:51,c816071a941c,hadoop-slave6.1.jyquyq8eoldtbvk9z2h8twuih,1327.67%,19.84,/,125.5GiB,15.93%,36.5TB,/,36.3TB,741GB,/,225GB,845
2022-09-28 13:34:52,c816071a941c,hadoop-slave6.1.jyquyq8eoldtbvk9z2h8twuih,1327.67%,19.84,/,125.5GiB,15.93%,36.5TB,/,36.3TB,741GB,/,225GB,845
2022-9-28 13:34:53,c816071a941c,hadoop-slave6.1.jyquyq8eoldtbvk9z2h8twuih,328.48%,20.15,/,125.5GiB,16.06%,36.5TB,/,36.3TB,741GB,/,225GB,845
2022-09-28 13:34:54,c816071a941c,hadoop-slave6.1.jyquyq8eoldtbvk9z2h8twuih,346.94%,20.15,/,125.5GiB,16.18%,36.5TB,/,36.3TB,741GB,/,225GB,845
2022-9-28 13:34:55,c816071a941c,hadoop-slave6.1.jyquyq8eoldtbvk9z2h8twuih,365.39%,20.45,/,125.5GiB,16.30%,36.5TB,/,36.3TB,741GB,/,225GB,845
2022-09-28 13:34:56,c816071a941c,hadoop-slave6.1.jyquyq8eoldtbvk9z2h8twuih,361.56%,20.45,/,125.5GiB,16.41%,36.5TB,/,36.3TB,741GB,/,225GB,845
2022-9-28 13:34:57,c816071a941c,hadoop-slave6.1.jyquyq8eoldtbvk9z2h8twuih,357.74%,20.73,/,125.5GiB,16.52%,36.5TB,/,36.3TB,741GB,/,225GB,845
2022-09-28 13:34:58,c816071a941c,hadoop-slave6.1.jyquyq8eoldtbvk9z2h8twuih,347.81%,20.73,/,125.5GiB,16.62%,36.5TB,/,36.3TB,741GB,/,225GB,845
2022-9-28 13:34:59,c816071a941c,hadoop-slave6.1.jyquyq8eoldtbvk9z2h8twuih,337.88%,20.98,/,125.5GiB,16.72%,36.5TB,/,36.3TB,741GB,/,225GB,845
2022-09-28 13:35:00,c816071a941c,hadoop-slave6.1.jyquyq8eoldtbvk9z2h8twuih,561.5%,20.98,/,125.5GiB,16.97%,36.5TB,/,36.3TB,741GB,/,225GB,845
2022-9-28 13:35:01,c816071a941c,hadoop-slave6.1.jyquyq8eoldtbvk9z2h8twuih,785.13%,21.61,/,125.5GiB,17.22%,36.5TB,/,36.3TB,741GB,/,225GB,844
2022-09-28 13:35:02,c816071a941c,hadoop-slave6.1.jyquyq8eoldtbvk9z2h8twuih,564.91%,21.61,/,125.5GiB,17.34%,36.5TB,/,36.3TB,741GB,/,225GB,844
2022-09-28 13:35:03,c816071a941c,hadoop-slave6.1.jyquyq8eoldtbvk9z2h8twuih,564.91%,21.61,/,125.5GiB,17.34%,36.5TB,/,36.3TB,741GB,/,225GB,844
2022-09-28 13:35:04,c816071a941c,hadoop-slave6.1.jyquyq8eoldtbvk9z2h8twuih,564.91%,21.61,/,125.5GiB,17.34%,36.5TB,/,36.3TB,741GB,/,225GB,844
2022-09-28 13:35:05,c816071a941c,hadoop-slave6.1.jyquyq8eoldtbvk9z2h8twuih,564.91%,21.61,/,125.5GiB,17.34%,36.5TB,/,36.3TB,741GB,/,225GB,844
2022-09-28 13:35:06,c816071a941c,hadoop-slave6.1.jyquyq8eoldtbvk9z2h8twuih,564.91%,21.61,/,125.5GiB,17.34%,36.5TB,/,36.3TB,741GB,/,225GB,844
2022-9-28 13:35:07,c816071a941c,hadoop-slave6.1.jyquyq8eoldtbvk9z2h8twuih,344.70%,21.91,/,125.5GiB,17.46%,36.5TB,/,36.3TB,741GB,/,225GB,844
2022-09-28 13:35:08,c816071a941c,hadoop-slave6.1.jyquyq8eoldtbvk9z2h8twuih,654.72%,21.91,/,125.5GiB,17.63%,36.5TB,/,36.3TB,741GB,/,225GB,844
2022-9-28 13:35:09,c816071a941c,hadoop-slave6.1.jyquyq8eoldtbvk9z2h8twuih,964.74%,22.34,/,125.5GiB,17.80%,36.5TB,/,36.3TB,741GB,/,225GB,844
2022-09-28 13:35:10,c816071a941c,hadoop-slave6.1.jyquyq8eoldtbvk9z2h8twuih,804.34%,22.34,/,125.5GiB,17.88%,36.5TB,/,36.3TB,741GB,/,225GB,844
2022-9-28 13:35:11,c816071a941c,hadoop-slave6.1.jyquyq8eoldtbvk9z2h8twuih,643.94%,22.52,/,125.5GiB,17.95%,36.5TB,/,36.3TB,741GB,/,225GB,844
2022-09-28 13:35:12,c816071a941c,hadoop-slave6.1.jyquyq8eoldtbvk9z2h8twuih,533.6%,22.52,/,125.5GiB,18.0%,36.5TB,/,36.3TB,741GB,/,225GB,844
2022-9-28 13:35:13,c816071a941c,hadoop-slave6.1.jyquyq8eoldtbvk9z2h8twuih,423.26%,22.67,/,125.5GiB,18.06%,36.5TB,/,36.3TB,741GB,/,225GB,844
2022-09-28 13:35:14,c816071a941c,hadoop-slave6.1.jyquyq8eoldtbvk9z2h8twuih,1959.93%,22.67,/,125.5GiB,18.87%,36.5TB,/,36.3TB,741GB,/,225GB,844
2022-9-28 13:35:15,c816071a941c,hadoop-slave6.1.jyquyq8eoldtbvk9z2h8twuih,3496.60%,24.7,/,125.5GiB,19.68%,36.5TB,/,36.3TB,741GB,/,225GB,844
2022-09-28 13:35:16,c816071a941c,hadoop-slave6.1.jyquyq8eoldtbvk9z2h8twuih,1961.99%,24.7,/,125.5GiB,19.77%,36.5TB,/,36.3TB,741GB,/,225GB,844
2022-9-28 13:35:17,c816071a941c,hadoop-slave6.1.jyquyq8eoldtbvk9z2h8twuih,427.38%,24.91,/,125.5GiB,19.85%,36.5TB,/,36.3TB,741GB,/,225GB,844
2022-09-28 13:35:18,c816071a941c,hadoop-slave6.1.jyquyq8eoldtbvk9z2h8twuih,1036.01%,24.91,/,125.5GiB,20.38%,36.5TB,/,36.3TB,741GB,/,225GB,844
2022-9-28 13:35:19,c816071a941c,hadoop-slave6.1.jyquyq8eoldtbvk9z2h8twuih,1644.64%,26.22,/,125.5GiB,20.90%,36.5TB,/,36.3TB,741GB,/,225GB,844
2022-09-28 13:35:20,c816071a941c,hadoop-slave6.1.jyquyq8eoldtbvk9z2h8twuih,2062.28%,26.22,/,125.5GiB,21.66%,36.5TB,/,36.3TB,741GB,/,225GB,844
2022-9-28 13:35:21,c816071a941c,hadoop-slave6.1.jyquyq8eoldtbvk9z2h8twuih,2479.92%,28.12,/,125.5GiB,22.41%,36.5TB,/,36.3TB,741GB,/,225GB,844
2022-09-28 13:35:22,c816071a941c,hadoop-slave6.1.jyquyq8eoldtbvk9z2h8twuih,1482.16%,28.12,/,125.5GiB,22.66%,36.5TB,/,36.3TB,741GB,/,225GB,844
2022-9-28 13:35:23,c816071a941c,hadoop-slave6.1.jyquyq8eoldtbvk9z2h8twuih,484.41%,28.76,/,125.5GiB,22.92%,36.5TB,/,36.3TB,741GB,/,225GB,844
2022-09-28 13:35:24,c816071a941c,hadoop-slave6.1.jyquyq8eoldtbvk9z2h8twuih,460.21%,28.76,/,125.5GiB,22.91%,36.5TB,/,36.3TB,741GB,/,225GB,844
2022-9-28 13:35:25,c816071a941c,hadoop-slave6.1.jyquyq8eoldtbvk9z2h8twuih,436.01%,28.73,/,125.5GiB,22.89%,36.5TB,/,36.3TB,741GB,/,225GB,844
2022-09-28 13:35:26,c816071a941c,hadoop-slave6.1.jyquyq8eoldtbvk9z2h8twuih,773.43%,28.73,/,125.5GiB,22.89%,36.5TB,/,36.3TB,741GB,/,225GB,844
2022-9-28 13:35:27,c816071a941c,hadoop-slave6.1.jyquyq8eoldtbvk9z2h8twuih,1110.85%,28.73,/,125.5GiB,22.90%,36.5TB,/,36.3TB,741GB,/,225GB,844
2022-09-28 13:35:28,c816071a941c,hadoop-slave6.1.jyquyq8eoldtbvk9z2h8twuih,1205.9%,28.73,/,125.5GiB,22.83%,36.5TB,/,36.3TB,741GB,/,225GB,844
2022-9-28 13:35:29,c816071a941c,hadoop-slave6.1.jyquyq8eoldtbvk9z2h8twuih,1300.96%,28.56,/,125.5GiB,22.76%,36.5TB,/,36.3TB,741GB,/,225GB,844
2022-09-28 13:35:30,c816071a941c,hadoop-slave6.1.jyquyq8eoldtbvk9z2h8twuih,1089.59%,28.56,/,125.5GiB,22.76%,36.5TB,/,36.3TB,741GB,/,225GB,844
2022-9-28 13:35:31,c816071a941c,hadoop-slave6.1.jyquyq8eoldtbvk9z2h8twuih,878.21%,28.56,/,125.5GiB,22.76%,36.5TB,/,36.3TB,741GB,/,225GB,844
2022-09-28 13:35:32,c816071a941c,hadoop-slave6.1.jyquyq8eoldtbvk9z2h8twuih,1326.93%,28.56,/,125.5GiB,23.02%,36.5TB,/,36.3TB,741GB,/,225GB,844
2022-9-28 13:35:33,c816071a941c,hadoop-slave6.1.jyquyq8eoldtbvk9z2h8twuih,1775.64%,29.22,/,125.5GiB,23.29%,36.5TB,/,36.3TB,741GB,/,225GB,844
2022-09-28 13:35:34,c816071a941c,hadoop-slave6.1.jyquyq8eoldtbvk9z2h8twuih,1365.54%,29.22,/,125.5GiB,23.66%,36.5TB,/,36.3TB,741GB,/,225GB,844
2022-09-28 13:35:35,c816071a941c,hadoop-slave6.1.jyquyq8eoldtbvk9z2h8twuih,1365.54%,29.22,/,125.5GiB,23.66%,36.5TB,/,36.3TB,741GB,/,225GB,844
2022-9-28 13:35:36,c816071a941c,hadoop-slave6.1.jyquyq8eoldtbvk9z2h8twuih,955.44%,30.14,/,125.5GiB,24.02%,36.5TB,/,36.3TB,741GB,/,225GB,844
2022-09-28 13:35:37,c816071a941c,hadoop-slave6.1.jyquyq8eoldtbvk9z2h8twuih,1560.71%,30.14,/,125.5GiB,24.23%,36.5TB,/,36.3TB,741GB,/,225GB,844
2022-9-28 13:35:38,c816071a941c,hadoop-slave6.1.jyquyq8eoldtbvk9z2h8twuih,2165.98%,30.67,/,125.5GiB,24.44%,36.5TB,/,36.3TB,741GB,/,225GB,840
2022-09-28 13:35:39,c816071a941c,hadoop-slave6.1.jyquyq8eoldtbvk9z2h8twuih,1847.24%,30.67,/,125.5GiB,24.38%,36.5TB,/,36.3TB,741GB,/,225GB,840
2022-9-28 13:35:40,c816071a941c,hadoop-slave6.1.jyquyq8eoldtbvk9z2h8twuih,1528.49%,30.54,/,125.5GiB,24.33%,36.5TB,/,36.3TB,741GB,/,225GB,840
2022-09-28 13:35:41,c816071a941c,hadoop-slave6.1.jyquyq8eoldtbvk9z2h8twuih,1021.55%,30.54,/,125.5GiB,24.11%,36.5TB,/,36.3TB,741GB,/,225GB,840
2022-9-28 13:35:42,c816071a941c,hadoop-slave6.1.jyquyq8eoldtbvk9z2h8twuih,514.60%,29.98,/,125.5GiB,23.89%,36.5TB,/,36.3TB,741GB,/,225GB,840
2022-09-28 13:35:43,c816071a941c,hadoop-slave6.1.jyquyq8eoldtbvk9z2h8twuih,590.73%,29.98,/,125.5GiB,23.89%,36.5TB,/,36.3TB,741GB,/,225GB,840
2022-9-28 13:35:44,c816071a941c,hadoop-slave6.1.jyquyq8eoldtbvk9z2h8twuih,666.85%,30,/,125.5GiB,23.90%,36.5TB,/,36.3TB,741GB,/,225GB,840
2022-09-28 13:35:45,c816071a941c,hadoop-slave6.1.jyquyq8eoldtbvk9z2h8twuih,1224.09%,30,/,125.5GiB,23.84%,36.5TB,/,36.3TB,741GB,/,225GB,840
2022-9-28 13:35:46,c816071a941c,hadoop-slave6.1.jyquyq8eoldtbvk9z2h8twuih,1781.32%,29.83,/,125.5GiB,23.77%,36.5TB,/,36.3TB,741GB,/,225GB,828
2022-09-28 13:35:47,c816071a941c,hadoop-slave6.1.jyquyq8eoldtbvk9z2h8twuih,1455.44%,29.83,/,125.5GiB,23.58%,36.5TB,/,36.3TB,741GB,/,225GB,828
2022-9-28 13:35:48,c816071a941c,hadoop-slave6.1.jyquyq8eoldtbvk9z2h8twuih,1129.57%,29.35,/,125.5GiB,23.39%,36.5TB,/,36.3TB,741GB,/,225GB,828
2022-09-28 13:35:49,c816071a941c,hadoop-slave6.1.jyquyq8eoldtbvk9z2h8twuih,1810.79%,29.35,/,125.5GiB,23.25%,36.5TB,/,36.3TB,741GB,/,225GB,828
2022-9-28 13:35:50,c816071a941c,hadoop-slave6.1.jyquyq8eoldtbvk9z2h8twuih,2492.01%,29.01,/,125.5GiB,23.11%,36.5TB,/,36.3TB,741GB,/,225GB,828
2022-09-28 13:35:51,c816071a941c,hadoop-slave6.1.jyquyq8eoldtbvk9z2h8twuih,3021.3%,29.01,/,125.5GiB,23.12%,36.5TB,/,36.3TB,741GB,/,225GB,828
2022-9-28 13:35:52,c816071a941c,hadoop-slave6.1.jyquyq8eoldtbvk9z2h8twuih,3550.59%,29.04,/,125.5GiB,23.14%,36.5TB,/,36.3TB,741GB,/,225GB,828
2022-09-28 13:35:53,c816071a941c,hadoop-slave6.1.jyquyq8eoldtbvk9z2h8twuih,2429.55%,29.04,/,125.5GiB,23.18%,36.5TB,/,36.3TB,741GB,/,225GB,828
2022-9-28 13:35:54,c816071a941c,hadoop-slave6.1.jyquyq8eoldtbvk9z2h8twuih,1308.50%,29.13,/,125.5GiB,23.21%,36.5TB,/,36.3TB,741GB,/,225GB,828
2022-09-28 13:35:55,c816071a941c,hadoop-slave6.1.jyquyq8eoldtbvk9z2h8twuih,1399.41%,29.13,/,125.5GiB,23.21%,36.5TB,/,36.3TB,741GB,/,225GB,828
2022-9-28 13:35:56,c816071a941c,hadoop-slave6.1.jyquyq8eoldtbvk9z2h8twuih,1490.32%,29.13,/,125.5GiB,23.21%,36.5TB,/,36.3TB,741GB,/,225GB,828
2022-09-28 13:35:57,c816071a941c,hadoop-slave6.1.jyquyq8eoldtbvk9z2h8twuih,1113.72%,29.13,/,125.5GiB,23.21%,36.5TB,/,36.3TB,741GB,/,225GB,828
2022-9-28 13:35:58,c816071a941c,hadoop-slave6.1.jyquyq8eoldtbvk9z2h8twuih,737.13%,29.13,/,125.5GiB,23.21%,36.5TB,/,36.3TB,741GB,/,225GB,828
2022-09-28 13:35:59,c816071a941c,hadoop-slave6.1.jyquyq8eoldtbvk9z2h8twuih,672.87%,29.13,/,125.5GiB,23.2%,36.5TB,/,36.3TB,741GB,/,225GB,828
2022-9-28 13:36:00,c816071a941c,hadoop-slave6.1.jyquyq8eoldtbvk9z2h8twuih,608.60%,29.1,/,125.5GiB,23.19%,36.5TB,/,36.3TB,741GB,/,225GB,828
2022-09-28 13:36:01,c816071a941c,hadoop-slave6.1.jyquyq8eoldtbvk9z2h8twuih,405.56%,29.1,/,125.5GiB,23.19%,36.5TB,/,36.3TB,741GB,/,225GB,828
2022-9-28 13:36:02,c816071a941c,hadoop-slave6.1.jyquyq8eoldtbvk9z2h8twuih,202.53%,29.1,/,125.5GiB,23.19%,36.5TB,/,36.3TB,741GB,/,225GB,828
2022-09-28 13:36:03,c816071a941c,hadoop-slave6.1.jyquyq8eoldtbvk9z2h8twuih,202.03%,29.1,/,125.5GiB,23.2%,36.5TB,/,36.3TB,741GB,/,225GB,828
2022-9-28 13:36:04,c816071a941c,hadoop-slave6.1.jyquyq8eoldtbvk9z2h8twuih,201.53%,29.11,/,125.5GiB,23.20%,36.5TB,/,36.3TB,741GB,/,225GB,828
2022-09-28 13:36:05,c816071a941c,hadoop-slave6.1.jyquyq8eoldtbvk9z2h8twuih,459.16%,29.11,/,125.5GiB,23.2%,36.5TB,/,36.3TB,741GB,/,225GB,828
2022-9-28 13:36:06,c816071a941c,hadoop-slave6.1.jyquyq8eoldtbvk9z2h8twuih,716.79%,29.11,/,125.5GiB,23.20%,36.5TB,/,36.3TB,741GB,/,225GB,828
2022-09-28 13:36:07,c816071a941c,hadoop-slave6.1.jyquyq8eoldtbvk9z2h8twuih,760.85%,29.11,/,125.5GiB,23.2%,36.5TB,/,36.3TB,741GB,/,225GB,828
2022-9-28 13:36:08,c816071a941c,hadoop-slave6.1.jyquyq8eoldtbvk9z2h8twuih,804.90%,29.11,/,125.5GiB,23.19%,36.5TB,/,36.3TB,741GB,/,225GB,828
2022-09-28 13:36:09,c816071a941c,hadoop-slave6.1.jyquyq8eoldtbvk9z2h8twuih,2052.96%,29.11,/,125.5GiB,23.19%,36.5TB,/,36.3TB,741GB,/,225GB,828
2022-9-28 13:36:10,c816071a941c,hadoop-slave6.1.jyquyq8eoldtbvk9z2h8twuih,3301.02%,29.11,/,125.5GiB,23.19%,36.5TB,/,36.3TB,741GB,/,225GB,828
2022-09-28 13:36:11,c816071a941c,hadoop-slave6.1.jyquyq8eoldtbvk9z2h8twuih,3307.28%,29.11,/,125.5GiB,23.19%,36.5TB,/,36.3TB,741GB,/,225GB,828
2022-9-28 13:36:12,c816071a941c,hadoop-slave6.1.jyquyq8eoldtbvk9z2h8twuih,3313.53%,29.1,/,125.5GiB,23.19%,36.5TB,/,36.3TB,741GB,/,225GB,828
2022-09-28 13:36:13,c816071a941c,hadoop-slave6.1.jyquyq8eoldtbvk9z2h8twuih,1664.25%,29.1,/,125.5GiB,23.18%,36.5TB,/,36.3TB,741GB,/,225GB,828
2022-9-28 13:36:14,c816071a941c,hadoop-slave6.1.jyquyq8eoldtbvk9z2h8twuih,14.96%,29.08,/,125.5GiB,23.17%,36.5TB,/,36.3TB,741GB,/,225GB,828
2022-09-28 13:36:15,c816071a941c,hadoop-slave6.1.jyquyq8eoldtbvk9z2h8twuih,8.29%,29.08,/,125.5GiB,23.17%,36.5TB,/,36.3TB,741GB,/,225GB,828
2022-9-28 13:36:16,c816071a941c,hadoop-slave6.1.jyquyq8eoldtbvk9z2h8twuih,1.63%,29.08,/,125.5GiB,23.17%,36.5TB,/,36.3TB,741GB,/,225GB,828
2022-09-28 13:36:17,c816071a941c,hadoop-slave6.1.jyquyq8eoldtbvk9z2h8twuih,1.53%,29.08,/,125.5GiB,23.17%,36.5TB,/,36.3TB,741GB,/,225GB,828
2022-9-28 13:36:18,c816071a941c,hadoop-slave6.1.jyquyq8eoldtbvk9z2h8twuih,1.43%,29.08,/,125.5GiB,23.17%,36.5TB,/,36.3TB,741GB,/,225GB,828
2022-09-28 13:36:19,c816071a941c,hadoop-slave6.1.jyquyq8eoldtbvk9z2h8twuih,1.62%,29.08,/,125.5GiB,23.17%,36.5TB,/,36.3TB,741GB,/,225GB,828
2022-9-28 13:36:20,c816071a941c,hadoop-slave6.1.jyquyq8eoldtbvk9z2h8twuih,1.82%,29.08,/,125.5GiB,23.17%,36.5TB,/,36.3TB,741GB,/,225GB,828
2022-09-28 13:36:21,c816071a941c,hadoop-slave6.1.jyquyq8eoldtbvk9z2h8twuih,1.45%,29.08,/,125.5GiB,23.17%,36.5TB,/,36.3TB,741GB,/,225GB,828
2022-9-28 13:36:22,c816071a941c,hadoop-slave6.1.jyquyq8eoldtbvk9z2h8twuih,1.07%,29.08,/,125.5GiB,23.17%,36.5TB,/,36.3TB,741GB,/,225GB,828
2022-09-28 13:36:23,c816071a941c,hadoop-slave6.1.jyquyq8eoldtbvk9z2h8twuih,1.14%,29.08,/,125.5GiB,23.17%,36.5TB,/,36.3TB,741GB,/,225GB,828
2022-9-28 13:36:24,c816071a941c,hadoop-slave6.1.jyquyq8eoldtbvk9z2h8twuih,1.20%,29.08,/,125.5GiB,23.17%,36.5TB,/,36.3TB,741GB,/,225GB,828
2022-09-28 13:36:25,c816071a941c,hadoop-slave6.1.jyquyq8eoldtbvk9z2h8twuih,675.81%,29.08,/,125.5GiB,23.16%,36.5TB,/,36.3TB,741GB,/,225GB,828
2022-9-28 13:36:26,c816071a941c,hadoop-slave6.1.jyquyq8eoldtbvk9z2h8twuih,1350.41%,29.04,/,125.5GiB,23.14%,36.5TB,/,36.3TB,741GB,/,225GB,828
2022-09-28 13:36:27,c816071a941c,hadoop-slave6.1.jyquyq8eoldtbvk9z2h8twuih,879.14%,29.04,/,125.5GiB,23.13%,36.5TB,/,36.3TB,741GB,/,225GB,828
2022-9-28 13:36:28,c816071a941c,hadoop-slave6.1.jyquyq8eoldtbvk9z2h8twuih,407.88%,29.01,/,125.5GiB,23.12%,36.5TB,/,36.3TB,741GB,/,225GB,828
2022-09-28 13:36:29,c816071a941c,hadoop-slave6.1.jyquyq8eoldtbvk9z2h8twuih,364.69%,29.01,/,125.5GiB,23.12%,36.5TB,/,36.3TB,741GB,/,225GB,828
2022-9-28 13:36:30,c816071a941c,hadoop-slave6.1.jyquyq8eoldtbvk9z2h8twuih,321.50%,29.02,/,125.5GiB,23.12%,36.5TB,/,36.3TB,741GB,/,225GB,828
2022-09-28 13:36:31,c816071a941c,hadoop-slave6.1.jyquyq8eoldtbvk9z2h8twuih,323.49%,29.02,/,125.5GiB,23.12%,36.5TB,/,36.3TB,741GB,/,225GB,828
2022-9-28 13:36:32,c816071a941c,hadoop-slave6.1.jyquyq8eoldtbvk9z2h8twuih,325.48%,29.02,/,125.5GiB,23.12%,36.5TB,/,36.3TB,741GB,/,225GB,828
2022-09-28 13:36:33,c816071a941c,hadoop-slave6.1.jyquyq8eoldtbvk9z2h8twuih,626.11%,29.02,/,125.5GiB,23.12%,36.5TB,/,36.3TB,741GB,/,225GB,828
2022-9-28 13:36:34,c816071a941c,hadoop-slave6.1.jyquyq8eoldtbvk9z2h8twuih,926.74%,29.03,/,125.5GiB,23.13%,36.5TB,/,36.3TB,741GB,/,225GB,828
2022-09-28 13:36:35,c816071a941c,hadoop-slave6.1.jyquyq8eoldtbvk9z2h8twuih,638.16%,29.03,/,125.5GiB,23.13%,36.5TB,/,36.3TB,741GB,/,225GB,828
2022-9-28 13:36:36,c816071a941c,hadoop-slave6.1.jyquyq8eoldtbvk9z2h8twuih,349.58%,29.03,/,125.5GiB,23.13%,36.5TB,/,36.3TB,741GB,/,225GB,828
2022-09-28 13:36:37,c816071a941c,hadoop-slave6.1.jyquyq8eoldtbvk9z2h8twuih,273.33%,29.03,/,125.5GiB,23.13%,36.5TB,/,36.3TB,741GB,/,225GB,828
2022-9-28 13:36:38,c816071a941c,hadoop-slave6.1.jyquyq8eoldtbvk9z2h8twuih,197.09%,29.03,/,125.5GiB,23.13%,36.5TB,/,36.3TB,741GB,/,225GB,828
2022-09-28 13:36:39,c816071a941c,hadoop-slave6.1.jyquyq8eoldtbvk9z2h8twuih,194.91%,29.03,/,125.5GiB,23.12%,36.5TB,/,36.3TB,741GB,/,225GB,828
2022-9-28 13:36:40,c816071a941c,hadoop-slave6.1.jyquyq8eoldtbvk9z2h8twuih,192.73%,29.02,/,125.5GiB,23.12%,36.5TB,/,36.3TB,741GB,/,225GB,828
2022-09-28 13:36:41,c816071a941c,hadoop-slave6.1.jyquyq8eoldtbvk9z2h8twuih,145.79%,29.02,/,125.5GiB,23.12%,36.5TB,/,36.3TB,741GB,/,225GB,828
2022-9-28 13:36:42,c816071a941c,hadoop-slave6.1.jyquyq8eoldtbvk9z2h8twuih,98.86%,29.02,/,125.5GiB,23.12%,36.5TB,/,36.3TB,741GB,/,225GB,828
2022-09-28 13:36:43,c816071a941c,hadoop-slave6.1.jyquyq8eoldtbvk9z2h8twuih,470.22%,29.02,/,125.5GiB,23.12%,36.5TB,/,36.3TB,741GB,/,225GB,828
2022-9-28 13:36:44,c816071a941c,hadoop-slave6.1.jyquyq8eoldtbvk9z2h8twuih,841.58%,29.02,/,125.5GiB,23.12%,36.5TB,/,36.3TB,741GB,/,225GB,828
2022-09-28 13:36:45,c816071a941c,hadoop-slave6.1.jyquyq8eoldtbvk9z2h8twuih,1181.33%,29.02,/,125.5GiB,23.12%,36.5TB,/,36.3TB,741GB,/,225GB,828
2022-9-28 13:36:46,c816071a941c,hadoop-slave6.1.jyquyq8eoldtbvk9z2h8twuih,1521.08%,29.02,/,125.5GiB,23.12%,36.5TB,/,36.3TB,741GB,/,225GB,828
2022-09-28 13:36:47,c816071a941c,hadoop-slave6.1.jyquyq8eoldtbvk9z2h8twuih,806.92%,29.02,/,125.5GiB,23.12%,36.5TB,/,36.3TB,741GB,/,225GB,828
2022-9-28 13:36:48,c816071a941c,hadoop-slave6.1.jyquyq8eoldtbvk9z2h8twuih,92.76%,29.02,/,125.5GiB,23.13%,36.5TB,/,36.3TB,741GB,/,225GB,828
2022-09-28 13:36:49,c816071a941c,hadoop-slave6.1.jyquyq8eoldtbvk9z2h8twuih,204.73%,29.02,/,125.5GiB,23.13%,36.5TB,/,36.3TB,741GB,/,225GB,828
2022-09-28 13:36:50,c816071a941c,hadoop-slave6.1.jyquyq8eoldtbvk9z2h8twuih,204.73%,29.02,/,125.5GiB,23.13%,36.5TB,/,36.3TB,741GB,/,225GB,828
2022-9-28 13:36:51,c816071a941c,hadoop-slave6.1.jyquyq8eoldtbvk9z2h8twuih,316.70%,29.03,/,125.5GiB,23.13%,36.5TB,/,36.3TB,741GB,/,225GB,828
2022-09-28 13:36:52,c816071a941c,hadoop-slave6.1.jyquyq8eoldtbvk9z2h8twuih,399.25%,29.03,/,125.5GiB,23.18%,36.5TB,/,36.3TB,741GB,/,225GB,828
2022-9-28 13:36:53,c816071a941c,hadoop-slave6.1.jyquyq8eoldtbvk9z2h8twuih,481.79%,29.16,/,125.5GiB,23.24%,36.5TB,/,36.3TB,741GB,/,225GB,870
2022-09-28 13:36:54,c816071a941c,hadoop-slave6.1.jyquyq8eoldtbvk9z2h8twuih,1601.15%,29.16,/,125.5GiB,23.42%,36.5TB,/,36.3TB,741GB,/,225GB,870
2022-9-28 13:36:55,c816071a941c,hadoop-slave6.1.jyquyq8eoldtbvk9z2h8twuih,2720.51%,29.63,/,125.5GiB,23.61%,36.5TB,/,36.3TB,741GB,/,225GB,868
2022-09-28 13:36:56,c816071a941c,hadoop-slave6.1.jyquyq8eoldtbvk9z2h8twuih,2595.16%,29.63,/,125.5GiB,23.75%,36.5TB,/,36.3TB,741GB,/,225GB,868
2022-9-28 13:36:57,c816071a941c,hadoop-slave6.1.jyquyq8eoldtbvk9z2h8twuih,2469.80%,29.98,/,125.5GiB,23.89%,36.5TB,/,36.3TB,741GB,/,225GB,860
2022-09-28 13:36:58,c816071a941c,hadoop-slave6.1.jyquyq8eoldtbvk9z2h8twuih,2045.72%,29.98,/,125.5GiB,24.03%,36.5TB,/,36.3TB,741GB,/,225GB,860
2022-9-28 13:36:59,c816071a941c,hadoop-slave6.1.jyquyq8eoldtbvk9z2h8twuih,1621.63%,30.34,/,125.5GiB,24.17%,36.5TB,/,36.3TB,741GB,/,225GB,855
2022-09-28 13:37:00,c816071a941c,hadoop-slave6.1.jyquyq8eoldtbvk9z2h8twuih,811.37%,30.34,/,125.5GiB,24.17%,36.5TB,/,36.3TB,741GB,/,225GB,855
2022-9-28 13:37:01,c816071a941c,hadoop-slave6.1.jyquyq8eoldtbvk9z2h8twuih,1.10%,30.34,/,125.5GiB,24.17%,36.5TB,/,36.3TB,741GB,/,225GB,850
2022-09-28 13:37:02,c816071a941c,hadoop-slave6.1.jyquyq8eoldtbvk9z2h8twuih,572.0%,30.34,/,125.5GiB,24.2%,36.5TB,/,36.3TB,741GB,/,225GB,850
2022-9-28 13:37:03,c816071a941c,hadoop-slave6.1.jyquyq8eoldtbvk9z2h8twuih,1142.89%,30.4,/,125.5GiB,24.23%,36.5TB,/,36.3TB,741GB,/,225GB,848
2022-09-28 13:37:04,c816071a941c,hadoop-slave6.1.jyquyq8eoldtbvk9z2h8twuih,684.42%,30.4,/,125.5GiB,24.35%,36.5TB,/,36.3TB,741GB,/,225GB,848
2022-9-28 13:37:05,c816071a941c,hadoop-slave6.1.jyquyq8eoldtbvk9z2h8twuih,225.94%,30.71,/,125.5GiB,24.47%,36.5TB,/,36.3TB,741GB,/,225GB,848
2022-09-28 13:37:06,c816071a941c,hadoop-slave6.1.jyquyq8eoldtbvk9z2h8twuih,229.88%,30.71,/,125.5GiB,24.64%,36.5TB,/,36.3TB,741GB,/,225GB,848
2022-9-28 13:37:07,c816071a941c,hadoop-slave6.1.jyquyq8eoldtbvk9z2h8twuih,233.82%,31.15,/,125.5GiB,24.82%,36.5TB,/,36.3TB,741GB,/,225GB,848
2022-09-28 13:37:08,c816071a941c,hadoop-slave6.1.jyquyq8eoldtbvk9z2h8twuih,234.28%,31.15,/,125.5GiB,25.0%,36.5TB,/,36.3TB,741GB,/,225GB,848
2022-9-28 13:37:09,c816071a941c,hadoop-slave6.1.jyquyq8eoldtbvk9z2h8twuih,234.75%,31.6,/,125.5GiB,25.18%,36.5TB,/,36.3TB,741GB,/,225GB,844
2022-09-28 13:37:10,c816071a941c,hadoop-slave6.1.jyquyq8eoldtbvk9z2h8twuih,231.17%,31.6,/,125.5GiB,25.37%,36.5TB,/,36.3TB,741GB,/,225GB,844
2022-9-28 13:37:11,c816071a941c,hadoop-slave6.1.jyquyq8eoldtbvk9z2h8twuih,227.58%,32.06,/,125.5GiB,25.55%,36.5TB,/,36.3TB,741GB,/,225GB,844
2022-09-28 13:37:12,c816071a941c,hadoop-slave6.1.jyquyq8eoldtbvk9z2h8twuih,337.43%,32.06,/,125.5GiB,25.72%,36.5TB,/,36.3TB,741GB,/,225GB,844
2022-9-28 13:37:13,c816071a941c,hadoop-slave6.1.jyquyq8eoldtbvk9z2h8twuih,447.27%,32.49,/,125.5GiB,25.89%,36.5TB,/,36.3TB,741GB,/,225GB,844
2022-09-28 13:37:14,c816071a941c,hadoop-slave6.1.jyquyq8eoldtbvk9z2h8twuih,542.83%,32.49,/,125.5GiB,25.95%,36.5TB,/,36.3TB,741GB,/,225GB,844
2022-9-28 13:37:15,c816071a941c,hadoop-slave6.1.jyquyq8eoldtbvk9z2h8twuih,638.38%,32.64,/,125.5GiB,26.01%,36.5TB,/,36.3TB,741GB,/,225GB,844
2022-09-28 13:37:16,c816071a941c,hadoop-slave6.1.jyquyq8eoldtbvk9z2h8twuih,457.16%,32.64,/,125.5GiB,26.02%,36.5TB,/,36.3TB,741GB,/,225GB,844
2022-9-28 13:37:17,c816071a941c,hadoop-slave6.1.jyquyq8eoldtbvk9z2h8twuih,275.94%,32.68,/,125.5GiB,26.04%,36.5TB,/,36.3TB,741GB,/,225GB,844
2022-09-28 13:37:18,c816071a941c,hadoop-slave6.1.jyquyq8eoldtbvk9z2h8twuih,326.75%,32.68,/,125.5GiB,26.07%,36.5TB,/,36.3TB,741GB,/,225GB,844
2022-9-28 13:37:19,c816071a941c,hadoop-slave6.1.jyquyq8eoldtbvk9z2h8twuih,377.57%,32.75,/,125.5GiB,26.10%,36.5TB,/,36.3TB,741GB,/,225GB,844
2022-09-28 13:37:20,c816071a941c,hadoop-slave6.1.jyquyq8eoldtbvk9z2h8twuih,465.3%,32.75,/,125.5GiB,26.14%,36.5TB,/,36.3TB,741GB,/,225GB,844
2022-9-28 13:37:21,c816071a941c,hadoop-slave6.1.jyquyq8eoldtbvk9z2h8twuih,553.04%,32.85,/,125.5GiB,26.18%,36.5TB,/,36.3TB,741GB,/,225GB,844
2022-09-28 13:37:22,c816071a941c,hadoop-slave6.1.jyquyq8eoldtbvk9z2h8twuih,501.19%,32.85,/,125.5GiB,26.19%,36.5TB,/,36.3TB,741GB,/,225GB,844
2022-9-28 13:37:23,c816071a941c,hadoop-slave6.1.jyquyq8eoldtbvk9z2h8twuih,449.34%,32.86,/,125.5GiB,26.19%,36.5TB,/,36.3TB,741GB,/,225GB,844
2022-09-28 13:37:24,c816071a941c,hadoop-slave6.1.jyquyq8eoldtbvk9z2h8twuih,419.75%,32.86,/,125.5GiB,26.21%,36.5TB,/,36.3TB,741GB,/,225GB,844
2022-9-28 13:37:25,c816071a941c,hadoop-slave6.1.jyquyq8eoldtbvk9z2h8twuih,390.16%,32.92,/,125.5GiB,26.23%,36.5TB,/,36.3TB,741GB,/,225GB,844
2022-09-28 13:37:26,c816071a941c,hadoop-slave6.1.jyquyq8eoldtbvk9z2h8twuih,374.33%,32.92,/,125.5GiB,26.26%,36.5TB,/,36.3TB,741GB,/,225GB,844
2022-9-28 13:37:27,c816071a941c,hadoop-slave6.1.jyquyq8eoldtbvk9z2h8twuih,358.50%,32.99,/,125.5GiB,26.29%,36.5TB,/,36.3TB,741GB,/,225GB,844
2022-09-28 13:37:28,c816071a941c,hadoop-slave6.1.jyquyq8eoldtbvk9z2h8twuih,534.91%,32.99,/,125.5GiB,26.27%,36.5TB,/,36.3TB,741GB,/,225GB,844
2022-9-28 13:37:29,c816071a941c,hadoop-slave6.1.jyquyq8eoldtbvk9z2h8twuih,711.32%,32.96,/,125.5GiB,26.26%,36.5TB,/,36.3TB,741GB,/,225GB,844
2022-09-28 13:37:30,c816071a941c,hadoop-slave6.1.jyquyq8eoldtbvk9z2h8twuih,522.55%,32.96,/,125.5GiB,26.28%,36.5TB,/,36.3TB,741GB,/,225GB,844
2022-9-28 13:37:31,c816071a941c,hadoop-slave6.1.jyquyq8eoldtbvk9z2h8twuih,333.78%,33,/,125.5GiB,26.30%,36.5TB,/,36.3TB,741GB,/,225GB,844
2022-09-28 13:37:32,c816071a941c,hadoop-slave6.1.jyquyq8eoldtbvk9z2h8twuih,390.31%,33,/,125.5GiB,26.31%,36.5TB,/,36.3TB,741GB,/,225GB,844
2022-9-28 13:37:33,c816071a941c,hadoop-slave6.1.jyquyq8eoldtbvk9z2h8twuih,446.84%,33.03,/,125.5GiB,26.32%,36.5TB,/,36.3TB,741GB,/,225GB,844
2022-09-28 13:37:34,c816071a941c,hadoop-slave6.1.jyquyq8eoldtbvk9z2h8twuih,487.41%,33.03,/,125.5GiB,26.34%,36.5TB,/,36.3TB,741GB,/,225GB,844
2022-9-28 13:37:35,c816071a941c,hadoop-slave6.1.jyquyq8eoldtbvk9z2h8twuih,527.99%,33.09,/,125.5GiB,26.37%,36.5TB,/,36.3TB,741GB,/,225GB,844
2022-09-28 13:37:36,c816071a941c,hadoop-slave6.1.jyquyq8eoldtbvk9z2h8twuih,411.01%,33.09,/,125.5GiB,26.38%,36.5TB,/,36.3TB,741GB,/,225GB,844
2022-9-28 13:37:37,c816071a941c,hadoop-slave6.1.jyquyq8eoldtbvk9z2h8twuih,294.03%,33.13,/,125.5GiB,26.40%,36.5TB,/,36.3TB,741GB,/,225GB,845
2022-09-28 13:37:38,c816071a941c,hadoop-slave6.1.jyquyq8eoldtbvk9z2h8twuih,505.2%,33.13,/,125.5GiB,26.4%,36.5TB,/,36.3TB,741GB,/,225GB,845
2022-9-28 13:37:39,c816071a941c,hadoop-slave6.1.jyquyq8eoldtbvk9z2h8twuih,716.38%,33.13,/,125.5GiB,26.40%,36.5TB,/,36.3TB,741GB,/,225GB,845
2022-09-28 13:37:40,c816071a941c,hadoop-slave6.1.jyquyq8eoldtbvk9z2h8twuih,592.42%,33.13,/,125.5GiB,26.41%,36.5TB,/,36.3TB,741GB,/,225GB,845
2022-9-28 13:37:41,c816071a941c,hadoop-slave6.1.jyquyq8eoldtbvk9z2h8twuih,468.46%,33.17,/,125.5GiB,26.43%,36.5TB,/,36.3TB,741GB,/,225GB,845
2022-09-28 13:37:42,c816071a941c,hadoop-slave6.1.jyquyq8eoldtbvk9z2h8twuih,445.99%,33.17,/,125.5GiB,26.44%,36.5TB,/,36.3TB,741GB,/,225GB,845
2022-9-28 13:37:43,c816071a941c,hadoop-slave6.1.jyquyq8eoldtbvk9z2h8twuih,423.51%,33.19,/,125.5GiB,26.45%,36.5TB,/,36.3TB,741GB,/,225GB,845
2022-09-28 13:37:44,c816071a941c,hadoop-slave6.1.jyquyq8eoldtbvk9z2h8twuih,511.27%,33.19,/,125.5GiB,26.46%,36.5TB,/,36.3TB,741GB,/,225GB,845
2022-9-28 13:37:45,c816071a941c,hadoop-slave6.1.jyquyq8eoldtbvk9z2h8twuih,599.03%,33.23,/,125.5GiB,26.48%,36.5TB,/,36.3TB,741GB,/,225GB,845
2022-09-28 13:37:46,c816071a941c,hadoop-slave6.1.jyquyq8eoldtbvk9z2h8twuih,491.77%,33.23,/,125.5GiB,26.49%,36.5TB,/,36.3TB,741GB,/,225GB,845
2022-9-28 13:37:47,c816071a941c,hadoop-slave6.1.jyquyq8eoldtbvk9z2h8twuih,384.52%,33.25,/,125.5GiB,26.50%,36.5TB,/,36.3TB,741GB,/,225GB,845
2022-09-28 13:37:48,c816071a941c,hadoop-slave6.1.jyquyq8eoldtbvk9z2h8twuih,374.85%,33.25,/,125.5GiB,26.52%,36.5TB,/,36.3TB,741GB,/,225GB,845
2022-9-28 13:37:49,c816071a941c,hadoop-slave6.1.jyquyq8eoldtbvk9z2h8twuih,365.17%,33.29,/,125.5GiB,26.53%,36.5TB,/,36.3TB,741GB,/,225GB,845
2022-09-28 13:37:50,c816071a941c,hadoop-slave6.1.jyquyq8eoldtbvk9z2h8twuih,340.24%,33.29,/,125.5GiB,26.55%,36.5TB,/,36.3TB,741GB,/,225GB,845
2022-9-28 13:37:51,c816071a941c,hadoop-slave6.1.jyquyq8eoldtbvk9z2h8twuih,315.31%,33.33,/,125.5GiB,26.56%,36.5TB,/,36.3TB,741GB,/,225GB,845
2022-09-28 13:37:52,c816071a941c,hadoop-slave6.1.jyquyq8eoldtbvk9z2h8twuih,301.23%,33.33,/,125.5GiB,26.56%,36.5TB,/,36.3TB,741GB,/,225GB,845
2022-9-28 13:37:53,c816071a941c,hadoop-slave6.1.jyquyq8eoldtbvk9z2h8twuih,287.14%,33.34,/,125.5GiB,26.57%,36.5TB,/,36.3TB,741GB,/,225GB,845
2022-09-28 13:37:54,c816071a941c,hadoop-slave6.1.jyquyq8eoldtbvk9z2h8twuih,434.69%,33.34,/,125.5GiB,26.56%,36.5TB,/,36.3TB,741GB,/,225GB,845
2022-9-28 13:37:55,c816071a941c,hadoop-slave6.1.jyquyq8eoldtbvk9z2h8twuih,582.24%,33.33,/,125.5GiB,26.56%,36.5TB,/,36.3TB,741GB,/,225GB,845
2022-09-28 13:37:56,c816071a941c,hadoop-slave6.1.jyquyq8eoldtbvk9z2h8twuih,532.3%,33.33,/,125.5GiB,26.56%,36.5TB,/,36.3TB,741GB,/,225GB,845
2022-9-28 13:37:57,c816071a941c,hadoop-slave6.1.jyquyq8eoldtbvk9z2h8twuih,482.36%,33.34,/,125.5GiB,26.56%,36.5TB,/,36.3TB,741GB,/,225GB,845
2022-09-28 13:37:58,c816071a941c,hadoop-slave6.1.jyquyq8eoldtbvk9z2h8twuih,423.38%,33.34,/,125.5GiB,26.56%,36.5TB,/,36.3TB,741GB,/,225GB,845
2022-9-28 13:37:59,c816071a941c,hadoop-slave6.1.jyquyq8eoldtbvk9z2h8twuih,364.41%,33.34,/,125.5GiB,26.56%,36.5TB,/,36.3TB,741GB,/,225GB,841
2022-09-28 13:38:00,c816071a941c,hadoop-slave6.1.jyquyq8eoldtbvk9z2h8twuih,441.07%,33.34,/,125.5GiB,26.58%,36.5TB,/,36.3TB,741GB,/,225GB,841
2022-9-28 13:38:01,c816071a941c,hadoop-slave6.1.jyquyq8eoldtbvk9z2h8twuih,517.72%,33.38,/,125.5GiB,26.60%,36.5TB,/,36.3TB,741GB,/,225GB,841
2022-09-28 13:38:02,c816071a941c,hadoop-slave6.1.jyquyq8eoldtbvk9z2h8twuih,387.83%,33.38,/,125.5GiB,26.61%,36.5TB,/,36.3TB,741GB,/,225GB,841
2022-09-28 13:38:03,c816071a941c,hadoop-slave6.1.jyquyq8eoldtbvk9z2h8twuih,387.83%,33.38,/,125.5GiB,26.61%,36.5TB,/,36.3TB,741GB,/,225GB,841
2022-9-28 13:38:04,c816071a941c,hadoop-slave6.1.jyquyq8eoldtbvk9z2h8twuih,257.94%,33.4,/,125.5GiB,26.62%,36.5TB,/,36.3TB,741GB,/,225GB,841
2022-09-28 13:38:05,c816071a941c,hadoop-slave6.1.jyquyq8eoldtbvk9z2h8twuih,268.31%,33.4,/,125.5GiB,26.62%,36.5TB,/,36.3TB,741GB,/,225GB,841
2022-9-28 13:38:06,c816071a941c,hadoop-slave6.1.jyquyq8eoldtbvk9z2h8twuih,278.69%,33.41,/,125.5GiB,26.62%,36.5TB,/,36.3TB,741GB,/,225GB,841
2022-09-28 13:38:07,c816071a941c,hadoop-slave6.1.jyquyq8eoldtbvk9z2h8twuih,279.89%,33.41,/,125.5GiB,26.62%,36.5TB,/,36.3TB,741GB,/,225GB,841
2022-9-28 13:38:08,c816071a941c,hadoop-slave6.1.jyquyq8eoldtbvk9z2h8twuih,281.09%,33.4,/,125.5GiB,26.61%,36.5TB,/,36.3TB,741GB,/,225GB,841
2022-09-28 13:38:09,c816071a941c,hadoop-slave6.1.jyquyq8eoldtbvk9z2h8twuih,467.14%,33.4,/,125.5GiB,26.62%,36.5TB,/,36.3TB,741GB,/,225GB,841
2022-9-28 13:38:10,c816071a941c,hadoop-slave6.1.jyquyq8eoldtbvk9z2h8twuih,653.20%,33.42,/,125.5GiB,26.63%,36.5TB,/,36.3TB,741GB,/,225GB,841
2022-09-28 13:38:11,c816071a941c,hadoop-slave6.1.jyquyq8eoldtbvk9z2h8twuih,659.48%,33.42,/,125.5GiB,26.66%,36.5TB,/,36.3TB,741GB,/,225GB,841
2022-9-28 13:38:12,c816071a941c,hadoop-slave6.1.jyquyq8eoldtbvk9z2h8twuih,665.75%,33.48,/,125.5GiB,26.68%,36.5TB,/,36.3TB,741GB,/,225GB,841
2022-09-28 13:38:13,c816071a941c,hadoop-slave6.1.jyquyq8eoldtbvk9z2h8twuih,635.62%,33.48,/,125.5GiB,26.69%,36.5TB,/,36.3TB,741GB,/,225GB,841
2022-9-28 13:38:14,c816071a941c,hadoop-slave6.1.jyquyq8eoldtbvk9z2h8twuih,605.49%,33.5,/,125.5GiB,26.70%,36.5TB,/,36.3TB,741GB,/,225GB,841
2022-09-28 13:38:15,c816071a941c,hadoop-slave6.1.jyquyq8eoldtbvk9z2h8twuih,892.62%,33.5,/,125.5GiB,26.7%,36.5TB,/,36.3TB,741GB,/,225GB,841
2022-9-28 13:38:16,c816071a941c,hadoop-slave6.1.jyquyq8eoldtbvk9z2h8twuih,1179.76%,33.51,/,125.5GiB,26.70%,36.5TB,/,36.3TB,741GB,/,225GB,841
2022-09-28 13:38:17,c816071a941c,hadoop-slave6.1.jyquyq8eoldtbvk9z2h8twuih,1056.01%,33.51,/,125.5GiB,26.73%,36.5TB,/,36.3TB,741GB,/,225GB,841
2022-9-28 13:38:18,c816071a941c,hadoop-slave6.1.jyquyq8eoldtbvk9z2h8twuih,932.27%,33.6,/,125.5GiB,26.77%,36.5TB,/,36.3TB,741GB,/,225GB,841
2022-09-28 13:38:19,c816071a941c,hadoop-slave6.1.jyquyq8eoldtbvk9z2h8twuih,972.61%,33.6,/,125.5GiB,26.83%,36.5TB,/,36.3TB,741GB,/,225GB,841
2022-9-28 13:38:20,c816071a941c,hadoop-slave6.1.jyquyq8eoldtbvk9z2h8twuih,1012.94%,33.74,/,125.5GiB,26.89%,36.5TB,/,36.3TB,741GB,/,225GB,841
2022-09-28 13:38:21,c816071a941c,hadoop-slave6.1.jyquyq8eoldtbvk9z2h8twuih,839.28%,33.74,/,125.5GiB,26.95%,36.5TB,/,36.3TB,741GB,/,225GB,841
2022-9-28 13:38:22,c816071a941c,hadoop-slave6.1.jyquyq8eoldtbvk9z2h8twuih,665.62%,33.92,/,125.5GiB,27.02%,36.5TB,/,36.3TB,741GB,/,225GB,841
2022-09-28 13:38:23,c816071a941c,hadoop-slave6.1.jyquyq8eoldtbvk9z2h8twuih,535.71%,33.92,/,125.5GiB,27.07%,36.5TB,/,36.3TB,741GB,/,225GB,841
2022-9-28 13:38:24,c816071a941c,hadoop-slave6.1.jyquyq8eoldtbvk9z2h8twuih,405.79%,34.04,/,125.5GiB,27.12%,36.5TB,/,36.3TB,741GB,/,225GB,841
2022-09-28 13:38:25,c816071a941c,hadoop-slave6.1.jyquyq8eoldtbvk9z2h8twuih,336.47%,34.04,/,125.5GiB,27.17%,36.5TB,/,36.3TB,741GB,/,225GB,841
2022-9-28 13:38:26,c816071a941c,hadoop-slave6.1.jyquyq8eoldtbvk9z2h8twuih,267.14%,34.16,/,125.5GiB,27.22%,36.5TB,/,36.3TB,741GB,/,225GB,841
2022-09-28 13:38:27,c816071a941c,hadoop-slave6.1.jyquyq8eoldtbvk9z2h8twuih,269.04%,34.16,/,125.5GiB,27.28%,36.5TB,/,36.3TB,741GB,/,225GB,841
2022-9-28 13:38:28,c816071a941c,hadoop-slave6.1.jyquyq8eoldtbvk9z2h8twuih,270.95%,34.32,/,125.5GiB,27.34%,36.5TB,/,36.3TB,741GB,/,225GB,841
2022-09-28 13:38:29,c816071a941c,hadoop-slave6.1.jyquyq8eoldtbvk9z2h8twuih,356.54%,34.32,/,125.5GiB,27.45%,36.5TB,/,36.3TB,741GB,/,225GB,841
2022-9-28 13:38:30,c816071a941c,hadoop-slave6.1.jyquyq8eoldtbvk9z2h8twuih,442.14%,34.57,/,125.5GiB,27.55%,36.5TB,/,36.3TB,741GB,/,225GB,841
2022-09-28 13:38:31,c816071a941c,hadoop-slave6.1.jyquyq8eoldtbvk9z2h8twuih,496.58%,34.57,/,125.5GiB,27.62%,36.5TB,/,36.3TB,741GB,/,225GB,841
2022-9-28 13:38:32,c816071a941c,hadoop-slave6.1.jyquyq8eoldtbvk9z2h8twuih,551.02%,34.77,/,125.5GiB,27.70%,36.5TB,/,36.3TB,741GB,/,225GB,841
2022-09-28 13:38:33,c816071a941c,hadoop-slave6.1.jyquyq8eoldtbvk9z2h8twuih,528.42%,34.77,/,125.5GiB,27.81%,36.5TB,/,36.3TB,741GB,/,225GB,841
2022-9-28 13:38:34,c816071a941c,hadoop-slave6.1.jyquyq8eoldtbvk9z2h8twuih,505.83%,35.05,/,125.5GiB,27.92%,36.5TB,/,36.3TB,741GB,/,225GB,841
2022-09-28 13:38:35,c816071a941c,hadoop-slave6.1.jyquyq8eoldtbvk9z2h8twuih,486.48%,35.05,/,125.5GiB,28.02%,36.5TB,/,36.3TB,741GB,/,225GB,841
2022-9-28 13:38:36,c816071a941c,hadoop-slave6.1.jyquyq8eoldtbvk9z2h8twuih,467.13%,35.3,/,125.5GiB,28.13%,36.5TB,/,36.3TB,741GB,/,225GB,840
2022-09-28 13:38:37,c816071a941c,hadoop-slave6.1.jyquyq8eoldtbvk9z2h8twuih,477.99%,35.3,/,125.5GiB,28.21%,36.5TB,/,36.3TB,741GB,/,225GB,840
2022-9-28 13:38:38,c816071a941c,hadoop-slave6.1.jyquyq8eoldtbvk9z2h8twuih,488.85%,35.52,/,125.5GiB,28.30%,36.5TB,/,36.3TB,741GB,/,225GB,840
2022-09-28 13:38:39,c816071a941c,hadoop-slave6.1.jyquyq8eoldtbvk9z2h8twuih,478.14%,35.52,/,125.5GiB,28.39%,36.5TB,/,36.3TB,741GB,/,225GB,840
2022-9-28 13:38:40,c816071a941c,hadoop-slave6.1.jyquyq8eoldtbvk9z2h8twuih,467.43%,35.74,/,125.5GiB,28.48%,36.5TB,/,36.3TB,741GB,/,225GB,840
2022-09-28 13:38:41,c816071a941c,hadoop-slave6.1.jyquyq8eoldtbvk9z2h8twuih,381.09%,35.74,/,125.5GiB,28.56%,36.5TB,/,36.3TB,741GB,/,225GB,840
2022-9-28 13:38:42,c816071a941c,hadoop-slave6.1.jyquyq8eoldtbvk9z2h8twuih,294.74%,35.95,/,125.5GiB,28.64%,36.5TB,/,36.3TB,741GB,/,225GB,840
2022-09-28 13:38:43,c816071a941c,hadoop-slave6.1.jyquyq8eoldtbvk9z2h8twuih,437.79%,35.95,/,125.5GiB,28.74%,36.5TB,/,36.3TB,741GB,/,225GB,840
2022-9-28 13:38:44,c816071a941c,hadoop-slave6.1.jyquyq8eoldtbvk9z2h8twuih,580.84%,36.19,/,125.5GiB,28.84%,36.5TB,/,36.3TB,741GB,/,225GB,828
2022-09-28 13:38:45,c816071a941c,hadoop-slave6.1.jyquyq8eoldtbvk9z2h8twuih,470.3%,36.19,/,125.5GiB,28.91%,36.5TB,/,36.3TB,741GB,/,225GB,828
2022-9-28 13:38:46,c816071a941c,hadoop-slave6.1.jyquyq8eoldtbvk9z2h8twuih,359.75%,36.38,/,125.5GiB,28.99%,36.5TB,/,36.3TB,741GB,/,225GB,828
2022-09-28 13:38:47,c816071a941c,hadoop-slave6.1.jyquyq8eoldtbvk9z2h8twuih,266.77%,36.38,/,125.5GiB,29.08%,36.5TB,/,36.3TB,741GB,/,225GB,828
2022-9-28 13:38:48,c816071a941c,hadoop-slave6.1.jyquyq8eoldtbvk9z2h8twuih,173.79%,36.61,/,125.5GiB,29.17%,36.5TB,/,36.3TB,741GB,/,225GB,828
2022-09-28 13:38:49,c816071a941c,hadoop-slave6.1.jyquyq8eoldtbvk9z2h8twuih,116.88%,36.61,/,125.5GiB,29.25%,36.5TB,/,36.3TB,741GB,/,225GB,828
2022-9-28 13:38:50,c816071a941c,hadoop-slave6.1.jyquyq8eoldtbvk9z2h8twuih,59.96%,36.8,/,125.5GiB,29.32%,36.5TB,/,36.3TB,741GB,/,225GB,828
2022-09-28 13:38:51,c816071a941c,hadoop-slave6.1.jyquyq8eoldtbvk9z2h8twuih,336.17%,36.8,/,125.5GiB,29.41%,36.5TB,/,36.3TB,741GB,/,225GB,828
2022-9-28 13:38:52,c816071a941c,hadoop-slave6.1.jyquyq8eoldtbvk9z2h8twuih,612.38%,37.04,/,125.5GiB,29.51%,36.5TB,/,36.3TB,741GB,/,225GB,828
2022-09-28 13:38:53,c816071a941c,hadoop-slave6.1.jyquyq8eoldtbvk9z2h8twuih,536.17%,37.04,/,125.5GiB,29.59%,36.5TB,/,36.3TB,741GB,/,225GB,828
2022-9-28 13:38:54,c816071a941c,hadoop-slave6.1.jyquyq8eoldtbvk9z2h8twuih,459.96%,37.25,/,125.5GiB,29.68%,36.5TB,/,36.3TB,741GB,/,225GB,828
2022-09-28 13:38:55,c816071a941c,hadoop-slave6.1.jyquyq8eoldtbvk9z2h8twuih,548.91%,37.25,/,125.5GiB,29.78%,36.5TB,/,36.3TB,741GB,/,225GB,828
2022-9-28 13:38:56,c816071a941c,hadoop-slave6.1.jyquyq8eoldtbvk9z2h8twuih,637.87%,37.5,/,125.5GiB,29.88%,36.5TB,/,36.3TB,741GB,/,225GB,828
2022-09-28 13:38:57,c816071a941c,hadoop-slave6.1.jyquyq8eoldtbvk9z2h8twuih,573.87%,37.5,/,125.5GiB,29.98%,36.5TB,/,36.3TB,741GB,/,225GB,828
2022-9-28 13:38:58,c816071a941c,hadoop-slave6.1.jyquyq8eoldtbvk9z2h8twuih,509.86%,37.74,/,125.5GiB,30.07%,36.5TB,/,36.3TB,741GB,/,225GB,828
2022-09-28 13:38:59,c816071a941c,hadoop-slave6.1.jyquyq8eoldtbvk9z2h8twuih,435.06%,37.74,/,125.5GiB,30.16%,36.5TB,/,36.3TB,741GB,/,225GB,828
2022-9-28 13:39:00,c816071a941c,hadoop-slave6.1.jyquyq8eoldtbvk9z2h8twuih,360.25%,37.97,/,125.5GiB,30.26%,36.5TB,/,36.3TB,741GB,/,225GB,828
2022-09-28 13:39:01,c816071a941c,hadoop-slave6.1.jyquyq8eoldtbvk9z2h8twuih,398.36%,37.97,/,125.5GiB,30.32%,36.5TB,/,36.3TB,741GB,/,225GB,828
2022-09-28 13:39:02,c816071a941c,hadoop-slave6.1.jyquyq8eoldtbvk9z2h8twuih,398.36%,37.97,/,125.5GiB,30.32%,36.5TB,/,36.3TB,741GB,/,225GB,828
2022-9-28 13:39:03,c816071a941c,hadoop-slave6.1.jyquyq8eoldtbvk9z2h8twuih,436.46%,38.11,/,125.5GiB,30.37%,36.5TB,/,36.3TB,741GB,/,225GB,828
2022-9-28 13:39:04,c816071a941c,hadoop-slave6.1.jyquyq8eoldtbvk9z2h8twuih,396.06%,38.26,/,125.5GiB,30.49%,36.5TB,/,36.3TB,741GB,/,225GB,828
2022-09-28 13:39:05,c816071a941c,hadoop-slave6.1.jyquyq8eoldtbvk9z2h8twuih,442.61%,38.26,/,125.5GiB,30.55%,36.5TB,/,36.3TB,741GB,/,225GB,828
2022-9-28 13:39:06,c816071a941c,hadoop-slave6.1.jyquyq8eoldtbvk9z2h8twuih,489.16%,38.43,/,125.5GiB,30.62%,36.5TB,/,36.3TB,741GB,/,225GB,828
2022-09-28 13:39:07,c816071a941c,hadoop-slave6.1.jyquyq8eoldtbvk9z2h8twuih,501.29%,38.43,/,125.5GiB,30.72%,36.5TB,/,36.3TB,741GB,/,225GB,828
2022-9-28 13:39:08,c816071a941c,hadoop-slave6.1.jyquyq8eoldtbvk9z2h8twuih,513.42%,38.67,/,125.5GiB,30.82%,36.5TB,/,36.3TB,741GB,/,225GB,828
2022-09-28 13:39:09,c816071a941c,hadoop-slave6.1.jyquyq8eoldtbvk9z2h8twuih,390.41%,38.67,/,125.5GiB,30.89%,36.5TB,/,36.3TB,741GB,/,225GB,828
2022-9-28 13:39:10,c816071a941c,hadoop-slave6.1.jyquyq8eoldtbvk9z2h8twuih,267.41%,38.86,/,125.5GiB,30.96%,36.5TB,/,36.3TB,741GB,/,225GB,828
2022-09-28 13:39:11,c816071a941c,hadoop-slave6.1.jyquyq8eoldtbvk9z2h8twuih,269.15%,38.86,/,125.5GiB,31.02%,36.5TB,/,36.3TB,741GB,/,225GB,828
2022-9-28 13:39:12,c816071a941c,hadoop-slave6.1.jyquyq8eoldtbvk9z2h8twuih,270.90%,39.02,/,125.5GiB,31.09%,36.5TB,/,36.3TB,741GB,/,225GB,828
2022-09-28 13:39:13,c816071a941c,hadoop-slave6.1.jyquyq8eoldtbvk9z2h8twuih,358.98%,39.02,/,125.5GiB,31.14%,36.5TB,/,36.3TB,741GB,/,225GB,828
2022-9-28 13:39:14,c816071a941c,hadoop-slave6.1.jyquyq8eoldtbvk9z2h8twuih,447.06%,39.16,/,125.5GiB,31.20%,36.5TB,/,36.3TB,741GB,/,225GB,828
2022-09-28 13:39:15,c816071a941c,hadoop-slave6.1.jyquyq8eoldtbvk9z2h8twuih,479.64%,39.16,/,125.5GiB,31.27%,36.5TB,/,36.3TB,741GB,/,225GB,828
2022-9-28 13:39:16,c816071a941c,hadoop-slave6.1.jyquyq8eoldtbvk9z2h8twuih,512.23%,39.34,/,125.5GiB,31.35%,36.5TB,/,36.3TB,741GB,/,225GB,828
2022-09-28 13:39:17,c816071a941c,hadoop-slave6.1.jyquyq8eoldtbvk9z2h8twuih,507.75%,39.34,/,125.5GiB,31.43%,36.5TB,/,36.3TB,741GB,/,225GB,828
2022-09-28 13:39:18,c816071a941c,hadoop-slave6.1.jyquyq8eoldtbvk9z2h8twuih,507.75%,39.34,/,125.5GiB,31.43%,36.5TB,/,36.3TB,741GB,/,225GB,828
2022-9-28 13:39:19,c816071a941c,hadoop-slave6.1.jyquyq8eoldtbvk9z2h8twuih,503.26%,39.55,/,125.5GiB,31.51%,36.5TB,/,36.3TB,741GB,/,225GB,828
2022-09-28 13:39:20,c816071a941c,hadoop-slave6.1.jyquyq8eoldtbvk9z2h8twuih,475.11%,39.55,/,125.5GiB,31.59%,36.5TB,/,36.3TB,741GB,/,225GB,828
2022-9-28 13:39:21,c816071a941c,hadoop-slave6.1.jyquyq8eoldtbvk9z2h8twuih,446.96%,39.75,/,125.5GiB,31.68%,36.5TB,/,36.3TB,741GB,/,225GB,828
2022-09-28 13:39:22,c816071a941c,hadoop-slave6.1.jyquyq8eoldtbvk9z2h8twuih,434.42%,39.75,/,125.5GiB,31.74%,36.5TB,/,36.3TB,741GB,/,225GB,828
2022-9-28 13:39:23,c816071a941c,hadoop-slave6.1.jyquyq8eoldtbvk9z2h8twuih,421.88%,39.91,/,125.5GiB,31.80%,36.5TB,/,36.3TB,741GB,/,225GB,828
2022-09-28 13:39:24,c816071a941c,hadoop-slave6.1.jyquyq8eoldtbvk9z2h8twuih,495.54%,39.91,/,125.5GiB,31.89%,36.5TB,/,36.3TB,741GB,/,225GB,828
2022-9-28 13:39:25,c816071a941c,hadoop-slave6.1.jyquyq8eoldtbvk9z2h8twuih,569.20%,40.14,/,125.5GiB,31.98%,36.5TB,/,36.3TB,741GB,/,225GB,828
2022-09-28 13:39:26,c816071a941c,hadoop-slave6.1.jyquyq8eoldtbvk9z2h8twuih,543.6%,40.14,/,125.5GiB,32.06%,36.5TB,/,36.3TB,741GB,/,225GB,828
2022-9-28 13:39:27,c816071a941c,hadoop-slave6.1.jyquyq8eoldtbvk9z2h8twuih,517.99%,40.35,/,125.5GiB,32.15%,36.5TB,/,36.3TB,741GB,/,225GB,828
2022-09-28 13:39:28,c816071a941c,hadoop-slave6.1.jyquyq8eoldtbvk9z2h8twuih,529.73%,40.35,/,125.5GiB,32.19%,36.5TB,/,36.3TB,741GB,/,225GB,828
2022-9-28 13:39:29,c816071a941c,hadoop-slave6.1.jyquyq8eoldtbvk9z2h8twuih,541.47%,40.45,/,125.5GiB,32.23%,36.5TB,/,36.3TB,741GB,/,225GB,828
2022-09-28 13:39:30,c816071a941c,hadoop-slave6.1.jyquyq8eoldtbvk9z2h8twuih,575.75%,40.45,/,125.5GiB,32.31%,36.5TB,/,36.3TB,741GB,/,225GB,828
2022-9-28 13:39:31,c816071a941c,hadoop-slave6.1.jyquyq8eoldtbvk9z2h8twuih,610.03%,40.64,/,125.5GiB,32.39%,36.5TB,/,36.3TB,741GB,/,225GB,828
2022-09-28 13:39:32,c816071a941c,hadoop-slave6.1.jyquyq8eoldtbvk9z2h8twuih,496.45%,40.64,/,125.5GiB,32.45%,36.5TB,/,36.3TB,741GB,/,225GB,828
2022-9-28 13:39:33,c816071a941c,hadoop-slave6.1.jyquyq8eoldtbvk9z2h8twuih,382.87%,40.79,/,125.5GiB,32.50%,36.5TB,/,36.3TB,741GB,/,225GB,828
2022-09-28 13:39:34,c816071a941c,hadoop-slave6.1.jyquyq8eoldtbvk9z2h8twuih,469.13%,40.79,/,125.5GiB,32.56%,36.5TB,/,36.3TB,741GB,/,225GB,828
2022-9-28 13:39:35,c816071a941c,hadoop-slave6.1.jyquyq8eoldtbvk9z2h8twuih,555.40%,40.95,/,125.5GiB,32.63%,36.5TB,/,36.3TB,741GB,/,225GB,828
2022-09-28 13:39:36,c816071a941c,hadoop-slave6.1.jyquyq8eoldtbvk9z2h8twuih,553.67%,40.95,/,125.5GiB,32.72%,36.5TB,/,36.3TB,741GB,/,225GB,828
2022-9-28 13:39:37,c816071a941c,hadoop-slave6.1.jyquyq8eoldtbvk9z2h8twuih,551.94%,41.17,/,125.5GiB,32.80%,36.5TB,/,36.3TB,741GB,/,225GB,828
2022-09-28 13:39:38,c816071a941c,hadoop-slave6.1.jyquyq8eoldtbvk9z2h8twuih,413.66%,41.17,/,125.5GiB,32.86%,36.5TB,/,36.3TB,741GB,/,225GB,828
2022-9-28 13:39:39,c816071a941c,hadoop-slave6.1.jyquyq8eoldtbvk9z2h8twuih,275.38%,41.32,/,125.5GiB,32.92%,36.5TB,/,36.3TB,741GB,/,225GB,828
2022-09-28 13:39:40,c816071a941c,hadoop-slave6.1.jyquyq8eoldtbvk9z2h8twuih,337.25%,41.32,/,125.5GiB,32.99%,36.5TB,/,36.3TB,741GB,/,225GB,828
2022-9-28 13:39:41,c816071a941c,hadoop-slave6.1.jyquyq8eoldtbvk9z2h8twuih,399.13%,41.48,/,125.5GiB,33.06%,36.5TB,/,36.3TB,741GB,/,225GB,828
2022-09-28 13:39:42,c816071a941c,hadoop-slave6.1.jyquyq8eoldtbvk9z2h8twuih,399.97%,41.48,/,125.5GiB,33.14%,36.5TB,/,36.3TB,741GB,/,225GB,828
2022-9-28 13:39:43,c816071a941c,hadoop-slave6.1.jyquyq8eoldtbvk9z2h8twuih,400.81%,41.68,/,125.5GiB,33.21%,36.5TB,/,36.3TB,741GB,/,225GB,828
2022-09-28 13:39:44,c816071a941c,hadoop-slave6.1.jyquyq8eoldtbvk9z2h8twuih,438.9%,41.68,/,125.5GiB,33.31%,36.5TB,/,36.3TB,741GB,/,225GB,828
2022-9-28 13:39:45,c816071a941c,hadoop-slave6.1.jyquyq8eoldtbvk9z2h8twuih,476.99%,41.92,/,125.5GiB,33.41%,36.5TB,/,36.3TB,741GB,/,225GB,828
2022-09-28 13:39:46,c816071a941c,hadoop-slave6.1.jyquyq8eoldtbvk9z2h8twuih,757.57%,41.92,/,125.5GiB,33.48%,36.5TB,/,36.3TB,741GB,/,225GB,828
2022-9-28 13:39:47,c816071a941c,hadoop-slave6.1.jyquyq8eoldtbvk9z2h8twuih,1038.14%,42.11,/,125.5GiB,33.55%,36.5TB,/,36.3TB,741GB,/,225GB,828
2022-09-28 13:39:48,c816071a941c,hadoop-slave6.1.jyquyq8eoldtbvk9z2h8twuih,827.55%,42.11,/,125.5GiB,33.63%,36.5TB,/,36.3TB,741GB,/,225GB,828
2022-9-28 13:39:49,c816071a941c,hadoop-slave6.1.jyquyq8eoldtbvk9z2h8twuih,616.95%,42.3,/,125.5GiB,33.71%,36.5TB,/,36.3TB,741GB,/,225GB,828
2022-09-28 13:39:50,c816071a941c,hadoop-slave6.1.jyquyq8eoldtbvk9z2h8twuih,448.89%,42.3,/,125.5GiB,33.78%,36.5TB,/,36.3TB,741GB,/,225GB,828
2022-9-28 13:39:51,c816071a941c,hadoop-slave6.1.jyquyq8eoldtbvk9z2h8twuih,280.84%,42.48,/,125.5GiB,33.85%,36.5TB,/,36.3TB,741GB,/,225GB,828
2022-09-28 13:39:52,c816071a941c,hadoop-slave6.1.jyquyq8eoldtbvk9z2h8twuih,377.63%,42.48,/,125.5GiB,33.91%,36.5TB,/,36.3TB,741GB,/,225GB,828
2022-9-28 13:39:53,c816071a941c,hadoop-slave6.1.jyquyq8eoldtbvk9z2h8twuih,474.43%,42.64,/,125.5GiB,33.98%,36.5TB,/,36.3TB,741GB,/,225GB,828
2022-09-28 13:39:54,c816071a941c,hadoop-slave6.1.jyquyq8eoldtbvk9z2h8twuih,426.89%,42.64,/,125.5GiB,34.04%,36.5TB,/,36.3TB,741GB,/,225GB,828
2022-9-28 13:39:55,c816071a941c,hadoop-slave6.1.jyquyq8eoldtbvk9z2h8twuih,379.35%,42.79,/,125.5GiB,34.10%,36.5TB,/,36.3TB,741GB,/,225GB,828
2022-09-28 13:39:56,c816071a941c,hadoop-slave6.1.jyquyq8eoldtbvk9z2h8twuih,332.83%,42.79,/,125.5GiB,34.12%,36.5TB,/,36.3TB,741GB,/,225GB,828
2022-9-28 13:39:57,c816071a941c,hadoop-slave6.1.jyquyq8eoldtbvk9z2h8twuih,286.31%,42.86,/,125.5GiB,34.15%,36.5TB,/,36.3TB,741GB,/,225GB,828
2022-09-28 13:39:58,c816071a941c,hadoop-slave6.1.jyquyq8eoldtbvk9z2h8twuih,628.5%,42.86,/,125.5GiB,34.16%,36.5TB,/,36.3TB,741GB,/,225GB,828
2022-9-28 13:39:59,c816071a941c,hadoop-slave6.1.jyquyq8eoldtbvk9z2h8twuih,970.70%,42.89,/,125.5GiB,34.18%,36.5TB,/,36.3TB,741GB,/,225GB,828
2022-09-28 13:40:00,c816071a941c,hadoop-slave6.1.jyquyq8eoldtbvk9z2h8twuih,1478.33%,42.89,/,125.5GiB,34.2%,36.5TB,/,36.3TB,741GB,/,225GB,828
2022-9-28 13:40:01,c816071a941c,hadoop-slave6.1.jyquyq8eoldtbvk9z2h8twuih,1985.96%,42.94,/,125.5GiB,34.22%,36.5TB,/,36.3TB,741GB,/,225GB,828
2022-09-28 13:40:02,c816071a941c,hadoop-slave6.1.jyquyq8eoldtbvk9z2h8twuih,1516.52%,42.94,/,125.5GiB,34.25%,36.5TB,/,36.3TB,741GB,/,225GB,828
2022-9-28 13:40:03,c816071a941c,hadoop-slave6.1.jyquyq8eoldtbvk9z2h8twuih,1047.08%,43.01,/,125.5GiB,34.27%,36.5TB,/,36.3TB,741GB,/,225GB,828
2022-09-28 13:40:04,c816071a941c,hadoop-slave6.1.jyquyq8eoldtbvk9z2h8twuih,971.23%,43.01,/,125.5GiB,34.29%,36.5TB,/,36.3TB,741GB,/,225GB,828
2022-9-28 13:40:05,c816071a941c,hadoop-slave6.1.jyquyq8eoldtbvk9z2h8twuih,895.39%,43.05,/,125.5GiB,34.31%,36.5TB,/,36.3TB,741GB,/,225GB,828
2022-09-28 13:40:06,c816071a941c,hadoop-slave6.1.jyquyq8eoldtbvk9z2h8twuih,1045.95%,43.05,/,125.5GiB,34.31%,36.5TB,/,36.3TB,741GB,/,225GB,828
2022-9-28 13:40:07,c816071a941c,hadoop-slave6.1.jyquyq8eoldtbvk9z2h8twuih,1196.51%,43.06,/,125.5GiB,34.31%,36.5TB,/,36.3TB,741GB,/,225GB,828
2022-09-28 13:40:08,c816071a941c,hadoop-slave6.1.jyquyq8eoldtbvk9z2h8twuih,920.88%,43.06,/,125.5GiB,34.3%,36.5TB,/,36.3TB,741GB,/,225GB,828
2022-9-28 13:40:09,c816071a941c,hadoop-slave6.1.jyquyq8eoldtbvk9z2h8twuih,645.25%,43.02,/,125.5GiB,34.28%,36.5TB,/,36.3TB,741GB,/,225GB,828
2022-09-28 13:40:10,c816071a941c,hadoop-slave6.1.jyquyq8eoldtbvk9z2h8twuih,410.1%,43.02,/,125.5GiB,34.27%,36.5TB,/,36.3TB,741GB,/,225GB,828
2022-9-28 13:40:11,c816071a941c,hadoop-slave6.1.jyquyq8eoldtbvk9z2h8twuih,174.95%,42.99,/,125.5GiB,34.25%,36.5TB,/,36.3TB,741GB,/,225GB,828
2022-09-28 13:40:12,c816071a941c,hadoop-slave6.1.jyquyq8eoldtbvk9z2h8twuih,88.05%,42.99,/,125.5GiB,34.25%,36.5TB,/,36.3TB,741GB,/,225GB,828
2022-9-28 13:40:13,c816071a941c,hadoop-slave6.1.jyquyq8eoldtbvk9z2h8twuih,1.16%,42.98,/,125.5GiB,34.25%,36.5TB,/,36.3TB,741GB,/,225GB,828
2022-09-28 13:40:14,c816071a941c,hadoop-slave6.1.jyquyq8eoldtbvk9z2h8twuih,111.5%,42.98,/,125.5GiB,34.18%,36.5TB,/,36.3TB,741GB,/,225GB,828
2022-9-28 13:40:15,c816071a941c,hadoop-slave6.1.jyquyq8eoldtbvk9z2h8twuih,221.84%,42.81,/,125.5GiB,34.11%,36.5TB,/,36.3TB,741GB,/,225GB,840
2022-09-28 13:40:16,c816071a941c,hadoop-slave6.1.jyquyq8eoldtbvk9z2h8twuih,191.37%,42.81,/,125.5GiB,27.62%,36.5TB,/,36.3TB,741GB,/,225GB,840
2022-9-28 13:40:17,c816071a941c,hadoop-slave6.1.jyquyq8eoldtbvk9z2h8twuih,160.89%,26.53,/,125.5GiB,21.14%,36.5TB,/,36.3TB,741GB,/,225GB,497
2022-09-28 13:40:18,c816071a941c,hadoop-slave6.1.jyquyq8eoldtbvk9z2h8twuih,80.85%,26.53,/,125.5GiB,13.27%,36.5TB,/,36.3TB,741GB,/,225GB,497
2022-9-28 13:40:19,c816071a941c,hadoop-slave6.1.jyquyq8eoldtbvk9z2h8twuih,0.81%,6.771,/,125.5GiB,5.40%,36.5TB,/,36.3TB,741GB,/,225GB,410
2022-09-28 13:40:20,c816071a941c,hadoop-slave6.1.jyquyq8eoldtbvk9z2h8twuih,0.75%,6.771,/,125.5GiB,5.39%,36.5TB,/,36.3TB,741GB,/,225GB,410
2022-9-28 13:40:21,c816071a941c,hadoop-slave6.1.jyquyq8eoldtbvk9z2h8twuih,0.68%,6.77,/,125.5GiB,5.39%,36.5TB,/,36.3TB,741GB,/,225GB,410
2022-09-28 13:40:22,c816071a941c,hadoop-slave6.1.jyquyq8eoldtbvk9z2h8twuih,0.73%,6.77,/,125.5GiB,5.39%,36.5TB,/,36.3TB,741GB,/,225GB,410
2022-9-28 13:40:23,c816071a941c,hadoop-slave6.1.jyquyq8eoldtbvk9z2h8twuih,0.77%,6.77,/,125.5GiB,5.39%,36.5TB,/,36.3TB,741GB,/,225GB,410
2022-09-28 13:40:24,c816071a941c,hadoop-slave6.1.jyquyq8eoldtbvk9z2h8twuih,0.77%,6.77,/,125.5GiB,5.39%,36.5TB,/,36.3TB,741GB,/,225GB,410
2022-9-28 13:40:25,c816071a941c,hadoop-slave6.1.jyquyq8eoldtbvk9z2h8twuih,0.77%,6.77,/,125.5GiB,5.39%,36.5TB,/,36.3TB,741GB,/,225GB,410
2022-09-28 13:40:26,c816071a941c,hadoop-slave6.1.jyquyq8eoldtbvk9z2h8twuih,0.79%,6.77,/,125.5GiB,5.39%,36.5TB,/,36.3TB,741GB,/,225GB,410
2022-9-28 13:40:27,c816071a941c,hadoop-slave6.1.jyquyq8eoldtbvk9z2h8twuih,0.82%,6.77,/,125.5GiB,5.39%,36.5TB,/,36.3TB,741GB,/,225GB,410
2022-09-28 13:40:28,c816071a941c,hadoop-slave6.1.jyquyq8eoldtbvk9z2h8twuih,0.79%,6.77,/,125.5GiB,5.39%,36.5TB,/,36.3TB,741GB,/,225GB,410
2022-9-28 13:40:29,c816071a941c,hadoop-slave6.1.jyquyq8eoldtbvk9z2h8twuih,0.77%,6.77,/,125.5GiB,5.39%,36.5TB,/,36.3TB,741GB,/,225GB,409
2022-09-28 13:40:30,c816071a941c,hadoop-slave6.1.jyquyq8eoldtbvk9z2h8twuih,0.77%,6.77,/,125.5GiB,5.39%,36.5TB,/,36.3TB,741GB,/,225GB,409
2022-9-28 13:40:31,c816071a941c,hadoop-slave6.1.jyquyq8eoldtbvk9z2h8twuih,0.76%,6.77,/,125.5GiB,5.39%,36.5TB,/,36.3TB,741GB,/,225GB,409
2022-09-28 13:40:32,c816071a941c,hadoop-slave6.1.jyquyq8eoldtbvk9z2h8twuih,0.78%,6.77,/,125.5GiB,5.39%,36.5TB,/,36.3TB,741GB,/,225GB,409
2022-9-28 13:40:33,c816071a941c,hadoop-slave6.1.jyquyq8eoldtbvk9z2h8twuih,0.80%,6.77,/,125.5GiB,5.39%,36.5TB,/,36.3TB,741GB,/,225GB,409
2022-09-28 13:40:34,c816071a941c,hadoop-slave6.1.jyquyq8eoldtbvk9z2h8twuih,0.78%,6.77,/,125.5GiB,5.39%,36.5TB,/,36.3TB,741GB,/,225GB,409
2022-9-28 13:40:35,c816071a941c,hadoop-slave6.1.jyquyq8eoldtbvk9z2h8twuih,0.76%,6.77,/,125.5GiB,5.39%,36.5TB,/,36.3TB,741GB,/,225GB,409
2022-09-28 13:40:36,c816071a941c,hadoop-slave6.1.jyquyq8eoldtbvk9z2h8twuih,0.77%,6.77,/,125.5GiB,5.39%,36.5TB,/,36.3TB,741GB,/,225GB,409
2022-9-28 13:40:37,c816071a941c,hadoop-slave6.1.jyquyq8eoldtbvk9z2h8twuih,0.77%,6.77,/,125.5GiB,5.39%,36.5TB,/,36.3TB,741GB,/,225GB,409
2022-09-28 13:40:38,c816071a941c,hadoop-slave6.1.jyquyq8eoldtbvk9z2h8twuih,0.81%,6.77,/,125.5GiB,5.39%,36.5TB,/,36.3TB,741GB,/,225GB,409
2022-09-28 13:40:39,c816071a941c,hadoop-slave6.1.jyquyq8eoldtbvk9z2h8twuih,0.81%,6.77,/,125.5GiB,5.39%,36.5TB,/,36.3TB,741GB,/,225GB,409
2022-9-28 13:40:40,c816071a941c,hadoop-slave6.1.jyquyq8eoldtbvk9z2h8twuih,0.85%,6.77,/,125.5GiB,5.39%,36.5TB,/,36.3TB,741GB,/,225GB,409
2022-09-28 13:40:41,c816071a941c,hadoop-slave6.1.jyquyq8eoldtbvk9z2h8twuih,0.79%,6.77,/,125.5GiB,5.39%,36.5TB,/,36.3TB,741GB,/,225GB,409
2022-9-28 13:40:42,c816071a941c,hadoop-slave6.1.jyquyq8eoldtbvk9z2h8twuih,0.74%,6.77,/,125.5GiB,5.39%,36.5TB,/,36.3TB,741GB,/,225GB,409
2022-09-28 13:40:43,c816071a941c,hadoop-slave6.1.jyquyq8eoldtbvk9z2h8twuih,0.73%,6.77,/,125.5GiB,5.39%,36.5TB,/,36.3TB,741GB,/,225GB,409
2022-9-28 13:40:44,c816071a941c,hadoop-slave6.1.jyquyq8eoldtbvk9z2h8twuih,0.73%,6.77,/,125.5GiB,5.39%,36.5TB,/,36.3TB,741GB,/,225GB,409
2022-09-28 13:40:45,c816071a941c,hadoop-slave6.1.jyquyq8eoldtbvk9z2h8twuih,0.78%,6.77,/,125.5GiB,5.39%,36.5TB,/,36.3TB,741GB,/,225GB,409
2022-9-28 13:40:46,c816071a941c,hadoop-slave6.1.jyquyq8eoldtbvk9z2h8twuih,0.83%,6.77,/,125.5GiB,5.39%,36.5TB,/,36.3TB,741GB,/,225GB,409
2022-09-28 13:40:47,c816071a941c,hadoop-slave6.1.jyquyq8eoldtbvk9z2h8twuih,0.81%,6.77,/,125.5GiB,5.39%,36.5TB,/,36.3TB,741GB,/,225GB,409
2022-9-28 13:40:48,c816071a941c,hadoop-slave6.1.jyquyq8eoldtbvk9z2h8twuih,0.79%,6.77,/,125.5GiB,5.39%,36.5TB,/,36.3TB,741GB,/,225GB,409
2022-09-28 13:40:49,c816071a941c,hadoop-slave6.1.jyquyq8eoldtbvk9z2h8twuih,0.77%,6.77,/,125.5GiB,5.39%,36.5TB,/,36.3TB,741GB,/,225GB,409
2022-9-28 13:40:50,c816071a941c,hadoop-slave6.1.jyquyq8eoldtbvk9z2h8twuih,0.75%,6.77,/,125.5GiB,5.39%,36.5TB,/,36.3TB,741GB,/,225GB,409
2022-09-28 13:40:51,c816071a941c,hadoop-slave6.1.jyquyq8eoldtbvk9z2h8twuih,0.77%,6.77,/,125.5GiB,5.39%,36.5TB,/,36.3TB,741GB,/,225GB,409
2022-9-28 13:40:52,c816071a941c,hadoop-slave6.1.jyquyq8eoldtbvk9z2h8twuih,0.79%,6.77,/,125.5GiB,5.39%,36.5TB,/,36.3TB,741GB,/,225GB,409
2022-09-28 13:40:53,c816071a941c,hadoop-slave6.1.jyquyq8eoldtbvk9z2h8twuih,0.76%,6.77,/,125.5GiB,5.39%,36.5TB,/,36.3TB,741GB,/,225GB,409
2022-9-28 13:40:54,c816071a941c,hadoop-slave6.1.jyquyq8eoldtbvk9z2h8twuih,0.72%,6.77,/,125.5GiB,5.39%,36.5TB,/,36.3TB,741GB,/,225GB,409
2022-09-28 13:40:55,c816071a941c,hadoop-slave6.1.jyquyq8eoldtbvk9z2h8twuih,0.75%,6.77,/,125.5GiB,5.39%,36.5TB,/,36.3TB,741GB,/,225GB,409
2022-9-28 13:40:56,c816071a941c,hadoop-slave6.1.jyquyq8eoldtbvk9z2h8twuih,0.78%,6.77,/,125.5GiB,5.39%,36.5TB,/,36.3TB,741GB,/,225GB,409
2022-09-28 13:40:57,c816071a941c,hadoop-slave6.1.jyquyq8eoldtbvk9z2h8twuih,0.8%,6.77,/,125.5GiB,5.39%,36.5TB,/,36.3TB,741GB,/,225GB,409
2022-9-28 13:40:58,c816071a941c,hadoop-slave6.1.jyquyq8eoldtbvk9z2h8twuih,0.83%,6.77,/,125.5GiB,5.39%,36.5TB,/,36.3TB,741GB,/,225GB,409
2022-09-28 13:40:59,c816071a941c,hadoop-slave6.1.jyquyq8eoldtbvk9z2h8twuih,0.8%,6.77,/,125.5GiB,5.39%,36.5TB,/,36.3TB,741GB,/,225GB,409
2022-9-28 13:41:00,c816071a941c,hadoop-slave6.1.jyquyq8eoldtbvk9z2h8twuih,0.77%,6.77,/,125.5GiB,5.39%,36.5TB,/,36.3TB,741GB,/,225GB,409
2022-09-28 13:41:01,c816071a941c,hadoop-slave6.1.jyquyq8eoldtbvk9z2h8twuih,0.76%,6.77,/,125.5GiB,5.39%,36.5TB,/,36.3TB,741GB,/,225GB,409
2022-9-28 13:41:02,c816071a941c,hadoop-slave6.1.jyquyq8eoldtbvk9z2h8twuih,0.75%,6.77,/,125.5GiB,5.39%,36.5TB,/,36.3TB,741GB,/,225GB,409
2022-09-28 13:41:03,c816071a941c,hadoop-slave6.1.jyquyq8eoldtbvk9z2h8twuih,0.78%,6.77,/,125.5GiB,5.39%,36.5TB,/,36.3TB,741GB,/,225GB,409
2022-9-28 13:41:04,c816071a941c,hadoop-slave6.1.jyquyq8eoldtbvk9z2h8twuih,0.82%,6.77,/,125.5GiB,5.39%,36.5TB,/,36.3TB,741GB,/,225GB,409
2022-09-28 13:41:05,c816071a941c,hadoop-slave6.1.jyquyq8eoldtbvk9z2h8twuih,0.78%,6.77,/,125.5GiB,5.39%,36.5TB,/,36.3TB,741GB,/,225GB,409
2022-9-28 13:41:06,c816071a941c,hadoop-slave6.1.jyquyq8eoldtbvk9z2h8twuih,0.74%,6.77,/,125.5GiB,5.39%,36.5TB,/,36.3TB,741GB,/,225GB,409
2022-09-28 13:41:07,c816071a941c,hadoop-slave6.1.jyquyq8eoldtbvk9z2h8twuih,0.78%,6.77,/,125.5GiB,5.39%,36.5TB,/,36.3TB,741GB,/,225GB,409
2022-9-28 13:41:08,c816071a941c,hadoop-slave6.1.jyquyq8eoldtbvk9z2h8twuih,0.81%,6.77,/,125.5GiB,5.39%,36.5TB,/,36.3TB,741GB,/,225GB,409
2022-09-28 13:41:09,c816071a941c,hadoop-slave6.1.jyquyq8eoldtbvk9z2h8twuih,0.81%,6.77,/,125.5GiB,5.39%,36.5TB,/,36.3TB,741GB,/,225GB,409
2022-9-28 13:41:10,c816071a941c,hadoop-slave6.1.jyquyq8eoldtbvk9z2h8twuih,0.81%,6.77,/,125.5GiB,5.39%,36.5TB,/,36.3TB,741GB,/,225GB,409
2022-09-28 13:41:11,c816071a941c,hadoop-slave6.1.jyquyq8eoldtbvk9z2h8twuih,0.77%,6.77,/,125.5GiB,5.39%,36.5TB,/,36.3TB,741GB,/,225GB,409
2022-9-28 13:41:12,c816071a941c,hadoop-slave6.1.jyquyq8eoldtbvk9z2h8twuih,0.73%,6.77,/,125.5GiB,5.39%,36.5TB,/,36.3TB,741GB,/,225GB,409
2022-09-28 13:41:13,c816071a941c,hadoop-slave6.1.jyquyq8eoldtbvk9z2h8twuih,0.72%,6.77,/,125.5GiB,5.39%,36.5TB,/,36.3TB,741GB,/,225GB,409
2022-9-28 13:41:14,c816071a941c,hadoop-slave6.1.jyquyq8eoldtbvk9z2h8twuih,0.72%,6.77,/,125.5GiB,5.39%,36.5TB,/,36.3TB,741GB,/,225GB,409
2022-09-28 13:41:15,c816071a941c,hadoop-slave6.1.jyquyq8eoldtbvk9z2h8twuih,0.76%,6.77,/,125.5GiB,5.39%,36.5TB,/,36.3TB,741GB,/,225GB,409
2022-9-28 13:41:16,c816071a941c,hadoop-slave6.1.jyquyq8eoldtbvk9z2h8twuih,0.79%,6.77,/,125.5GiB,5.39%,36.5TB,/,36.3TB,741GB,/,225GB,409
2022-09-28 13:41:17,c816071a941c,hadoop-slave6.1.jyquyq8eoldtbvk9z2h8twuih,1.33%,6.77,/,125.5GiB,5.39%,36.5TB,/,36.3TB,741GB,/,225GB,409
2022-9-28 13:41:18,c816071a941c,hadoop-slave6.1.jyquyq8eoldtbvk9z2h8twuih,1.86%,6.77,/,125.5GiB,5.39%,36.5TB,/,36.3TB,741GB,/,225GB,399
2022-09-28 13:41:19,c816071a941c,hadoop-slave6.1.jyquyq8eoldtbvk9z2h8twuih,1.31%,6.77,/,125.5GiB,5.39%,36.5TB,/,36.3TB,741GB,/,225GB,399
2022-9-28 13:41:20,c816071a941c,hadoop-slave6.1.jyquyq8eoldtbvk9z2h8twuih,0.75%,6.77,/,125.5GiB,5.39%,36.5TB,/,36.3TB,741GB,/,225GB,397
2022-09-28 13:41:21,c816071a941c,hadoop-slave6.1.jyquyq8eoldtbvk9z2h8twuih,0.77%,6.77,/,125.5GiB,5.39%,36.5TB,/,36.3TB,741GB,/,225GB,397
2022-9-28 13:41:22,c816071a941c,hadoop-slave6.1.jyquyq8eoldtbvk9z2h8twuih,0.79%,6.77,/,125.5GiB,5.39%,36.5TB,/,36.3TB,741GB,/,225GB,397
2022-09-28 13:41:23,c816071a941c,hadoop-slave6.1.jyquyq8eoldtbvk9z2h8twuih,0.74%,6.77,/,125.5GiB,5.39%,36.5TB,/,36.3TB,741GB,/,225GB,397
2022-9-28 13:41:24,c816071a941c,hadoop-slave6.1.jyquyq8eoldtbvk9z2h8twuih,0.70%,6.77,/,125.5GiB,5.39%,36.5TB,/,36.3TB,741GB,/,225GB,397
2022-09-28 13:41:25,c816071a941c,hadoop-slave6.1.jyquyq8eoldtbvk9z2h8twuih,0.71%,6.77,/,125.5GiB,5.39%,36.5TB,/,36.3TB,741GB,/,225GB,397
2022-9-28 13:41:26,c816071a941c,hadoop-slave6.1.jyquyq8eoldtbvk9z2h8twuih,0.72%,6.77,/,125.5GiB,5.39%,36.5TB,/,36.3TB,741GB,/,225GB,397
2022-09-28 13:41:27,c816071a941c,hadoop-slave6.1.jyquyq8eoldtbvk9z2h8twuih,0.77%,6.77,/,125.5GiB,5.39%,36.5TB,/,36.3TB,741GB,/,225GB,397
2022-9-28 13:41:28,c816071a941c,hadoop-slave6.1.jyquyq8eoldtbvk9z2h8twuih,0.82%,6.77,/,125.5GiB,5.39%,36.5TB,/,36.3TB,741GB,/,225GB,397
2022-09-28 13:41:29,c816071a941c,hadoop-slave6.1.jyquyq8eoldtbvk9z2h8twuih,0.8%,6.77,/,125.5GiB,5.39%,36.5TB,/,36.3TB,741GB,/,225GB,397
2022-9-28 13:41:30,c816071a941c,hadoop-slave6.1.jyquyq8eoldtbvk9z2h8twuih,0.79%,6.77,/,125.5GiB,5.39%,36.5TB,/,36.3TB,741GB,/,225GB,397
2022-09-28 13:41:31,c816071a941c,hadoop-slave6.1.jyquyq8eoldtbvk9z2h8twuih,0.77%,6.77,/,125.5GiB,5.39%,36.5TB,/,36.3TB,741GB,/,225GB,397
2022-9-28 13:41:32,c816071a941c,hadoop-slave6.1.jyquyq8eoldtbvk9z2h8twuih,0.74%,6.77,/,125.5GiB,5.39%,36.5TB,/,36.3TB,741GB,/,225GB,397
2022-09-28 13:41:33,c816071a941c,hadoop-slave6.1.jyquyq8eoldtbvk9z2h8twuih,0.77%,6.77,/,125.5GiB,5.39%,36.5TB,/,36.3TB,741GB,/,225GB,397
2022-9-28 13:41:34,c816071a941c,hadoop-slave6.1.jyquyq8eoldtbvk9z2h8twuih,0.80%,6.77,/,125.5GiB,5.39%,36.5TB,/,36.3TB,741GB,/,225GB,397
2022-09-28 13:41:35,c816071a941c,hadoop-slave6.1.jyquyq8eoldtbvk9z2h8twuih,0.76%,6.77,/,125.5GiB,5.39%,36.5TB,/,36.3TB,741GB,/,225GB,397
2022-9-28 13:41:36,c816071a941c,hadoop-slave6.1.jyquyq8eoldtbvk9z2h8twuih,0.72%,6.77,/,125.5GiB,5.39%,36.5TB,/,36.3TB,741GB,/,225GB,397
2022-09-28 13:41:37,c816071a941c,hadoop-slave6.1.jyquyq8eoldtbvk9z2h8twuih,0.74%,6.77,/,125.5GiB,5.39%,36.5TB,/,36.3TB,741GB,/,225GB,397
2022-9-28 13:41:38,c816071a941c,hadoop-slave6.1.jyquyq8eoldtbvk9z2h8twuih,0.76%,6.77,/,125.5GiB,5.39%,36.5TB,/,36.3TB,741GB,/,225GB,397
2022-09-28 13:41:39,c816071a941c,hadoop-slave6.1.jyquyq8eoldtbvk9z2h8twuih,0.77%,6.77,/,125.5GiB,5.39%,36.5TB,/,36.3TB,741GB,/,225GB,397
2022-9-28 13:41:40,c816071a941c,hadoop-slave6.1.jyquyq8eoldtbvk9z2h8twuih,0.78%,6.77,/,125.5GiB,5.39%,36.5TB,/,36.3TB,741GB,/,225GB,397
2022-09-28 13:41:41,c816071a941c,hadoop-slave6.1.jyquyq8eoldtbvk9z2h8twuih,0.77%,6.77,/,125.5GiB,5.39%,36.5TB,/,36.3TB,741GB,/,225GB,397
2022-9-28 13:41:42,c816071a941c,hadoop-slave6.1.jyquyq8eoldtbvk9z2h8twuih,0.75%,6.77,/,125.5GiB,5.39%,36.5TB,/,36.3TB,741GB,/,225GB,397
2022-09-28 13:41:43,c816071a941c,hadoop-slave6.1.jyquyq8eoldtbvk9z2h8twuih,0.76%,6.77,/,125.5GiB,5.39%,36.5TB,/,36.3TB,741GB,/,225GB,397
2022-9-28 13:41:44,c816071a941c,hadoop-slave6.1.jyquyq8eoldtbvk9z2h8twuih,0.76%,6.77,/,125.5GiB,5.39%,36.5TB,/,36.3TB,741GB,/,225GB,397
2022-09-28 13:41:45,c816071a941c,hadoop-slave6.1.jyquyq8eoldtbvk9z2h8twuih,0.74%,6.77,/,125.5GiB,5.39%,36.5TB,/,36.3TB,741GB,/,225GB,397
2022-9-28 13:41:46,c816071a941c,hadoop-slave6.1.jyquyq8eoldtbvk9z2h8twuih,0.73%,6.77,/,125.5GiB,5.39%,36.5TB,/,36.3TB,741GB,/,225GB,397
2022-09-28 13:41:47,c816071a941c,hadoop-slave6.1.jyquyq8eoldtbvk9z2h8twuih,0.76%,6.77,/,125.5GiB,5.39%,36.5TB,/,36.3TB,741GB,/,225GB,397
2022-9-28 13:41:48,c816071a941c,hadoop-slave6.1.jyquyq8eoldtbvk9z2h8twuih,0.79%,6.77,/,125.5GiB,5.39%,36.5TB,/,36.3TB,741GB,/,225GB,397
2022-09-28 13:41:49,c816071a941c,hadoop-slave6.1.jyquyq8eoldtbvk9z2h8twuih,0.76%,6.77,/,125.5GiB,5.39%,36.5TB,/,36.3TB,741GB,/,225GB,397
2022-9-28 13:41:50,c816071a941c,hadoop-slave6.1.jyquyq8eoldtbvk9z2h8twuih,0.72%,6.77,/,125.5GiB,5.39%,36.5TB,/,36.3TB,741GB,/,225GB,397
2022-09-28 13:41:51,c816071a941c,hadoop-slave6.1.jyquyq8eoldtbvk9z2h8twuih,0.74%,6.77,/,125.5GiB,5.39%,36.5TB,/,36.3TB,741GB,/,225GB,397
2022-9-28 13:41:52,c816071a941c,hadoop-slave6.1.jyquyq8eoldtbvk9z2h8twuih,0.76%,6.77,/,125.5GiB,5.39%,36.5TB,/,36.3TB,741GB,/,225GB,397
2022-09-28 13:41:53,c816071a941c,hadoop-slave6.1.jyquyq8eoldtbvk9z2h8twuih,0.79%,6.77,/,125.5GiB,5.39%,36.5TB,/,36.3TB,741GB,/,225GB,397
2022-9-28 13:41:54,c816071a941c,hadoop-slave6.1.jyquyq8eoldtbvk9z2h8twuih,0.83%,6.77,/,125.5GiB,5.39%,36.5TB,/,36.3TB,741GB,/,225GB,397
2022-09-28 13:41:55,c816071a941c,hadoop-slave6.1.jyquyq8eoldtbvk9z2h8twuih,0.79%,6.77,/,125.5GiB,5.39%,36.5TB,/,36.3TB,741GB,/,225GB,397
2022-9-28 13:41:56,c816071a941c,hadoop-slave6.1.jyquyq8eoldtbvk9z2h8twuih,0.75%,6.77,/,125.5GiB,5.39%,36.5TB,/,36.3TB,741GB,/,225GB,397
2022-09-28 13:41:57,c816071a941c,hadoop-slave6.1.jyquyq8eoldtbvk9z2h8twuih,0.76%,6.77,/,125.5GiB,5.39%,36.5TB,/,36.3TB,741GB,/,225GB,397
2022-09-28 13:41:58,c816071a941c,hadoop-slave6.1.jyquyq8eoldtbvk9z2h8twuih,0.76%,6.77,/,125.5GiB,5.39%,36.5TB,/,36.3TB,741GB,/,225GB,397
2022-9-28 13:41:59,c816071a941c,hadoop-slave6.1.jyquyq8eoldtbvk9z2h8twuih,0.77%,6.77,/,125.5GiB,5.39%,36.5TB,/,36.3TB,741GB,/,225GB,397
2022-09-28 13:42:00,c816071a941c,hadoop-slave6.1.jyquyq8eoldtbvk9z2h8twuih,0.79%,6.77,/,125.5GiB,5.39%,36.5TB,/,36.3TB,741GB,/,225GB,397
2022-9-28 13:42:01,c816071a941c,hadoop-slave6.1.jyquyq8eoldtbvk9z2h8twuih,0.81%,6.77,/,125.5GiB,5.39%,36.5TB,/,36.3TB,741GB,/,225GB,397
2022-09-28 13:42:02,c816071a941c,hadoop-slave6.1.jyquyq8eoldtbvk9z2h8twuih,0.81%,6.77,/,125.5GiB,5.39%,36.5TB,/,36.3TB,741GB,/,225GB,397
2022-9-28 13:42:03,c816071a941c,hadoop-slave6.1.jyquyq8eoldtbvk9z2h8twuih,0.82%,6.77,/,125.5GiB,5.39%,36.5TB,/,36.3TB,741GB,/,225GB,397
2022-09-28 13:42:04,c816071a941c,hadoop-slave6.1.jyquyq8eoldtbvk9z2h8twuih,0.8%,6.77,/,125.5GiB,5.39%,36.5TB,/,36.3TB,741GB,/,225GB,397
2022-9-28 13:42:05,c816071a941c,hadoop-slave6.1.jyquyq8eoldtbvk9z2h8twuih,0.78%,6.77,/,125.5GiB,5.39%,36.5TB,/,36.3TB,741GB,/,225GB,397
2022-09-28 13:42:06,c816071a941c,hadoop-slave6.1.jyquyq8eoldtbvk9z2h8twuih,0.79%,6.77,/,125.5GiB,5.39%,36.5TB,/,36.3TB,741GB,/,225GB,397
2022-9-28 13:42:07,c816071a941c,hadoop-slave6.1.jyquyq8eoldtbvk9z2h8twuih,0.80%,6.77,/,125.5GiB,5.39%,36.5TB,/,36.3TB,741GB,/,225GB,397
2022-09-28 13:42:08,c816071a941c,hadoop-slave6.1.jyquyq8eoldtbvk9z2h8twuih,0.77%,6.77,/,125.5GiB,5.39%,36.5TB,/,36.3TB,741GB,/,225GB,397
2022-9-28 13:42:09,c816071a941c,hadoop-slave6.1.jyquyq8eoldtbvk9z2h8twuih,0.74%,6.77,/,125.5GiB,5.39%,36.5TB,/,36.3TB,741GB,/,225GB,397
2022-09-28 13:42:10,c816071a941c,hadoop-slave6.1.jyquyq8eoldtbvk9z2h8twuih,0.73%,6.77,/,125.5GiB,5.39%,36.5TB,/,36.3TB,741GB,/,225GB,397
2022-9-28 13:42:11,c816071a941c,hadoop-slave6.1.jyquyq8eoldtbvk9z2h8twuih,0.72%,6.77,/,125.5GiB,5.39%,36.5TB,/,36.3TB,741GB,/,225GB,397
2022-09-28 13:42:12,c816071a941c,hadoop-slave6.1.jyquyq8eoldtbvk9z2h8twuih,0.77%,6.77,/,125.5GiB,5.39%,36.5TB,/,36.3TB,741GB,/,225GB,397
2022-9-28 13:42:13,c816071a941c,hadoop-slave6.1.jyquyq8eoldtbvk9z2h8twuih,0.82%,6.77,/,125.5GiB,5.39%,36.5TB,/,36.3TB,741GB,/,225GB,397
2022-09-28 13:42:14,c816071a941c,hadoop-slave6.1.jyquyq8eoldtbvk9z2h8twuih,0.79%,6.77,/,125.5GiB,5.39%,36.5TB,/,36.3TB,741GB,/,225GB,397
2022-9-28 13:42:15,c816071a941c,hadoop-slave6.1.jyquyq8eoldtbvk9z2h8twuih,0.76%,6.77,/,125.5GiB,5.39%,36.5TB,/,36.3TB,741GB,/,225GB,397
2022-09-28 13:42:16,c816071a941c,hadoop-slave6.1.jyquyq8eoldtbvk9z2h8twuih,0.74%,6.77,/,125.5GiB,5.39%,36.5TB,/,36.3TB,741GB,/,225GB,397
2022-9-28 13:42:17,c816071a941c,hadoop-slave6.1.jyquyq8eoldtbvk9z2h8twuih,0.72%,6.77,/,125.5GiB,5.39%,36.5TB,/,36.3TB,741GB,/,225GB,397
2022-09-28 13:42:18,c816071a941c,hadoop-slave6.1.jyquyq8eoldtbvk9z2h8twuih,0.76%,6.77,/,125.5GiB,5.39%,36.5TB,/,36.3TB,741GB,/,225GB,397
2022-9-28 13:42:19,c816071a941c,hadoop-slave6.1.jyquyq8eoldtbvk9z2h8twuih,0.79%,6.77,/,125.5GiB,5.39%,36.5TB,/,36.3TB,741GB,/,225GB,397
2022-09-28 13:42:20,c816071a941c,hadoop-slave6.1.jyquyq8eoldtbvk9z2h8twuih,0.77%,6.77,/,125.5GiB,5.39%,36.5TB,/,36.3TB,741GB,/,225GB,397
2022-9-28 13:42:21,c816071a941c,hadoop-slave6.1.jyquyq8eoldtbvk9z2h8twuih,0.74%,6.77,/,125.5GiB,5.39%,36.5TB,/,36.3TB,741GB,/,225GB,397
2022-09-28 13:42:22,c816071a941c,hadoop-slave6.1.jyquyq8eoldtbvk9z2h8twuih,0.76%,6.77,/,125.5GiB,5.39%,36.5TB,/,36.3TB,741GB,/,225GB,397
2022-9-28 13:42:23,c816071a941c,hadoop-slave6.1.jyquyq8eoldtbvk9z2h8twuih,0.77%,6.77,/,125.5GiB,5.39%,36.5TB,/,36.3TB,741GB,/,225GB,397
2022-09-28 13:42:24,c816071a941c,hadoop-slave6.1.jyquyq8eoldtbvk9z2h8twuih,0.79%,6.77,/,125.5GiB,5.39%,36.5TB,/,36.3TB,741GB,/,225GB,397
2022-9-28 13:42:25,c816071a941c,hadoop-slave6.1.jyquyq8eoldtbvk9z2h8twuih,0.81%,6.77,/,125.5GiB,5.39%,36.5TB,/,36.3TB,741GB,/,225GB,397
2022-09-28 13:42:26,c816071a941c,hadoop-slave6.1.jyquyq8eoldtbvk9z2h8twuih,0.78%,6.77,/,125.5GiB,5.39%,36.5TB,/,36.3TB,741GB,/,225GB,397
2022-9-28 13:42:27,c816071a941c,hadoop-slave6.1.jyquyq8eoldtbvk9z2h8twuih,0.74%,6.77,/,125.5GiB,5.39%,36.5TB,/,36.3TB,741GB,/,225GB,397
2022-09-28 13:42:28,c816071a941c,hadoop-slave6.1.jyquyq8eoldtbvk9z2h8twuih,0.78%,6.77,/,125.5GiB,5.39%,36.5TB,/,36.3TB,741GB,/,225GB,397
2022-9-28 13:42:29,c816071a941c,hadoop-slave6.1.jyquyq8eoldtbvk9z2h8twuih,0.82%,6.77,/,125.5GiB,5.39%,36.5TB,/,36.3TB,741GB,/,225GB,397
2022-09-28 13:42:30,c816071a941c,hadoop-slave6.1.jyquyq8eoldtbvk9z2h8twuih,0.81%,6.77,/,125.5GiB,5.39%,36.5TB,/,36.3TB,741GB,/,225GB,397
2022-9-28 13:42:31,c816071a941c,hadoop-slave6.1.jyquyq8eoldtbvk9z2h8twuih,0.81%,6.77,/,125.5GiB,5.39%,36.5TB,/,36.3TB,741GB,/,225GB,397
2022-09-28 13:42:32,c816071a941c,hadoop-slave6.1.jyquyq8eoldtbvk9z2h8twuih,0.8%,6.77,/,125.5GiB,5.39%,36.5TB,/,36.3TB,741GB,/,225GB,397
2022-9-28 13:42:33,c816071a941c,hadoop-slave6.1.jyquyq8eoldtbvk9z2h8twuih,0.79%,6.77,/,125.5GiB,5.39%,36.5TB,/,36.3TB,741GB,/,225GB,397
2022-09-28 13:42:34,c816071a941c,hadoop-slave6.1.jyquyq8eoldtbvk9z2h8twuih,0.77%,6.77,/,125.5GiB,5.39%,36.5TB,/,36.3TB,741GB,/,225GB,397
2022-9-28 13:42:35,c816071a941c,hadoop-slave6.1.jyquyq8eoldtbvk9z2h8twuih,0.74%,6.77,/,125.5GiB,5.39%,36.5TB,/,36.3TB,741GB,/,225GB,397
2022-09-28 13:42:36,c816071a941c,hadoop-slave6.1.jyquyq8eoldtbvk9z2h8twuih,0.77%,6.77,/,125.5GiB,5.39%,36.5TB,/,36.3TB,741GB,/,225GB,397
2022-9-28 13:42:37,c816071a941c,hadoop-slave6.1.jyquyq8eoldtbvk9z2h8twuih,0.79%,6.77,/,125.5GiB,5.39%,36.5TB,/,36.3TB,741GB,/,225GB,397
2022-09-28 13:42:38,c816071a941c,hadoop-slave6.1.jyquyq8eoldtbvk9z2h8twuih,0.79%,6.77,/,125.5GiB,5.39%,36.5TB,/,36.3TB,741GB,/,225GB,397
2022-9-28 13:42:39,c816071a941c,hadoop-slave6.1.jyquyq8eoldtbvk9z2h8twuih,0.78%,6.77,/,125.5GiB,5.39%,36.5TB,/,36.3TB,741GB,/,225GB,397
2022-09-28 13:42:40,c816071a941c,hadoop-slave6.1.jyquyq8eoldtbvk9z2h8twuih,0.77%,6.77,/,125.5GiB,5.39%,36.5TB,/,36.3TB,741GB,/,225GB,397
2022-9-28 13:42:41,c816071a941c,hadoop-slave6.1.jyquyq8eoldtbvk9z2h8twuih,0.75%,6.77,/,125.5GiB,5.39%,36.5TB,/,36.3TB,741GB,/,225GB,397
2022-09-28 13:42:42,c816071a941c,hadoop-slave6.1.jyquyq8eoldtbvk9z2h8twuih,0.79%,6.77,/,125.5GiB,5.39%,36.5TB,/,36.3TB,741GB,/,225GB,397
2022-9-28 13:42:43,c816071a941c,hadoop-slave6.1.jyquyq8eoldtbvk9z2h8twuih,0.84%,6.77,/,125.5GiB,5.39%,36.5TB,/,36.3TB,741GB,/,225GB,397
2022-09-28 13:42:44,c816071a941c,hadoop-slave6.1.jyquyq8eoldtbvk9z2h8twuih,0.82%,6.77,/,125.5GiB,5.39%,36.5TB,/,36.3TB,741GB,/,225GB,397
2022-9-28 13:42:45,c816071a941c,hadoop-slave6.1.jyquyq8eoldtbvk9z2h8twuih,0.80%,6.77,/,125.5GiB,5.39%,36.5TB,/,36.3TB,741GB,/,225GB,397
2022-09-28 13:42:46,c816071a941c,hadoop-slave6.1.jyquyq8eoldtbvk9z2h8twuih,0.77%,6.77,/,125.5GiB,5.39%,36.5TB,/,36.3TB,741GB,/,225GB,397
2022-9-28 13:42:47,c816071a941c,hadoop-slave6.1.jyquyq8eoldtbvk9z2h8twuih,0.73%,6.77,/,125.5GiB,5.39%,36.5TB,/,36.3TB,741GB,/,225GB,397
2022-09-28 13:42:48,c816071a941c,hadoop-slave6.1.jyquyq8eoldtbvk9z2h8twuih,0.76%,6.77,/,125.5GiB,5.39%,36.5TB,/,36.3TB,741GB,/,225GB,397
2022-9-28 13:42:49,c816071a941c,hadoop-slave6.1.jyquyq8eoldtbvk9z2h8twuih,0.79%,6.77,/,125.5GiB,5.39%,36.5TB,/,36.3TB,741GB,/,225GB,397
2022-09-28 13:42:50,c816071a941c,hadoop-slave6.1.jyquyq8eoldtbvk9z2h8twuih,0.76%,6.77,/,125.5GiB,5.39%,36.5TB,/,36.3TB,741GB,/,225GB,397
2022-9-28 13:42:51,c816071a941c,hadoop-slave6.1.jyquyq8eoldtbvk9z2h8twuih,0.73%,6.77,/,125.5GiB,5.39%,36.5TB,/,36.3TB,741GB,/,225GB,397
2022-09-28 13:42:52,c816071a941c,hadoop-slave6.1.jyquyq8eoldtbvk9z2h8twuih,0.76%,6.77,/,125.5GiB,5.39%,36.5TB,/,36.3TB,741GB,/,225GB,397
2022-9-28 13:42:53,c816071a941c,hadoop-slave6.1.jyquyq8eoldtbvk9z2h8twuih,0.79%,6.77,/,125.5GiB,5.39%,36.5TB,/,36.3TB,741GB,/,225GB,397
2022-09-28 13:42:54,c816071a941c,hadoop-slave6.1.jyquyq8eoldtbvk9z2h8twuih,0.78%,6.77,/,125.5GiB,5.39%,36.5TB,/,36.3TB,741GB,/,225GB,397
2022-9-28 13:42:55,c816071a941c,hadoop-slave6.1.jyquyq8eoldtbvk9z2h8twuih,0.77%,6.77,/,125.5GiB,5.39%,36.5TB,/,36.3TB,741GB,/,225GB,397
2022-09-28 13:42:56,c816071a941c,hadoop-slave6.1.jyquyq8eoldtbvk9z2h8twuih,0.79%,6.77,/,125.5GiB,5.39%,36.5TB,/,36.3TB,741GB,/,225GB,397
2022-9-28 13:42:57,c816071a941c,hadoop-slave6.1.jyquyq8eoldtbvk9z2h8twuih,0.81%,6.77,/,125.5GiB,5.39%,36.5TB,/,36.3TB,741GB,/,225GB,397
2022-09-28 13:42:58,c816071a941c,hadoop-slave6.1.jyquyq8eoldtbvk9z2h8twuih,0.8%,6.77,/,125.5GiB,5.39%,36.5TB,/,36.3TB,741GB,/,225GB,397
2022-9-28 13:42:59,c816071a941c,hadoop-slave6.1.jyquyq8eoldtbvk9z2h8twuih,0.78%,6.77,/,125.5GiB,5.39%,36.5TB,/,36.3TB,741GB,/,225GB,397
2022-09-28 13:43:00,c816071a941c,hadoop-slave6.1.jyquyq8eoldtbvk9z2h8twuih,0.79%,6.77,/,125.5GiB,5.39%,36.5TB,/,36.3TB,741GB,/,225GB,397
2022-9-28 13:43:01,c816071a941c,hadoop-slave6.1.jyquyq8eoldtbvk9z2h8twuih,0.79%,6.77,/,125.5GiB,5.39%,36.5TB,/,36.3TB,741GB,/,225GB,397
2022-09-28 13:43:02,c816071a941c,hadoop-slave6.1.jyquyq8eoldtbvk9z2h8twuih,0.79%,6.77,/,125.5GiB,5.39%,36.5TB,/,36.3TB,741GB,/,225GB,397
2022-9-28 13:43:03,c816071a941c,hadoop-slave6.1.jyquyq8eoldtbvk9z2h8twuih,0.78%,6.77,/,125.5GiB,5.39%,36.5TB,/,36.3TB,741GB,/,225GB,397
2022-09-28 13:43:04,c816071a941c,hadoop-slave6.1.jyquyq8eoldtbvk9z2h8twuih,0.76%,6.77,/,125.5GiB,5.39%,36.5TB,/,36.3TB,741GB,/,225GB,397
2022-9-28 13:43:05,c816071a941c,hadoop-slave6.1.jyquyq8eoldtbvk9z2h8twuih,0.73%,6.77,/,125.5GiB,5.39%,36.5TB,/,36.3TB,741GB,/,225GB,397
2022-09-28 13:43:06,c816071a941c,hadoop-slave6.1.jyquyq8eoldtbvk9z2h8twuih,0.77%,6.77,/,125.5GiB,5.39%,36.5TB,/,36.3TB,741GB,/,225GB,397
2022-9-28 13:43:07,c816071a941c,hadoop-slave6.1.jyquyq8eoldtbvk9z2h8twuih,0.80%,6.77,/,125.5GiB,5.39%,36.5TB,/,36.3TB,741GB,/,225GB,397
2022-09-28 13:43:08,c816071a941c,hadoop-slave6.1.jyquyq8eoldtbvk9z2h8twuih,0.82%,6.77,/,125.5GiB,5.39%,36.5TB,/,36.3TB,741GB,/,225GB,397
2022-9-28 13:43:09,c816071a941c,hadoop-slave6.1.jyquyq8eoldtbvk9z2h8twuih,0.84%,6.77,/,125.5GiB,5.39%,36.5TB,/,36.3TB,741GB,/,225GB,397
2022-09-28 13:43:10,c816071a941c,hadoop-slave6.1.jyquyq8eoldtbvk9z2h8twuih,0.79%,6.77,/,125.5GiB,5.39%,36.5TB,/,36.3TB,741GB,/,225GB,397
2022-9-28 13:43:11,c816071a941c,hadoop-slave6.1.jyquyq8eoldtbvk9z2h8twuih,0.75%,6.77,/,125.5GiB,5.39%,36.5TB,/,36.3TB,741GB,/,225GB,397
2022-09-28 13:43:12,c816071a941c,hadoop-slave6.1.jyquyq8eoldtbvk9z2h8twuih,0.74%,6.77,/,125.5GiB,5.39%,36.5TB,/,36.3TB,741GB,/,225GB,397
2022-9-28 13:43:13,c816071a941c,hadoop-slave6.1.jyquyq8eoldtbvk9z2h8twuih,0.73%,6.77,/,125.5GiB,5.39%,36.5TB,/,36.3TB,741GB,/,225GB,397
2022-09-28 13:43:14,c816071a941c,hadoop-slave6.1.jyquyq8eoldtbvk9z2h8twuih,0.76%,6.77,/,125.5GiB,5.39%,36.5TB,/,36.3TB,741GB,/,225GB,397
2022-9-28 13:43:15,c816071a941c,hadoop-slave6.1.jyquyq8eoldtbvk9z2h8twuih,0.78%,6.77,/,125.5GiB,5.39%,36.5TB,/,36.3TB,741GB,/,225GB,397
2022-09-28 13:43:16,c816071a941c,hadoop-slave6.1.jyquyq8eoldtbvk9z2h8twuih,0.79%,6.77,/,125.5GiB,5.39%,36.5TB,/,36.3TB,741GB,/,225GB,397
2022-09-28 13:43:17,c816071a941c,hadoop-slave6.1.jyquyq8eoldtbvk9z2h8twuih,0.79%,6.77,/,125.5GiB,5.39%,36.5TB,/,36.3TB,741GB,/,225GB,397
2022-9-28 13:43:18,c816071a941c,hadoop-slave6.1.jyquyq8eoldtbvk9z2h8twuih,0.79%,6.77,/,125.5GiB,5.39%,36.5TB,/,36.3TB,741GB,/,225GB,397
2022-09-28 13:43:19,c816071a941c,hadoop-slave6.1.jyquyq8eoldtbvk9z2h8twuih,0.79%,6.77,/,125.5GiB,5.39%,36.5TB,/,36.3TB,741GB,/,225GB,397
2022-9-28 13:43:20,c816071a941c,hadoop-slave6.1.jyquyq8eoldtbvk9z2h8twuih,0.79%,6.77,/,125.5GiB,5.39%,36.5TB,/,36.3TB,741GB,/,225GB,397
2022-09-28 13:43:21,c816071a941c,hadoop-slave6.1.jyquyq8eoldtbvk9z2h8twuih,0.8%,6.77,/,125.5GiB,5.39%,36.5TB,/,36.3TB,741GB,/,225GB,397
2022-9-28 13:43:22,c816071a941c,hadoop-slave6.1.jyquyq8eoldtbvk9z2h8twuih,0.81%,6.77,/,125.5GiB,5.39%,36.5TB,/,36.3TB,741GB,/,225GB,397
2022-09-28 13:43:23,c816071a941c,hadoop-slave6.1.jyquyq8eoldtbvk9z2h8twuih,0.78%,6.77,/,125.5GiB,5.39%,36.5TB,/,36.3TB,741GB,/,225GB,397
2022-9-28 13:43:24,c816071a941c,hadoop-slave6.1.jyquyq8eoldtbvk9z2h8twuih,0.74%,6.77,/,125.5GiB,5.39%,36.5TB,/,36.3TB,741GB,/,225GB,397
2022-09-28 13:43:25,c816071a941c,hadoop-slave6.1.jyquyq8eoldtbvk9z2h8twuih,0.74%,6.77,/,125.5GiB,5.39%,36.5TB,/,36.3TB,741GB,/,225GB,397
2022-9-28 13:43:26,c816071a941c,hadoop-slave6.1.jyquyq8eoldtbvk9z2h8twuih,0.75%,6.77,/,125.5GiB,5.39%,36.5TB,/,36.3TB,741GB,/,225GB,397
2022-09-28 13:43:27,c816071a941c,hadoop-slave6.1.jyquyq8eoldtbvk9z2h8twuih,0.81%,6.77,/,125.5GiB,5.39%,36.5TB,/,36.3TB,741GB,/,225GB,397
