2022-9-28 13:33:28,b02ff2144fbc,hadoop-slave1.1.slzc5rgbb7ehb49aydq7bdnwo,31.90%,6.408,/,125.5GiB,5.11%,1.12TB,/,1.31TB,160GB,/,4.26GB,407
2022-09-28 13:33:29,b02ff2144fbc,hadoop-slave1.1.slzc5rgbb7ehb49aydq7bdnwo,37.3%,6.408,/,125.5GiB,5.11%,1.12TB,/,1.31TB,160GB,/,4.26GB,407
2022-9-28 13:33:30,b02ff2144fbc,hadoop-slave1.1.slzc5rgbb7ehb49aydq7bdnwo,42.71%,6.41,/,125.5GiB,5.11%,1.12TB,/,1.31TB,160GB,/,4.26GB,411
2022-09-28 13:33:31,b02ff2144fbc,hadoop-slave1.1.slzc5rgbb7ehb49aydq7bdnwo,38.34%,6.41,/,125.5GiB,5.11%,1.12TB,/,1.31TB,160GB,/,4.26GB,411
2022-9-28 13:33:32,b02ff2144fbc,hadoop-slave1.1.slzc5rgbb7ehb49aydq7bdnwo,33.97%,6.409,/,125.5GiB,5.11%,1.12TB,/,1.31TB,160GB,/,4.26GB,411
2022-09-28 13:33:33,b02ff2144fbc,hadoop-slave1.1.slzc5rgbb7ehb49aydq7bdnwo,177.11%,6.409,/,125.5GiB,5.17%,1.12TB,/,1.31TB,160GB,/,4.26GB,411
2022-9-28 13:33:34,b02ff2144fbc,hadoop-slave1.1.slzc5rgbb7ehb49aydq7bdnwo,320.24%,6.56,/,125.5GiB,5.23%,1.12TB,/,1.31TB,160GB,/,4.26GB,593
2022-09-28 13:33:35,b02ff2144fbc,hadoop-slave1.1.slzc5rgbb7ehb49aydq7bdnwo,609.8%,6.56,/,125.5GiB,5.62%,1.12TB,/,1.31TB,160GB,/,4.26GB,593
2022-9-28 13:33:36,b02ff2144fbc,hadoop-slave1.1.slzc5rgbb7ehb49aydq7bdnwo,899.36%,7.538,/,125.5GiB,6.01%,1.12TB,/,1.31TB,160GB,/,4.26GB,649
2022-09-28 13:33:37,b02ff2144fbc,hadoop-slave1.1.slzc5rgbb7ehb49aydq7bdnwo,451.67%,7.538,/,125.5GiB,6.03%,1.12TB,/,1.31TB,160GB,/,4.26GB,649
2022-9-28 13:33:38,b02ff2144fbc,hadoop-slave1.1.slzc5rgbb7ehb49aydq7bdnwo,3.97%,7.591,/,125.5GiB,6.05%,1.12TB,/,1.31TB,160GB,/,4.26GB,623
2022-09-28 13:33:39,b02ff2144fbc,hadoop-slave1.1.slzc5rgbb7ehb49aydq7bdnwo,2.45%,7.591,/,125.5GiB,6.03%,1.12TB,/,1.31TB,160GB,/,4.26GB,623
2022-9-28 13:33:40,b02ff2144fbc,hadoop-slave1.1.slzc5rgbb7ehb49aydq7bdnwo,0.92%,7.539,/,125.5GiB,6.01%,1.12TB,/,1.31TB,160GB,/,4.26GB,623
2022-09-28 13:33:41,b02ff2144fbc,hadoop-slave1.1.slzc5rgbb7ehb49aydq7bdnwo,0.96%,7.539,/,125.5GiB,6.01%,1.12TB,/,1.31TB,160GB,/,4.26GB,623
2022-9-28 13:33:42,b02ff2144fbc,hadoop-slave1.1.slzc5rgbb7ehb49aydq7bdnwo,1.00%,7.539,/,125.5GiB,6.01%,1.12TB,/,1.31TB,160GB,/,4.26GB,623
2022-09-28 13:33:43,b02ff2144fbc,hadoop-slave1.1.slzc5rgbb7ehb49aydq7bdnwo,1.0%,7.539,/,125.5GiB,6.01%,1.12TB,/,1.31TB,160GB,/,4.26GB,623
2022-09-28 13:33:44,b02ff2144fbc,hadoop-slave1.1.slzc5rgbb7ehb49aydq7bdnwo,1.0%,7.539,/,125.5GiB,6.01%,1.12TB,/,1.31TB,160GB,/,4.26GB,623
2022-9-28 13:33:45,b02ff2144fbc,hadoop-slave1.1.slzc5rgbb7ehb49aydq7bdnwo,1.00%,7.539,/,125.5GiB,6.01%,1.12TB,/,1.31TB,160GB,/,4.26GB,622
2022-09-28 13:33:46,b02ff2144fbc,hadoop-slave1.1.slzc5rgbb7ehb49aydq7bdnwo,0.92%,7.539,/,125.5GiB,6.01%,1.12TB,/,1.31TB,160GB,/,4.26GB,622
2022-9-28 13:33:47,b02ff2144fbc,hadoop-slave1.1.slzc5rgbb7ehb49aydq7bdnwo,0.83%,7.539,/,125.5GiB,6.01%,1.12TB,/,1.31TB,160GB,/,4.26GB,619
2022-09-28 13:33:48,b02ff2144fbc,hadoop-slave1.1.slzc5rgbb7ehb49aydq7bdnwo,0.86%,7.539,/,125.5GiB,6.01%,1.12TB,/,1.31TB,160GB,/,4.26GB,619
2022-9-28 13:33:49,b02ff2144fbc,hadoop-slave1.1.slzc5rgbb7ehb49aydq7bdnwo,0.89%,7.539,/,125.5GiB,6.01%,1.12TB,/,1.31TB,160GB,/,4.26GB,619
2022-09-28 13:33:50,b02ff2144fbc,hadoop-slave1.1.slzc5rgbb7ehb49aydq7bdnwo,245.84%,7.539,/,125.5GiB,6.09%,1.12TB,/,1.31TB,160GB,/,4.26GB,619
2022-9-28 13:33:51,b02ff2144fbc,hadoop-slave1.1.slzc5rgbb7ehb49aydq7bdnwo,490.79%,7.742,/,125.5GiB,6.17%,1.12TB,/,1.31TB,160GB,/,4.26GB,640
2022-09-28 13:33:52,b02ff2144fbc,hadoop-slave1.1.slzc5rgbb7ehb49aydq7bdnwo,739.01%,7.742,/,125.5GiB,6.49%,1.12TB,/,1.31TB,160GB,/,4.26GB,640
2022-9-28 13:33:53,b02ff2144fbc,hadoop-slave1.1.slzc5rgbb7ehb49aydq7bdnwo,987.24%,8.55,/,125.5GiB,6.81%,1.12TB,/,1.31TB,160GB,/,4.26GB,682
2022-09-28 13:33:54,b02ff2144fbc,hadoop-slave1.1.slzc5rgbb7ehb49aydq7bdnwo,1124.13%,8.55,/,125.5GiB,7.05%,1.12TB,/,1.31TB,160GB,/,4.26GB,682
2022-9-28 13:33:55,b02ff2144fbc,hadoop-slave1.1.slzc5rgbb7ehb49aydq7bdnwo,1261.03%,9.154,/,125.5GiB,7.29%,1.12TB,/,1.31TB,161GB,/,4.26GB,682
2022-09-28 13:33:56,b02ff2144fbc,hadoop-slave1.1.slzc5rgbb7ehb49aydq7bdnwo,1037.68%,9.154,/,125.5GiB,7.61%,1.12TB,/,1.31TB,161GB,/,4.26GB,682
2022-9-28 13:33:57,b02ff2144fbc,hadoop-slave1.1.slzc5rgbb7ehb49aydq7bdnwo,814.34%,9.951,/,125.5GiB,7.93%,1.12TB,/,1.31TB,161GB,/,4.26GB,683
2022-09-28 13:33:58,b02ff2144fbc,hadoop-slave1.1.slzc5rgbb7ehb49aydq7bdnwo,657.42%,9.951,/,125.5GiB,8.05%,1.12TB,/,1.31TB,161GB,/,4.26GB,683
2022-9-28 13:33:59,b02ff2144fbc,hadoop-slave1.1.slzc5rgbb7ehb49aydq7bdnwo,500.50%,10.26,/,125.5GiB,8.18%,1.12TB,/,1.31TB,161GB,/,4.26GB,684
2022-09-28 13:34:00,b02ff2144fbc,hadoop-slave1.1.slzc5rgbb7ehb49aydq7bdnwo,657.23%,10.26,/,125.5GiB,8.57%,1.12TB,/,1.31TB,161GB,/,4.26GB,684
2022-9-28 13:34:01,b02ff2144fbc,hadoop-slave1.1.slzc5rgbb7ehb49aydq7bdnwo,813.96%,11.24,/,125.5GiB,8.96%,1.12TB,/,1.31TB,162GB,/,4.26GB,681
2022-09-28 13:34:02,b02ff2144fbc,hadoop-slave1.1.slzc5rgbb7ehb49aydq7bdnwo,1253.31%,11.24,/,125.5GiB,9.05%,1.12TB,/,1.31TB,162GB,/,4.26GB,681
2022-9-28 13:34:03,b02ff2144fbc,hadoop-slave1.1.slzc5rgbb7ehb49aydq7bdnwo,1692.66%,11.45,/,125.5GiB,9.13%,1.12TB,/,1.31TB,162GB,/,4.26GB,688
2022-09-28 13:34:04,b02ff2144fbc,hadoop-slave1.1.slzc5rgbb7ehb49aydq7bdnwo,1574.63%,11.45,/,125.5GiB,9.22%,1.12TB,/,1.31TB,162GB,/,4.26GB,688
2022-9-28 13:34:05,b02ff2144fbc,hadoop-slave1.1.slzc5rgbb7ehb49aydq7bdnwo,1456.60%,11.68,/,125.5GiB,9.31%,1.12TB,/,1.31TB,162GB,/,4.26GB,696
2022-09-28 13:34:06,b02ff2144fbc,hadoop-slave1.1.slzc5rgbb7ehb49aydq7bdnwo,1533.22%,11.68,/,125.5GiB,9.6%,1.12TB,/,1.31TB,162GB,/,4.26GB,696
2022-9-28 13:34:07,b02ff2144fbc,hadoop-slave1.1.slzc5rgbb7ehb49aydq7bdnwo,1609.84%,12.41,/,125.5GiB,9.89%,1.12TB,/,1.31TB,162GB,/,4.26GB,697
2022-09-28 13:34:08,b02ff2144fbc,hadoop-slave1.1.slzc5rgbb7ehb49aydq7bdnwo,1632.77%,12.41,/,125.5GiB,10.54%,1.12TB,/,1.31TB,162GB,/,4.26GB,697
2022-9-28 13:34:09,b02ff2144fbc,hadoop-slave1.1.slzc5rgbb7ehb49aydq7bdnwo,1655.70%,14.03,/,125.5GiB,11.18%,1.12TB,/,1.31TB,162GB,/,4.26GB,698
2022-09-28 13:34:10,b02ff2144fbc,hadoop-slave1.1.slzc5rgbb7ehb49aydq7bdnwo,1790.76%,14.03,/,125.5GiB,11.32%,1.12TB,/,1.31TB,162GB,/,4.26GB,698
2022-9-28 13:34:11,b02ff2144fbc,hadoop-slave1.1.slzc5rgbb7ehb49aydq7bdnwo,1925.81%,14.38,/,125.5GiB,11.46%,1.12TB,/,1.31TB,163GB,/,4.26GB,708
2022-09-28 13:34:12,b02ff2144fbc,hadoop-slave1.1.slzc5rgbb7ehb49aydq7bdnwo,2108.74%,14.38,/,125.5GiB,11.61%,1.12TB,/,1.31TB,163GB,/,4.26GB,708
2022-9-28 13:34:13,b02ff2144fbc,hadoop-slave1.1.slzc5rgbb7ehb49aydq7bdnwo,2291.67%,14.75,/,125.5GiB,11.75%,1.12TB,/,1.31TB,163GB,/,4.26GB,708
2022-09-28 13:34:14,b02ff2144fbc,hadoop-slave1.1.slzc5rgbb7ehb49aydq7bdnwo,2066.32%,14.75,/,125.5GiB,11.8%,1.12TB,/,1.31TB,163GB,/,4.26GB,708
2022-9-28 13:34:15,b02ff2144fbc,hadoop-slave1.1.slzc5rgbb7ehb49aydq7bdnwo,1840.98%,14.88,/,125.5GiB,11.86%,1.12TB,/,1.31TB,163GB,/,4.26GB,708
2022-09-28 13:34:16,b02ff2144fbc,hadoop-slave1.1.slzc5rgbb7ehb49aydq7bdnwo,1796.47%,14.88,/,125.5GiB,11.94%,1.12TB,/,1.31TB,163GB,/,4.26GB,708
2022-9-28 13:34:17,b02ff2144fbc,hadoop-slave1.1.slzc5rgbb7ehb49aydq7bdnwo,1751.96%,15.09,/,125.5GiB,12.02%,1.12TB,/,1.31TB,163GB,/,4.26GB,709
2022-09-28 13:34:18,b02ff2144fbc,hadoop-slave1.1.slzc5rgbb7ehb49aydq7bdnwo,1750.41%,15.09,/,125.5GiB,12.06%,1.12TB,/,1.31TB,163GB,/,4.26GB,709
2022-9-28 13:34:19,b02ff2144fbc,hadoop-slave1.1.slzc5rgbb7ehb49aydq7bdnwo,1748.86%,15.2,/,125.5GiB,12.11%,1.12TB,/,1.31TB,163GB,/,4.26GB,706
2022-09-28 13:34:20,b02ff2144fbc,hadoop-slave1.1.slzc5rgbb7ehb49aydq7bdnwo,1452.89%,15.2,/,125.5GiB,12.14%,1.12TB,/,1.31TB,163GB,/,4.26GB,706
2022-9-28 13:34:21,b02ff2144fbc,hadoop-slave1.1.slzc5rgbb7ehb49aydq7bdnwo,1156.93%,15.27,/,125.5GiB,12.17%,1.12TB,/,1.31TB,163GB,/,4.26GB,709
2022-09-28 13:34:22,b02ff2144fbc,hadoop-slave1.1.slzc5rgbb7ehb49aydq7bdnwo,1106.57%,15.27,/,125.5GiB,12.28%,1.12TB,/,1.31TB,163GB,/,4.26GB,709
2022-9-28 13:34:23,b02ff2144fbc,hadoop-slave1.1.slzc5rgbb7ehb49aydq7bdnwo,1056.21%,15.54,/,125.5GiB,12.38%,1.12TB,/,1.31TB,163GB,/,4.26GB,707
2022-09-28 13:34:24,b02ff2144fbc,hadoop-slave1.1.slzc5rgbb7ehb49aydq7bdnwo,1229.83%,15.54,/,125.5GiB,12.4%,1.12TB,/,1.31TB,163GB,/,4.26GB,707
2022-9-28 13:34:25,b02ff2144fbc,hadoop-slave1.1.slzc5rgbb7ehb49aydq7bdnwo,1403.44%,15.59,/,125.5GiB,12.42%,1.12TB,/,1.31TB,164GB,/,4.26GB,709
2022-09-28 13:34:26,b02ff2144fbc,hadoop-slave1.1.slzc5rgbb7ehb49aydq7bdnwo,1205.14%,15.59,/,125.5GiB,12.48%,1.12TB,/,1.31TB,164GB,/,4.26GB,709
2022-9-28 13:34:27,b02ff2144fbc,hadoop-slave1.1.slzc5rgbb7ehb49aydq7bdnwo,1006.85%,15.74,/,125.5GiB,12.54%,1.12TB,/,1.31TB,164GB,/,4.26GB,710
2022-09-28 13:34:28,b02ff2144fbc,hadoop-slave1.1.slzc5rgbb7ehb49aydq7bdnwo,1202.23%,15.74,/,125.5GiB,12.59%,1.12TB,/,1.31TB,164GB,/,4.26GB,710
2022-9-28 13:34:29,b02ff2144fbc,hadoop-slave1.1.slzc5rgbb7ehb49aydq7bdnwo,1397.62%,15.88,/,125.5GiB,12.65%,1.12TB,/,1.31TB,164GB,/,4.26GB,709
2022-09-28 13:34:30,b02ff2144fbc,hadoop-slave1.1.slzc5rgbb7ehb49aydq7bdnwo,1089.52%,15.88,/,125.5GiB,12.66%,1.12TB,/,1.31TB,164GB,/,4.26GB,709
2022-9-28 13:34:31,b02ff2144fbc,hadoop-slave1.1.slzc5rgbb7ehb49aydq7bdnwo,781.42%,15.91,/,125.5GiB,12.67%,1.12TB,/,1.31TB,164GB,/,4.26GB,709
2022-09-28 13:34:32,b02ff2144fbc,hadoop-slave1.1.slzc5rgbb7ehb49aydq7bdnwo,901.33%,15.91,/,125.5GiB,12.74%,1.12TB,/,1.31TB,164GB,/,4.26GB,709
2022-9-28 13:34:33,b02ff2144fbc,hadoop-slave1.1.slzc5rgbb7ehb49aydq7bdnwo,1021.24%,16.08,/,125.5GiB,12.81%,1.12TB,/,1.31TB,164GB,/,4.26GB,702
2022-09-28 13:34:34,b02ff2144fbc,hadoop-slave1.1.slzc5rgbb7ehb49aydq7bdnwo,511.22%,16.08,/,125.5GiB,12.81%,1.12TB,/,1.31TB,164GB,/,4.26GB,702
2022-9-28 13:34:35,b02ff2144fbc,hadoop-slave1.1.slzc5rgbb7ehb49aydq7bdnwo,1.20%,16.08,/,125.5GiB,12.81%,1.12TB,/,1.31TB,164GB,/,4.26GB,694
2022-09-28 13:34:36,b02ff2144fbc,hadoop-slave1.1.slzc5rgbb7ehb49aydq7bdnwo,42.19%,16.08,/,125.5GiB,12.81%,1.12TB,/,1.31TB,164GB,/,4.26GB,694
2022-9-28 13:34:37,b02ff2144fbc,hadoop-slave1.1.slzc5rgbb7ehb49aydq7bdnwo,83.18%,16.08,/,125.5GiB,12.81%,1.12TB,/,1.31TB,164GB,/,4.26GB,691
2022-09-28 13:34:38,b02ff2144fbc,hadoop-slave1.1.slzc5rgbb7ehb49aydq7bdnwo,285.08%,16.08,/,125.5GiB,12.82%,1.12TB,/,1.31TB,164GB,/,4.26GB,691
2022-9-28 13:34:39,b02ff2144fbc,hadoop-slave1.1.slzc5rgbb7ehb49aydq7bdnwo,486.98%,16.09,/,125.5GiB,12.82%,1.12TB,/,1.31TB,164GB,/,4.26GB,691
2022-09-28 13:34:40,b02ff2144fbc,hadoop-slave1.1.slzc5rgbb7ehb49aydq7bdnwo,244.05%,16.09,/,125.5GiB,12.82%,1.12TB,/,1.31TB,164GB,/,4.26GB,691
2022-9-28 13:34:41,b02ff2144fbc,hadoop-slave1.1.slzc5rgbb7ehb49aydq7bdnwo,1.11%,16.09,/,125.5GiB,12.82%,1.12TB,/,1.31TB,164GB,/,4.26GB,691
2022-09-28 13:34:42,b02ff2144fbc,hadoop-slave1.1.slzc5rgbb7ehb49aydq7bdnwo,1.06%,16.09,/,125.5GiB,12.82%,1.12TB,/,1.31TB,164GB,/,4.26GB,691
2022-9-28 13:34:43,b02ff2144fbc,hadoop-slave1.1.slzc5rgbb7ehb49aydq7bdnwo,1.02%,16.09,/,125.5GiB,12.82%,1.12TB,/,1.31TB,164GB,/,4.26GB,691
2022-09-28 13:34:44,b02ff2144fbc,hadoop-slave1.1.slzc5rgbb7ehb49aydq7bdnwo,1088.88%,16.09,/,125.5GiB,12.96%,1.12TB,/,1.31TB,164GB,/,4.26GB,691
2022-9-28 13:34:45,b02ff2144fbc,hadoop-slave1.1.slzc5rgbb7ehb49aydq7bdnwo,2176.75%,16.42,/,125.5GiB,13.09%,1.12TB,/,1.31TB,164GB,/,4.26GB,691
2022-09-28 13:34:46,b02ff2144fbc,hadoop-slave1.1.slzc5rgbb7ehb49aydq7bdnwo,1853.7%,16.42,/,125.5GiB,13.28%,1.12TB,/,1.31TB,164GB,/,4.26GB,691
2022-9-28 13:34:47,b02ff2144fbc,hadoop-slave1.1.slzc5rgbb7ehb49aydq7bdnwo,1530.64%,16.89,/,125.5GiB,13.46%,1.12TB,/,1.31TB,164GB,/,4.26GB,688
2022-09-28 13:34:48,b02ff2144fbc,hadoop-slave1.1.slzc5rgbb7ehb49aydq7bdnwo,926.12%,16.89,/,125.5GiB,13.58%,1.12TB,/,1.31TB,164GB,/,4.26GB,688
2022-9-28 13:34:49,b02ff2144fbc,hadoop-slave1.1.slzc5rgbb7ehb49aydq7bdnwo,321.59%,17.2,/,125.5GiB,13.70%,1.12TB,/,1.31TB,164GB,/,4.26GB,688
2022-09-28 13:34:50,b02ff2144fbc,hadoop-slave1.1.slzc5rgbb7ehb49aydq7bdnwo,310.21%,17.2,/,125.5GiB,13.81%,1.12TB,/,1.31TB,164GB,/,4.26GB,688
2022-09-28 13:34:51,b02ff2144fbc,hadoop-slave1.1.slzc5rgbb7ehb49aydq7bdnwo,310.21%,17.2,/,125.5GiB,13.81%,1.12TB,/,1.31TB,164GB,/,4.26GB,688
2022-9-28 13:34:52,b02ff2144fbc,hadoop-slave1.1.slzc5rgbb7ehb49aydq7bdnwo,298.84%,17.48,/,125.5GiB,13.93%,1.12TB,/,1.31TB,164GB,/,4.26GB,685
2022-09-28 13:34:53,b02ff2144fbc,hadoop-slave1.1.slzc5rgbb7ehb49aydq7bdnwo,895.08%,17.48,/,125.5GiB,14.25%,1.12TB,/,1.31TB,164GB,/,4.26GB,685
2022-9-28 13:34:54,b02ff2144fbc,hadoop-slave1.1.slzc5rgbb7ehb49aydq7bdnwo,1491.33%,18.3,/,125.5GiB,14.58%,1.12TB,/,1.31TB,164GB,/,4.26GB,683
2022-09-28 13:34:55,b02ff2144fbc,hadoop-slave1.1.slzc5rgbb7ehb49aydq7bdnwo,890.81%,18.3,/,125.5GiB,14.68%,1.12TB,/,1.31TB,164GB,/,4.26GB,683
2022-9-28 13:34:56,b02ff2144fbc,hadoop-slave1.1.slzc5rgbb7ehb49aydq7bdnwo,290.29%,18.55,/,125.5GiB,14.78%,1.12TB,/,1.31TB,164GB,/,4.26GB,683
2022-09-28 13:34:57,b02ff2144fbc,hadoop-slave1.1.slzc5rgbb7ehb49aydq7bdnwo,309.62%,18.55,/,125.5GiB,14.88%,1.12TB,/,1.31TB,164GB,/,4.26GB,683
2022-9-28 13:34:58,b02ff2144fbc,hadoop-slave1.1.slzc5rgbb7ehb49aydq7bdnwo,328.95%,18.78,/,125.5GiB,14.97%,1.12TB,/,1.31TB,164GB,/,4.26GB,683
2022-09-28 13:34:59,b02ff2144fbc,hadoop-slave1.1.slzc5rgbb7ehb49aydq7bdnwo,315.63%,18.78,/,125.5GiB,15.05%,1.12TB,/,1.31TB,164GB,/,4.26GB,683
2022-9-28 13:35:00,b02ff2144fbc,hadoop-slave1.1.slzc5rgbb7ehb49aydq7bdnwo,302.31%,18.98,/,125.5GiB,15.13%,1.12TB,/,1.31TB,164GB,/,4.26GB,683
2022-09-28 13:35:01,b02ff2144fbc,hadoop-slave1.1.slzc5rgbb7ehb49aydq7bdnwo,338.91%,18.98,/,125.5GiB,15.21%,1.12TB,/,1.31TB,164GB,/,4.26GB,683
2022-9-28 13:35:02,b02ff2144fbc,hadoop-slave1.1.slzc5rgbb7ehb49aydq7bdnwo,375.51%,19.17,/,125.5GiB,15.28%,1.12TB,/,1.31TB,164GB,/,4.26GB,683
2022-09-28 13:35:03,b02ff2144fbc,hadoop-slave1.1.slzc5rgbb7ehb49aydq7bdnwo,544.41%,19.17,/,125.5GiB,15.7%,1.12TB,/,1.31TB,164GB,/,4.26GB,683
2022-9-28 13:35:04,b02ff2144fbc,hadoop-slave1.1.slzc5rgbb7ehb49aydq7bdnwo,713.31%,20.23,/,125.5GiB,16.12%,1.12TB,/,1.31TB,164GB,/,4.26GB,682
2022-09-28 13:35:05,b02ff2144fbc,hadoop-slave1.1.slzc5rgbb7ehb49aydq7bdnwo,560.39%,20.23,/,125.5GiB,16.16%,1.12TB,/,1.31TB,164GB,/,4.26GB,682
2022-9-28 13:35:06,b02ff2144fbc,hadoop-slave1.1.slzc5rgbb7ehb49aydq7bdnwo,407.47%,20.32,/,125.5GiB,16.20%,1.12TB,/,1.31TB,164GB,/,4.26GB,682
2022-09-28 13:35:07,b02ff2144fbc,hadoop-slave1.1.slzc5rgbb7ehb49aydq7bdnwo,1057.12%,20.32,/,125.5GiB,16.55%,1.12TB,/,1.31TB,164GB,/,4.26GB,682
2022-9-28 13:35:08,b02ff2144fbc,hadoop-slave1.1.slzc5rgbb7ehb49aydq7bdnwo,1706.76%,21.22,/,125.5GiB,16.91%,1.12TB,/,1.31TB,164GB,/,4.26GB,682
2022-09-28 13:35:09,b02ff2144fbc,hadoop-slave1.1.slzc5rgbb7ehb49aydq7bdnwo,1044.14%,21.22,/,125.5GiB,17.26%,1.12TB,/,1.31TB,164GB,/,4.26GB,682
2022-9-28 13:35:10,b02ff2144fbc,hadoop-slave1.1.slzc5rgbb7ehb49aydq7bdnwo,381.53%,22.09,/,125.5GiB,17.60%,1.12TB,/,1.31TB,164GB,/,4.26GB,682
2022-09-28 13:35:11,b02ff2144fbc,hadoop-slave1.1.slzc5rgbb7ehb49aydq7bdnwo,543.88%,22.09,/,125.5GiB,17.68%,1.12TB,/,1.31TB,164GB,/,4.26GB,682
2022-9-28 13:35:12,b02ff2144fbc,hadoop-slave1.1.slzc5rgbb7ehb49aydq7bdnwo,706.24%,22.28,/,125.5GiB,17.75%,1.12TB,/,1.31TB,164GB,/,4.26GB,682
2022-09-28 13:35:13,b02ff2144fbc,hadoop-slave1.1.slzc5rgbb7ehb49aydq7bdnwo,619.78%,22.28,/,125.5GiB,18.2%,1.12TB,/,1.31TB,164GB,/,4.26GB,682
2022-9-28 13:35:14,b02ff2144fbc,hadoop-slave1.1.slzc5rgbb7ehb49aydq7bdnwo,533.32%,23.4,/,125.5GiB,18.65%,1.13TB,/,1.31TB,164GB,/,4.26GB,682
2022-09-28 13:35:15,b02ff2144fbc,hadoop-slave1.1.slzc5rgbb7ehb49aydq7bdnwo,698.01%,23.4,/,125.5GiB,18.67%,1.13TB,/,1.31TB,164GB,/,4.26GB,682
2022-9-28 13:35:16,b02ff2144fbc,hadoop-slave1.1.slzc5rgbb7ehb49aydq7bdnwo,862.69%,23.46,/,125.5GiB,18.69%,1.13TB,/,1.31TB,164GB,/,4.26GB,682
2022-09-28 13:35:17,b02ff2144fbc,hadoop-slave1.1.slzc5rgbb7ehb49aydq7bdnwo,704.25%,23.46,/,125.5GiB,19.1%,1.13TB,/,1.31TB,164GB,/,4.26GB,682
2022-9-28 13:35:18,b02ff2144fbc,hadoop-slave1.1.slzc5rgbb7ehb49aydq7bdnwo,545.80%,24.49,/,125.5GiB,19.51%,1.13TB,/,1.31TB,164GB,/,4.26GB,682
2022-09-28 13:35:19,b02ff2144fbc,hadoop-slave1.1.slzc5rgbb7ehb49aydq7bdnwo,1013.06%,24.49,/,125.5GiB,19.61%,1.13TB,/,1.31TB,164GB,/,4.26GB,682
2022-9-28 13:35:20,b02ff2144fbc,hadoop-slave1.1.slzc5rgbb7ehb49aydq7bdnwo,1480.33%,24.74,/,125.5GiB,19.71%,1.13TB,/,1.31TB,164GB,/,4.26GB,682
2022-09-28 13:35:21,b02ff2144fbc,hadoop-slave1.1.slzc5rgbb7ehb49aydq7bdnwo,910.63%,24.74,/,125.5GiB,19.72%,1.13TB,/,1.31TB,164GB,/,4.26GB,682
2022-9-28 13:35:22,b02ff2144fbc,hadoop-slave1.1.slzc5rgbb7ehb49aydq7bdnwo,340.94%,24.76,/,125.5GiB,19.73%,1.13TB,/,1.31TB,164GB,/,4.26GB,682
2022-09-28 13:35:23,b02ff2144fbc,hadoop-slave1.1.slzc5rgbb7ehb49aydq7bdnwo,753.73%,24.76,/,125.5GiB,20.29%,1.13TB,/,1.31TB,164GB,/,4.26GB,682
2022-9-28 13:35:24,b02ff2144fbc,hadoop-slave1.1.slzc5rgbb7ehb49aydq7bdnwo,1166.51%,26.15,/,125.5GiB,20.84%,1.13TB,/,1.31TB,164GB,/,4.26GB,682
2022-09-28 13:35:25,b02ff2144fbc,hadoop-slave1.1.slzc5rgbb7ehb49aydq7bdnwo,951.0%,26.15,/,125.5GiB,20.92%,1.13TB,/,1.31TB,164GB,/,4.26GB,682
2022-9-28 13:35:26,b02ff2144fbc,hadoop-slave1.1.slzc5rgbb7ehb49aydq7bdnwo,735.50%,26.36,/,125.5GiB,21.00%,1.13TB,/,1.31TB,164GB,/,4.26GB,682
2022-09-28 13:35:27,b02ff2144fbc,hadoop-slave1.1.slzc5rgbb7ehb49aydq7bdnwo,691.99%,26.36,/,125.5GiB,21.45%,1.13TB,/,1.31TB,164GB,/,4.26GB,682
2022-9-28 13:35:28,b02ff2144fbc,hadoop-slave1.1.slzc5rgbb7ehb49aydq7bdnwo,648.48%,27.5,/,125.5GiB,21.91%,1.13TB,/,1.31TB,164GB,/,4.26GB,682
2022-09-28 13:35:29,b02ff2144fbc,hadoop-slave1.1.slzc5rgbb7ehb49aydq7bdnwo,913.74%,27.5,/,125.5GiB,21.88%,1.13TB,/,1.31TB,164GB,/,4.26GB,682
2022-9-28 13:35:30,b02ff2144fbc,hadoop-slave1.1.slzc5rgbb7ehb49aydq7bdnwo,1179.00%,27.44,/,125.5GiB,21.86%,1.13TB,/,1.31TB,164GB,/,4.26GB,682
2022-09-28 13:35:31,b02ff2144fbc,hadoop-slave1.1.slzc5rgbb7ehb49aydq7bdnwo,894.69%,27.44,/,125.5GiB,21.82%,1.13TB,/,1.31TB,164GB,/,4.26GB,682
2022-9-28 13:35:32,b02ff2144fbc,hadoop-slave1.1.slzc5rgbb7ehb49aydq7bdnwo,610.39%,27.35,/,125.5GiB,21.79%,1.13TB,/,1.31TB,164GB,/,4.26GB,682
2022-09-28 13:35:33,b02ff2144fbc,hadoop-slave1.1.slzc5rgbb7ehb49aydq7bdnwo,596.39%,27.35,/,125.5GiB,21.55%,1.13TB,/,1.31TB,164GB,/,4.26GB,682
2022-9-28 13:35:34,b02ff2144fbc,hadoop-slave1.1.slzc5rgbb7ehb49aydq7bdnwo,582.40%,26.73,/,125.5GiB,21.30%,1.13TB,/,1.31TB,164GB,/,4.26GB,682
2022-09-28 13:35:35,b02ff2144fbc,hadoop-slave1.1.slzc5rgbb7ehb49aydq7bdnwo,532.38%,26.73,/,125.5GiB,21.11%,1.13TB,/,1.31TB,164GB,/,4.26GB,682
2022-9-28 13:35:36,b02ff2144fbc,hadoop-slave1.1.slzc5rgbb7ehb49aydq7bdnwo,482.37%,26.25,/,125.5GiB,20.91%,1.13TB,/,1.31TB,164GB,/,4.26GB,682
2022-09-28 13:35:37,b02ff2144fbc,hadoop-slave1.1.slzc5rgbb7ehb49aydq7bdnwo,395.84%,26.25,/,125.5GiB,20.82%,1.13TB,/,1.31TB,164GB,/,4.26GB,682
2022-9-28 13:35:38,b02ff2144fbc,hadoop-slave1.1.slzc5rgbb7ehb49aydq7bdnwo,309.31%,26.01,/,125.5GiB,20.73%,1.13TB,/,1.31TB,164GB,/,4.26GB,679
2022-09-28 13:35:39,b02ff2144fbc,hadoop-slave1.1.slzc5rgbb7ehb49aydq7bdnwo,241.75%,26.01,/,125.5GiB,20.48%,1.13TB,/,1.31TB,164GB,/,4.26GB,679
2022-9-28 13:35:40,b02ff2144fbc,hadoop-slave1.1.slzc5rgbb7ehb49aydq7bdnwo,174.19%,25.38,/,125.5GiB,20.22%,1.13TB,/,1.32TB,164GB,/,4.26GB,679
2022-09-28 13:35:41,b02ff2144fbc,hadoop-slave1.1.slzc5rgbb7ehb49aydq7bdnwo,298.71%,25.38,/,125.5GiB,20.23%,1.13TB,/,1.32TB,164GB,/,4.26GB,679
2022-9-28 13:35:42,b02ff2144fbc,hadoop-slave1.1.slzc5rgbb7ehb49aydq7bdnwo,423.23%,25.41,/,125.5GiB,20.25%,1.13TB,/,1.32TB,164GB,/,4.26GB,679
2022-09-28 13:35:43,b02ff2144fbc,hadoop-slave1.1.slzc5rgbb7ehb49aydq7bdnwo,512.8%,25.41,/,125.5GiB,20.34%,1.13TB,/,1.32TB,164GB,/,4.26GB,679
2022-9-28 13:35:44,b02ff2144fbc,hadoop-slave1.1.slzc5rgbb7ehb49aydq7bdnwo,602.37%,25.65,/,125.5GiB,20.44%,1.13TB,/,1.32TB,164GB,/,4.26GB,679
2022-09-28 13:35:45,b02ff2144fbc,hadoop-slave1.1.slzc5rgbb7ehb49aydq7bdnwo,853.47%,25.65,/,125.5GiB,20.45%,1.13TB,/,1.32TB,164GB,/,4.26GB,679
2022-9-28 13:35:46,b02ff2144fbc,hadoop-slave1.1.slzc5rgbb7ehb49aydq7bdnwo,1104.57%,25.69,/,125.5GiB,20.47%,1.13TB,/,1.32TB,164GB,/,4.26GB,670
2022-09-28 13:35:47,b02ff2144fbc,hadoop-slave1.1.slzc5rgbb7ehb49aydq7bdnwo,861.3%,25.69,/,125.5GiB,20.48%,1.13TB,/,1.32TB,164GB,/,4.26GB,670
2022-9-28 13:35:48,b02ff2144fbc,hadoop-slave1.1.slzc5rgbb7ehb49aydq7bdnwo,618.03%,25.73,/,125.5GiB,20.50%,1.13TB,/,1.32TB,164GB,/,4.26GB,670
2022-09-28 13:35:49,b02ff2144fbc,hadoop-slave1.1.slzc5rgbb7ehb49aydq7bdnwo,1823.46%,25.73,/,125.5GiB,20.52%,1.13TB,/,1.32TB,164GB,/,4.26GB,670
2022-9-28 13:35:50,b02ff2144fbc,hadoop-slave1.1.slzc5rgbb7ehb49aydq7bdnwo,3028.89%,25.76,/,125.5GiB,20.53%,1.13TB,/,1.32TB,164GB,/,4.26GB,670
2022-09-28 13:35:51,b02ff2144fbc,hadoop-slave1.1.slzc5rgbb7ehb49aydq7bdnwo,1676.91%,25.76,/,125.5GiB,20.54%,1.13TB,/,1.32TB,164GB,/,4.26GB,670
2022-09-28 13:35:52,b02ff2144fbc,hadoop-slave1.1.slzc5rgbb7ehb49aydq7bdnwo,1676.91%,25.76,/,125.5GiB,20.54%,1.13TB,/,1.32TB,164GB,/,4.26GB,670
2022-9-28 13:35:53,b02ff2144fbc,hadoop-slave1.1.slzc5rgbb7ehb49aydq7bdnwo,324.94%,25.77,/,125.5GiB,20.54%,1.13TB,/,1.32TB,164GB,/,4.26GB,670
2022-09-28 13:35:54,b02ff2144fbc,hadoop-slave1.1.slzc5rgbb7ehb49aydq7bdnwo,627.42%,25.77,/,125.5GiB,20.54%,1.13TB,/,1.32TB,164GB,/,4.26GB,670
2022-9-28 13:35:55,b02ff2144fbc,hadoop-slave1.1.slzc5rgbb7ehb49aydq7bdnwo,929.91%,25.77,/,125.5GiB,20.53%,1.13TB,/,1.32TB,164GB,/,4.26GB,670
2022-09-28 13:35:56,b02ff2144fbc,hadoop-slave1.1.slzc5rgbb7ehb49aydq7bdnwo,611.06%,25.77,/,125.5GiB,20.52%,1.13TB,/,1.32TB,164GB,/,4.26GB,670
2022-9-28 13:35:57,b02ff2144fbc,hadoop-slave1.1.slzc5rgbb7ehb49aydq7bdnwo,292.21%,25.75,/,125.5GiB,20.52%,1.13TB,/,1.32TB,164GB,/,4.26GB,670
2022-09-28 13:35:58,b02ff2144fbc,hadoop-slave1.1.slzc5rgbb7ehb49aydq7bdnwo,196.48%,25.75,/,125.5GiB,20.52%,1.13TB,/,1.32TB,164GB,/,4.26GB,670
2022-9-28 13:35:59,b02ff2144fbc,hadoop-slave1.1.slzc5rgbb7ehb49aydq7bdnwo,100.75%,25.74,/,125.5GiB,20.51%,1.13TB,/,1.32TB,164GB,/,4.26GB,670
2022-09-28 13:36:00,b02ff2144fbc,hadoop-slave1.1.slzc5rgbb7ehb49aydq7bdnwo,101.41%,25.74,/,125.5GiB,20.51%,1.13TB,/,1.32TB,164GB,/,4.26GB,670
2022-9-28 13:36:01,b02ff2144fbc,hadoop-slave1.1.slzc5rgbb7ehb49aydq7bdnwo,102.07%,25.74,/,125.5GiB,20.51%,1.13TB,/,1.32TB,164GB,/,4.26GB,670
2022-09-28 13:36:02,b02ff2144fbc,hadoop-slave1.1.slzc5rgbb7ehb49aydq7bdnwo,105.83%,25.74,/,125.5GiB,20.52%,1.13TB,/,1.32TB,164GB,/,4.26GB,670
2022-9-28 13:36:03,b02ff2144fbc,hadoop-slave1.1.slzc5rgbb7ehb49aydq7bdnwo,109.60%,25.75,/,125.5GiB,20.52%,1.13TB,/,1.32TB,164GB,/,4.26GB,670
2022-09-28 13:36:04,b02ff2144fbc,hadoop-slave1.1.slzc5rgbb7ehb49aydq7bdnwo,105.19%,25.75,/,125.5GiB,20.52%,1.13TB,/,1.32TB,164GB,/,4.26GB,670
2022-9-28 13:36:05,b02ff2144fbc,hadoop-slave1.1.slzc5rgbb7ehb49aydq7bdnwo,100.78%,25.75,/,125.5GiB,20.52%,1.13TB,/,1.32TB,164GB,/,4.26GB,670
2022-09-28 13:36:06,b02ff2144fbc,hadoop-slave1.1.slzc5rgbb7ehb49aydq7bdnwo,286.38%,25.75,/,125.5GiB,20.51%,1.13TB,/,1.32TB,164GB,/,4.26GB,670
2022-9-28 13:36:07,b02ff2144fbc,hadoop-slave1.1.slzc5rgbb7ehb49aydq7bdnwo,471.99%,25.73,/,125.5GiB,20.50%,1.13TB,/,1.32TB,164GB,/,4.26GB,670
2022-09-28 13:36:08,b02ff2144fbc,hadoop-slave1.1.slzc5rgbb7ehb49aydq7bdnwo,236.43%,25.73,/,125.5GiB,20.5%,1.13TB,/,1.32TB,164GB,/,4.26GB,670
2022-9-28 13:36:09,b02ff2144fbc,hadoop-slave1.1.slzc5rgbb7ehb49aydq7bdnwo,0.87%,25.73,/,125.5GiB,20.50%,1.13TB,/,1.32TB,164GB,/,4.26GB,670
2022-09-28 13:36:10,b02ff2144fbc,hadoop-slave1.1.slzc5rgbb7ehb49aydq7bdnwo,1.01%,25.73,/,125.5GiB,20.5%,1.13TB,/,1.32TB,164GB,/,4.26GB,670
2022-9-28 13:36:11,b02ff2144fbc,hadoop-slave1.1.slzc5rgbb7ehb49aydq7bdnwo,1.15%,25.73,/,125.5GiB,20.50%,1.13TB,/,1.32TB,164GB,/,4.26GB,670
2022-09-28 13:36:12,b02ff2144fbc,hadoop-slave1.1.slzc5rgbb7ehb49aydq7bdnwo,1.32%,25.73,/,125.5GiB,20.5%,1.13TB,/,1.32TB,164GB,/,4.26GB,670
2022-9-28 13:36:13,b02ff2144fbc,hadoop-slave1.1.slzc5rgbb7ehb49aydq7bdnwo,1.49%,25.73,/,125.5GiB,20.50%,1.13TB,/,1.32TB,164GB,/,4.26GB,670
2022-09-28 13:36:14,b02ff2144fbc,hadoop-slave1.1.slzc5rgbb7ehb49aydq7bdnwo,1.27%,25.73,/,125.5GiB,20.5%,1.13TB,/,1.32TB,164GB,/,4.26GB,670
2022-9-28 13:36:15,b02ff2144fbc,hadoop-slave1.1.slzc5rgbb7ehb49aydq7bdnwo,1.05%,25.73,/,125.5GiB,20.50%,1.13TB,/,1.32TB,164GB,/,4.26GB,670
2022-09-28 13:36:16,b02ff2144fbc,hadoop-slave1.1.slzc5rgbb7ehb49aydq7bdnwo,0.96%,25.73,/,125.5GiB,20.5%,1.13TB,/,1.32TB,164GB,/,4.26GB,670
2022-9-28 13:36:17,b02ff2144fbc,hadoop-slave1.1.slzc5rgbb7ehb49aydq7bdnwo,0.87%,25.73,/,125.5GiB,20.50%,1.13TB,/,1.32TB,164GB,/,4.26GB,670
2022-09-28 13:36:18,b02ff2144fbc,hadoop-slave1.1.slzc5rgbb7ehb49aydq7bdnwo,1.05%,25.73,/,125.5GiB,20.5%,1.13TB,/,1.32TB,164GB,/,4.26GB,670
2022-9-28 13:36:19,b02ff2144fbc,hadoop-slave1.1.slzc5rgbb7ehb49aydq7bdnwo,1.23%,25.73,/,125.5GiB,20.50%,1.13TB,/,1.32TB,164GB,/,4.26GB,670
2022-09-28 13:36:20,b02ff2144fbc,hadoop-slave1.1.slzc5rgbb7ehb49aydq7bdnwo,1.3%,25.73,/,125.5GiB,20.5%,1.13TB,/,1.32TB,164GB,/,4.26GB,670
2022-9-28 13:36:21,b02ff2144fbc,hadoop-slave1.1.slzc5rgbb7ehb49aydq7bdnwo,1.38%,25.73,/,125.5GiB,20.50%,1.13TB,/,1.32TB,164GB,/,4.26GB,670
2022-09-28 13:36:22,b02ff2144fbc,hadoop-slave1.1.slzc5rgbb7ehb49aydq7bdnwo,1.21%,25.73,/,125.5GiB,20.5%,1.13TB,/,1.32TB,164GB,/,4.26GB,670
2022-9-28 13:36:23,b02ff2144fbc,hadoop-slave1.1.slzc5rgbb7ehb49aydq7bdnwo,1.03%,25.73,/,125.5GiB,20.50%,1.13TB,/,1.32TB,164GB,/,4.26GB,670
2022-09-28 13:36:24,b02ff2144fbc,hadoop-slave1.1.slzc5rgbb7ehb49aydq7bdnwo,1.04%,25.73,/,125.5GiB,20.5%,1.13TB,/,1.32TB,164GB,/,4.26GB,670
2022-9-28 13:36:25,b02ff2144fbc,hadoop-slave1.1.slzc5rgbb7ehb49aydq7bdnwo,1.06%,25.73,/,125.5GiB,20.50%,1.13TB,/,1.32TB,164GB,/,4.26GB,670
2022-09-28 13:36:26,b02ff2144fbc,hadoop-slave1.1.slzc5rgbb7ehb49aydq7bdnwo,215.22%,25.73,/,125.5GiB,20.52%,1.13TB,/,1.32TB,164GB,/,4.26GB,670
2022-9-28 13:36:27,b02ff2144fbc,hadoop-slave1.1.slzc5rgbb7ehb49aydq7bdnwo,429.38%,25.76,/,125.5GiB,20.53%,1.13TB,/,1.32TB,164GB,/,4.26GB,670
2022-09-28 13:36:28,b02ff2144fbc,hadoop-slave1.1.slzc5rgbb7ehb49aydq7bdnwo,416.12%,25.76,/,125.5GiB,20.53%,1.13TB,/,1.32TB,164GB,/,4.26GB,670
2022-9-28 13:36:29,b02ff2144fbc,hadoop-slave1.1.slzc5rgbb7ehb49aydq7bdnwo,402.85%,25.77,/,125.5GiB,20.53%,1.13TB,/,1.32TB,164GB,/,4.26GB,670
2022-09-28 13:36:30,b02ff2144fbc,hadoop-slave1.1.slzc5rgbb7ehb49aydq7bdnwo,323.43%,25.77,/,125.5GiB,20.54%,1.13TB,/,1.32TB,164GB,/,4.26GB,670
2022-9-28 13:36:31,b02ff2144fbc,hadoop-slave1.1.slzc5rgbb7ehb49aydq7bdnwo,244.01%,25.78,/,125.5GiB,20.55%,1.13TB,/,1.32TB,164GB,/,4.26GB,670
2022-09-28 13:36:32,b02ff2144fbc,hadoop-slave1.1.slzc5rgbb7ehb49aydq7bdnwo,238.34%,25.78,/,125.5GiB,20.55%,1.13TB,/,1.32TB,164GB,/,4.26GB,670
2022-9-28 13:36:33,b02ff2144fbc,hadoop-slave1.1.slzc5rgbb7ehb49aydq7bdnwo,232.67%,25.8,/,125.5GiB,20.55%,1.13TB,/,1.32TB,164GB,/,4.26GB,670
2022-09-28 13:36:34,b02ff2144fbc,hadoop-slave1.1.slzc5rgbb7ehb49aydq7bdnwo,243.52%,25.8,/,125.5GiB,20.55%,1.13TB,/,1.32TB,164GB,/,4.26GB,670
2022-9-28 13:36:35,b02ff2144fbc,hadoop-slave1.1.slzc5rgbb7ehb49aydq7bdnwo,254.38%,25.8,/,125.5GiB,20.56%,1.13TB,/,1.32TB,164GB,/,4.26GB,670
2022-09-28 13:36:36,b02ff2144fbc,hadoop-slave1.1.slzc5rgbb7ehb49aydq7bdnwo,307.78%,25.8,/,125.5GiB,20.56%,1.13TB,/,1.32TB,164GB,/,4.26GB,670
2022-9-28 13:36:37,b02ff2144fbc,hadoop-slave1.1.slzc5rgbb7ehb49aydq7bdnwo,361.19%,25.81,/,125.5GiB,20.57%,1.13TB,/,1.32TB,164GB,/,4.26GB,670
2022-09-28 13:36:38,b02ff2144fbc,hadoop-slave1.1.slzc5rgbb7ehb49aydq7bdnwo,271.12%,25.81,/,125.5GiB,20.56%,1.13TB,/,1.32TB,164GB,/,4.26GB,670
2022-9-28 13:36:39,b02ff2144fbc,hadoop-slave1.1.slzc5rgbb7ehb49aydq7bdnwo,181.05%,25.8,/,125.5GiB,20.56%,1.13TB,/,1.32TB,164GB,/,4.26GB,670
2022-09-28 13:36:40,b02ff2144fbc,hadoop-slave1.1.slzc5rgbb7ehb49aydq7bdnwo,137.44%,25.8,/,125.5GiB,20.56%,1.13TB,/,1.32TB,164GB,/,4.26GB,670
2022-9-28 13:36:41,b02ff2144fbc,hadoop-slave1.1.slzc5rgbb7ehb49aydq7bdnwo,93.83%,25.8,/,125.5GiB,20.56%,1.13TB,/,1.32TB,164GB,/,4.26GB,670
2022-09-28 13:36:42,b02ff2144fbc,hadoop-slave1.1.slzc5rgbb7ehb49aydq7bdnwo,333.64%,25.8,/,125.5GiB,20.56%,1.13TB,/,1.32TB,164GB,/,4.26GB,670
2022-9-28 13:36:43,b02ff2144fbc,hadoop-slave1.1.slzc5rgbb7ehb49aydq7bdnwo,573.44%,25.8,/,125.5GiB,20.56%,1.13TB,/,1.32TB,164GB,/,4.26GB,670
2022-09-28 13:36:44,b02ff2144fbc,hadoop-slave1.1.slzc5rgbb7ehb49aydq7bdnwo,599.98%,25.8,/,125.5GiB,20.55%,1.13TB,/,1.32TB,164GB,/,4.26GB,670
2022-9-28 13:36:45,b02ff2144fbc,hadoop-slave1.1.slzc5rgbb7ehb49aydq7bdnwo,626.52%,25.79,/,125.5GiB,20.55%,1.13TB,/,1.32TB,164GB,/,4.26GB,670
2022-09-28 13:36:46,b02ff2144fbc,hadoop-slave1.1.slzc5rgbb7ehb49aydq7bdnwo,313.88%,25.79,/,125.5GiB,20.55%,1.13TB,/,1.32TB,164GB,/,4.26GB,670
2022-9-28 13:36:47,b02ff2144fbc,hadoop-slave1.1.slzc5rgbb7ehb49aydq7bdnwo,1.25%,25.79,/,125.5GiB,20.55%,1.13TB,/,1.32TB,164GB,/,4.26GB,670
2022-09-28 13:36:48,b02ff2144fbc,hadoop-slave1.1.slzc5rgbb7ehb49aydq7bdnwo,135.18%,25.79,/,125.5GiB,20.55%,1.13TB,/,1.32TB,164GB,/,4.26GB,670
2022-9-28 13:36:49,b02ff2144fbc,hadoop-slave1.1.slzc5rgbb7ehb49aydq7bdnwo,269.10%,25.79,/,125.5GiB,20.55%,1.13TB,/,1.32TB,164GB,/,4.26GB,670
2022-09-28 13:36:50,b02ff2144fbc,hadoop-slave1.1.slzc5rgbb7ehb49aydq7bdnwo,167.21%,25.79,/,125.5GiB,20.55%,1.13TB,/,1.32TB,164GB,/,4.26GB,670
2022-9-28 13:36:51,b02ff2144fbc,hadoop-slave1.1.slzc5rgbb7ehb49aydq7bdnwo,65.31%,25.78,/,125.5GiB,20.54%,1.13TB,/,1.32TB,164GB,/,4.26GB,670
2022-09-28 13:36:52,b02ff2144fbc,hadoop-slave1.1.slzc5rgbb7ehb49aydq7bdnwo,1093.0%,25.78,/,125.5GiB,20.63%,1.13TB,/,1.32TB,164GB,/,4.26GB,670
2022-9-28 13:36:53,b02ff2144fbc,hadoop-slave1.1.slzc5rgbb7ehb49aydq7bdnwo,2120.69%,26,/,125.5GiB,20.72%,1.13TB,/,1.32TB,164GB,/,4.26GB,700
2022-09-28 13:36:54,b02ff2144fbc,hadoop-slave1.1.slzc5rgbb7ehb49aydq7bdnwo,2043.67%,26,/,125.5GiB,20.89%,1.13TB,/,1.32TB,164GB,/,4.26GB,700
2022-9-28 13:36:55,b02ff2144fbc,hadoop-slave1.1.slzc5rgbb7ehb49aydq7bdnwo,1966.65%,26.42,/,125.5GiB,21.06%,1.13TB,/,1.32TB,164GB,/,4.26GB,700
2022-09-28 13:36:56,b02ff2144fbc,hadoop-slave1.1.slzc5rgbb7ehb49aydq7bdnwo,1952.49%,26.42,/,125.5GiB,21.19%,1.13TB,/,1.32TB,164GB,/,4.26GB,700
2022-9-28 13:36:57,b02ff2144fbc,hadoop-slave1.1.slzc5rgbb7ehb49aydq7bdnwo,1938.33%,26.76,/,125.5GiB,21.32%,1.13TB,/,1.32TB,164GB,/,4.26GB,695
2022-09-28 13:36:58,b02ff2144fbc,hadoop-slave1.1.slzc5rgbb7ehb49aydq7bdnwo,1777.26%,26.76,/,125.5GiB,21.45%,1.13TB,/,1.32TB,164GB,/,4.26GB,695
2022-09-28 13:36:59,b02ff2144fbc,hadoop-slave1.1.slzc5rgbb7ehb49aydq7bdnwo,1777.26%,26.76,/,125.5GiB,21.45%,1.13TB,/,1.32TB,164GB,/,4.26GB,695
2022-9-28 13:37:00,b02ff2144fbc,hadoop-slave1.1.slzc5rgbb7ehb49aydq7bdnwo,1616.18%,27.09,/,125.5GiB,21.59%,1.13TB,/,1.32TB,164GB,/,4.26GB,691
2022-09-28 13:37:01,b02ff2144fbc,hadoop-slave1.1.slzc5rgbb7ehb49aydq7bdnwo,808.55%,27.09,/,125.5GiB,21.59%,1.13TB,/,1.32TB,164GB,/,4.26GB,691
2022-9-28 13:37:02,b02ff2144fbc,hadoop-slave1.1.slzc5rgbb7ehb49aydq7bdnwo,0.92%,27.09,/,125.5GiB,21.59%,1.13TB,/,1.32TB,164GB,/,4.26GB,685
2022-09-28 13:37:03,b02ff2144fbc,hadoop-slave1.1.slzc5rgbb7ehb49aydq7bdnwo,145.03%,27.09,/,125.5GiB,21.64%,1.13TB,/,1.32TB,164GB,/,4.26GB,685
2022-9-28 13:37:04,b02ff2144fbc,hadoop-slave1.1.slzc5rgbb7ehb49aydq7bdnwo,289.14%,27.22,/,125.5GiB,21.69%,1.13TB,/,1.32TB,164GB,/,4.26GB,685
2022-09-28 13:37:05,b02ff2144fbc,hadoop-slave1.1.slzc5rgbb7ehb49aydq7bdnwo,246.2%,27.22,/,125.5GiB,21.84%,1.13TB,/,1.32TB,164GB,/,4.26GB,685
2022-9-28 13:37:06,b02ff2144fbc,hadoop-slave1.1.slzc5rgbb7ehb49aydq7bdnwo,203.26%,27.61,/,125.5GiB,22.00%,1.13TB,/,1.32TB,164GB,/,4.26GB,685
2022-09-28 13:37:07,b02ff2144fbc,hadoop-slave1.1.slzc5rgbb7ehb49aydq7bdnwo,203.41%,27.61,/,125.5GiB,22.17%,1.13TB,/,1.32TB,164GB,/,4.26GB,685
2022-9-28 13:37:08,b02ff2144fbc,hadoop-slave1.1.slzc5rgbb7ehb49aydq7bdnwo,203.57%,28.03,/,125.5GiB,22.34%,1.13TB,/,1.32TB,164GB,/,4.26GB,685
2022-09-28 13:37:09,b02ff2144fbc,hadoop-slave1.1.slzc5rgbb7ehb49aydq7bdnwo,197.22%,28.03,/,125.5GiB,22.51%,1.13TB,/,1.32TB,164GB,/,4.26GB,685
2022-9-28 13:37:10,b02ff2144fbc,hadoop-slave1.1.slzc5rgbb7ehb49aydq7bdnwo,190.87%,28.45,/,125.5GiB,22.67%,1.13TB,/,1.32TB,164GB,/,4.26GB,682
2022-09-28 13:37:11,b02ff2144fbc,hadoop-slave1.1.slzc5rgbb7ehb49aydq7bdnwo,162.04%,28.45,/,125.5GiB,22.8%,1.13TB,/,1.32TB,164GB,/,4.26GB,682
2022-9-28 13:37:12,b02ff2144fbc,hadoop-slave1.1.slzc5rgbb7ehb49aydq7bdnwo,133.21%,28.76,/,125.5GiB,22.92%,1.13TB,/,1.32TB,164GB,/,4.26GB,682
2022-09-28 13:37:13,b02ff2144fbc,hadoop-slave1.1.slzc5rgbb7ehb49aydq7bdnwo,1038.38%,28.76,/,125.5GiB,22.99%,1.13TB,/,1.32TB,164GB,/,4.26GB,682
2022-9-28 13:37:14,b02ff2144fbc,hadoop-slave1.1.slzc5rgbb7ehb49aydq7bdnwo,1943.55%,28.94,/,125.5GiB,23.06%,1.13TB,/,1.32TB,164GB,/,4.26GB,682
2022-09-28 13:37:15,b02ff2144fbc,hadoop-slave1.1.slzc5rgbb7ehb49aydq7bdnwo,1119.18%,28.94,/,125.5GiB,23.06%,1.13TB,/,1.32TB,164GB,/,4.26GB,682
2022-9-28 13:37:16,b02ff2144fbc,hadoop-slave1.1.slzc5rgbb7ehb49aydq7bdnwo,294.82%,28.94,/,125.5GiB,23.06%,1.13TB,/,1.32TB,164GB,/,4.26GB,682
2022-09-28 13:37:17,b02ff2144fbc,hadoop-slave1.1.slzc5rgbb7ehb49aydq7bdnwo,326.22%,28.94,/,125.5GiB,23.07%,1.13TB,/,1.32TB,164GB,/,4.26GB,682
2022-9-28 13:37:18,b02ff2144fbc,hadoop-slave1.1.slzc5rgbb7ehb49aydq7bdnwo,357.61%,28.96,/,125.5GiB,23.08%,1.13TB,/,1.32TB,164GB,/,4.26GB,682
2022-09-28 13:37:19,b02ff2144fbc,hadoop-slave1.1.slzc5rgbb7ehb49aydq7bdnwo,456.75%,28.96,/,125.5GiB,23.1%,1.13TB,/,1.32TB,164GB,/,4.26GB,682
2022-9-28 13:37:20,b02ff2144fbc,hadoop-slave1.1.slzc5rgbb7ehb49aydq7bdnwo,555.89%,29.02,/,125.5GiB,23.12%,1.13TB,/,1.32TB,164GB,/,4.26GB,682
2022-09-28 13:37:21,b02ff2144fbc,hadoop-slave1.1.slzc5rgbb7ehb49aydq7bdnwo,515.52%,29.02,/,125.5GiB,23.14%,1.13TB,/,1.32TB,164GB,/,4.26GB,682
2022-9-28 13:37:22,b02ff2144fbc,hadoop-slave1.1.slzc5rgbb7ehb49aydq7bdnwo,475.15%,29.07,/,125.5GiB,23.16%,1.13TB,/,1.32TB,164GB,/,4.26GB,682
2022-09-28 13:37:23,b02ff2144fbc,hadoop-slave1.1.slzc5rgbb7ehb49aydq7bdnwo,390.35%,29.07,/,125.5GiB,23.18%,1.13TB,/,1.32TB,164GB,/,4.26GB,682
2022-9-28 13:37:24,b02ff2144fbc,hadoop-slave1.1.slzc5rgbb7ehb49aydq7bdnwo,305.54%,29.1,/,125.5GiB,23.19%,1.13TB,/,1.32TB,164GB,/,4.26GB,682
2022-09-28 13:37:25,b02ff2144fbc,hadoop-slave1.1.slzc5rgbb7ehb49aydq7bdnwo,1079.19%,29.1,/,125.5GiB,23.2%,1.13TB,/,1.32TB,164GB,/,4.26GB,682
2022-9-28 13:37:26,b02ff2144fbc,hadoop-slave1.1.slzc5rgbb7ehb49aydq7bdnwo,1852.84%,29.14,/,125.5GiB,23.22%,1.13TB,/,1.32TB,164GB,/,4.26GB,682
2022-09-28 13:37:27,b02ff2144fbc,hadoop-slave1.1.slzc5rgbb7ehb49aydq7bdnwo,1078.63%,29.14,/,125.5GiB,23.24%,1.13TB,/,1.32TB,164GB,/,4.26GB,682
2022-9-28 13:37:28,b02ff2144fbc,hadoop-slave1.1.slzc5rgbb7ehb49aydq7bdnwo,304.43%,29.2,/,125.5GiB,23.27%,1.13TB,/,1.32TB,164GB,/,4.26GB,682
2022-09-28 13:37:29,b02ff2144fbc,hadoop-slave1.1.slzc5rgbb7ehb49aydq7bdnwo,286.75%,29.2,/,125.5GiB,23.27%,1.13TB,/,1.32TB,164GB,/,4.26GB,682
2022-9-28 13:37:30,b02ff2144fbc,hadoop-slave1.1.slzc5rgbb7ehb49aydq7bdnwo,269.06%,29.21,/,125.5GiB,23.27%,1.13TB,/,1.32TB,164GB,/,4.26GB,682
2022-09-28 13:37:31,b02ff2144fbc,hadoop-slave1.1.slzc5rgbb7ehb49aydq7bdnwo,286.18%,29.21,/,125.5GiB,23.29%,1.13TB,/,1.32TB,164GB,/,4.26GB,682
2022-9-28 13:37:32,b02ff2144fbc,hadoop-slave1.1.slzc5rgbb7ehb49aydq7bdnwo,303.29%,29.24,/,125.5GiB,23.30%,1.13TB,/,1.32TB,164GB,/,4.26GB,682
2022-09-28 13:37:33,b02ff2144fbc,hadoop-slave1.1.slzc5rgbb7ehb49aydq7bdnwo,625.13%,29.24,/,125.5GiB,23.29%,1.13TB,/,1.32TB,164GB,/,4.26GB,682
2022-9-28 13:37:34,b02ff2144fbc,hadoop-slave1.1.slzc5rgbb7ehb49aydq7bdnwo,946.98%,29.21,/,125.5GiB,23.28%,1.13TB,/,1.32TB,164GB,/,4.26GB,682
2022-09-28 13:37:35,b02ff2144fbc,hadoop-slave1.1.slzc5rgbb7ehb49aydq7bdnwo,880.62%,29.21,/,125.5GiB,23.34%,1.13TB,/,1.32TB,164GB,/,4.26GB,682
2022-9-28 13:37:36,b02ff2144fbc,hadoop-slave1.1.slzc5rgbb7ehb49aydq7bdnwo,814.27%,29.37,/,125.5GiB,23.40%,1.13TB,/,1.32TB,164GB,/,4.26GB,682
2022-09-28 13:37:37,b02ff2144fbc,hadoop-slave1.1.slzc5rgbb7ehb49aydq7bdnwo,666.73%,29.37,/,125.5GiB,23.42%,1.13TB,/,1.32TB,164GB,/,4.26GB,682
2022-9-28 13:37:38,b02ff2144fbc,hadoop-slave1.1.slzc5rgbb7ehb49aydq7bdnwo,519.19%,29.41,/,125.5GiB,23.44%,1.13TB,/,1.32TB,164GB,/,4.26GB,682
2022-09-28 13:37:39,b02ff2144fbc,hadoop-slave1.1.slzc5rgbb7ehb49aydq7bdnwo,456.44%,29.41,/,125.5GiB,23.45%,1.13TB,/,1.32TB,164GB,/,4.26GB,682
2022-9-28 13:37:40,b02ff2144fbc,hadoop-slave1.1.slzc5rgbb7ehb49aydq7bdnwo,393.68%,29.45,/,125.5GiB,23.47%,1.13TB,/,1.32TB,164GB,/,4.26GB,682
2022-09-28 13:37:41,b02ff2144fbc,hadoop-slave1.1.slzc5rgbb7ehb49aydq7bdnwo,362.33%,29.45,/,125.5GiB,23.48%,1.13TB,/,1.32TB,164GB,/,4.26GB,682
2022-9-28 13:37:42,b02ff2144fbc,hadoop-slave1.1.slzc5rgbb7ehb49aydq7bdnwo,330.97%,29.49,/,125.5GiB,23.50%,1.13TB,/,1.32TB,164GB,/,4.26GB,682
2022-09-28 13:37:43,b02ff2144fbc,hadoop-slave1.1.slzc5rgbb7ehb49aydq7bdnwo,336.5%,29.49,/,125.5GiB,23.51%,1.13TB,/,1.32TB,164GB,/,4.26GB,682
2022-9-28 13:37:44,b02ff2144fbc,hadoop-slave1.1.slzc5rgbb7ehb49aydq7bdnwo,342.02%,29.51,/,125.5GiB,23.51%,1.13TB,/,1.32TB,164GB,/,4.26GB,682
2022-09-28 13:37:45,b02ff2144fbc,hadoop-slave1.1.slzc5rgbb7ehb49aydq7bdnwo,308.0%,29.51,/,125.5GiB,23.52%,1.13TB,/,1.32TB,164GB,/,4.26GB,682
2022-9-28 13:37:46,b02ff2144fbc,hadoop-slave1.1.slzc5rgbb7ehb49aydq7bdnwo,273.99%,29.53,/,125.5GiB,23.53%,1.13TB,/,1.32TB,164GB,/,4.26GB,682
2022-09-28 13:37:47,b02ff2144fbc,hadoop-slave1.1.slzc5rgbb7ehb49aydq7bdnwo,299.12%,29.53,/,125.5GiB,23.54%,1.13TB,/,1.32TB,164GB,/,4.26GB,682
2022-9-28 13:37:48,b02ff2144fbc,hadoop-slave1.1.slzc5rgbb7ehb49aydq7bdnwo,324.25%,29.54,/,125.5GiB,23.54%,1.13TB,/,1.32TB,164GB,/,4.26GB,682
2022-09-28 13:37:49,b02ff2144fbc,hadoop-slave1.1.slzc5rgbb7ehb49aydq7bdnwo,332.22%,29.54,/,125.5GiB,23.55%,1.13TB,/,1.32TB,164GB,/,4.26GB,682
2022-9-28 13:37:50,b02ff2144fbc,hadoop-slave1.1.slzc5rgbb7ehb49aydq7bdnwo,340.19%,29.57,/,125.5GiB,23.56%,1.13TB,/,1.32TB,164GB,/,4.26GB,682
2022-09-28 13:37:51,b02ff2144fbc,hadoop-slave1.1.slzc5rgbb7ehb49aydq7bdnwo,379.66%,29.57,/,125.5GiB,23.57%,1.13TB,/,1.32TB,164GB,/,4.26GB,682
2022-9-28 13:37:52,b02ff2144fbc,hadoop-slave1.1.slzc5rgbb7ehb49aydq7bdnwo,419.13%,29.59,/,125.5GiB,23.58%,1.13TB,/,1.32TB,164GB,/,4.26GB,682
2022-09-28 13:37:53,b02ff2144fbc,hadoop-slave1.1.slzc5rgbb7ehb49aydq7bdnwo,364.26%,29.59,/,125.5GiB,23.59%,1.13TB,/,1.32TB,164GB,/,4.26GB,682
2022-09-28 13:37:54,b02ff2144fbc,hadoop-slave1.1.slzc5rgbb7ehb49aydq7bdnwo,364.26%,29.59,/,125.5GiB,23.59%,1.13TB,/,1.32TB,164GB,/,4.26GB,682
2022-9-28 13:37:55,b02ff2144fbc,hadoop-slave1.1.slzc5rgbb7ehb49aydq7bdnwo,309.39%,29.6,/,125.5GiB,23.59%,1.14TB,/,1.32TB,164GB,/,4.26GB,682
2022-09-28 13:37:56,b02ff2144fbc,hadoop-slave1.1.slzc5rgbb7ehb49aydq7bdnwo,257.19%,29.6,/,125.5GiB,23.55%,1.14TB,/,1.32TB,164GB,/,4.26GB,682
2022-9-28 13:37:57,b02ff2144fbc,hadoop-slave1.1.slzc5rgbb7ehb49aydq7bdnwo,204.99%,29.5,/,125.5GiB,23.50%,1.14TB,/,1.32TB,164GB,/,4.26GB,682
2022-09-28 13:37:58,b02ff2144fbc,hadoop-slave1.1.slzc5rgbb7ehb49aydq7bdnwo,247.02%,29.5,/,125.5GiB,23.52%,1.14TB,/,1.32TB,164GB,/,4.26GB,682
2022-9-28 13:37:59,b02ff2144fbc,hadoop-slave1.1.slzc5rgbb7ehb49aydq7bdnwo,289.04%,29.54,/,125.5GiB,23.53%,1.14TB,/,1.32TB,164GB,/,4.26GB,682
2022-09-28 13:38:00,b02ff2144fbc,hadoop-slave1.1.slzc5rgbb7ehb49aydq7bdnwo,255.65%,29.54,/,125.5GiB,23.52%,1.14TB,/,1.32TB,164GB,/,4.26GB,682
2022-9-28 13:38:01,b02ff2144fbc,hadoop-slave1.1.slzc5rgbb7ehb49aydq7bdnwo,222.26%,29.5,/,125.5GiB,23.51%,1.14TB,/,1.32TB,164GB,/,4.26GB,679
2022-09-28 13:38:02,b02ff2144fbc,hadoop-slave1.1.slzc5rgbb7ehb49aydq7bdnwo,205.19%,29.5,/,125.5GiB,23.51%,1.14TB,/,1.32TB,164GB,/,4.26GB,679
2022-9-28 13:38:03,b02ff2144fbc,hadoop-slave1.1.slzc5rgbb7ehb49aydq7bdnwo,188.11%,29.51,/,125.5GiB,23.51%,1.14TB,/,1.32TB,164GB,/,4.26GB,679
2022-09-28 13:38:04,b02ff2144fbc,hadoop-slave1.1.slzc5rgbb7ehb49aydq7bdnwo,216.12%,29.51,/,125.5GiB,23.51%,1.14TB,/,1.32TB,164GB,/,4.26GB,679
2022-9-28 13:38:05,b02ff2144fbc,hadoop-slave1.1.slzc5rgbb7ehb49aydq7bdnwo,244.12%,29.5,/,125.5GiB,23.51%,1.14TB,/,1.32TB,164GB,/,4.26GB,679
2022-09-28 13:38:06,b02ff2144fbc,hadoop-slave1.1.slzc5rgbb7ehb49aydq7bdnwo,218.9%,29.5,/,125.5GiB,23.52%,1.14TB,/,1.32TB,164GB,/,4.26GB,679
2022-9-28 13:38:07,b02ff2144fbc,hadoop-slave1.1.slzc5rgbb7ehb49aydq7bdnwo,193.68%,29.53,/,125.5GiB,23.53%,1.14TB,/,1.32TB,164GB,/,4.26GB,679
2022-09-28 13:38:08,b02ff2144fbc,hadoop-slave1.1.slzc5rgbb7ehb49aydq7bdnwo,177.93%,29.53,/,125.5GiB,23.54%,1.14TB,/,1.32TB,164GB,/,4.26GB,679
2022-9-28 13:38:09,b02ff2144fbc,hadoop-slave1.1.slzc5rgbb7ehb49aydq7bdnwo,162.18%,29.54,/,125.5GiB,23.54%,1.14TB,/,1.32TB,164GB,/,4.26GB,679
2022-09-28 13:38:10,b02ff2144fbc,hadoop-slave1.1.slzc5rgbb7ehb49aydq7bdnwo,187.82%,29.54,/,125.5GiB,23.55%,1.14TB,/,1.32TB,164GB,/,4.26GB,679
2022-9-28 13:38:11,b02ff2144fbc,hadoop-slave1.1.slzc5rgbb7ehb49aydq7bdnwo,213.46%,29.55,/,125.5GiB,23.55%,1.14TB,/,1.32TB,164GB,/,4.26GB,679
2022-09-28 13:38:12,b02ff2144fbc,hadoop-slave1.1.slzc5rgbb7ehb49aydq7bdnwo,918.23%,29.55,/,125.5GiB,23.56%,1.14TB,/,1.32TB,164GB,/,4.26GB,679
2022-9-28 13:38:13,b02ff2144fbc,hadoop-slave1.1.slzc5rgbb7ehb49aydq7bdnwo,1622.99%,29.59,/,125.5GiB,23.58%,1.14TB,/,1.32TB,164GB,/,4.26GB,679
2022-09-28 13:38:14,b02ff2144fbc,hadoop-slave1.1.slzc5rgbb7ehb49aydq7bdnwo,1088.88%,29.59,/,125.5GiB,23.6%,1.14TB,/,1.32TB,164GB,/,4.26GB,679
2022-9-28 13:38:15,b02ff2144fbc,hadoop-slave1.1.slzc5rgbb7ehb49aydq7bdnwo,554.76%,29.65,/,125.5GiB,23.63%,1.14TB,/,1.32TB,164GB,/,4.26GB,679
2022-09-28 13:38:16,b02ff2144fbc,hadoop-slave1.1.slzc5rgbb7ehb49aydq7bdnwo,1074.11%,29.65,/,125.5GiB,23.71%,1.14TB,/,1.32TB,164GB,/,4.26GB,679
2022-9-28 13:38:17,b02ff2144fbc,hadoop-slave1.1.slzc5rgbb7ehb49aydq7bdnwo,1593.45%,29.86,/,125.5GiB,23.79%,1.14TB,/,1.32TB,164GB,/,4.26GB,679
2022-09-28 13:38:18,b02ff2144fbc,hadoop-slave1.1.slzc5rgbb7ehb49aydq7bdnwo,1014.98%,29.86,/,125.5GiB,23.82%,1.14TB,/,1.32TB,164GB,/,4.26GB,679
2022-9-28 13:38:19,b02ff2144fbc,hadoop-slave1.1.slzc5rgbb7ehb49aydq7bdnwo,436.51%,29.93,/,125.5GiB,23.85%,1.14TB,/,1.32TB,164GB,/,4.26GB,679
2022-09-28 13:38:20,b02ff2144fbc,hadoop-slave1.1.slzc5rgbb7ehb49aydq7bdnwo,431.82%,29.93,/,125.5GiB,23.89%,1.14TB,/,1.32TB,164GB,/,4.26GB,679
2022-9-28 13:38:21,b02ff2144fbc,hadoop-slave1.1.slzc5rgbb7ehb49aydq7bdnwo,427.13%,30.03,/,125.5GiB,23.93%,1.14TB,/,1.32TB,164GB,/,4.26GB,679
2022-09-28 13:38:22,b02ff2144fbc,hadoop-slave1.1.slzc5rgbb7ehb49aydq7bdnwo,487.48%,30.03,/,125.5GiB,23.98%,1.14TB,/,1.32TB,164GB,/,4.26GB,679
2022-9-28 13:38:23,b02ff2144fbc,hadoop-slave1.1.slzc5rgbb7ehb49aydq7bdnwo,547.82%,30.15,/,125.5GiB,24.02%,1.14TB,/,1.32TB,164GB,/,4.26GB,679
2022-09-28 13:38:24,b02ff2144fbc,hadoop-slave1.1.slzc5rgbb7ehb49aydq7bdnwo,522.7%,30.15,/,125.5GiB,24.07%,1.14TB,/,1.32TB,164GB,/,4.26GB,679
2022-9-28 13:38:25,b02ff2144fbc,hadoop-slave1.1.slzc5rgbb7ehb49aydq7bdnwo,497.58%,30.27,/,125.5GiB,24.12%,1.14TB,/,1.32TB,164GB,/,4.26GB,679
2022-09-28 13:38:26,b02ff2144fbc,hadoop-slave1.1.slzc5rgbb7ehb49aydq7bdnwo,439.53%,30.27,/,125.5GiB,24.18%,1.14TB,/,1.32TB,164GB,/,4.26GB,679
2022-9-28 13:38:27,b02ff2144fbc,hadoop-slave1.1.slzc5rgbb7ehb49aydq7bdnwo,381.48%,30.41,/,125.5GiB,24.23%,1.14TB,/,1.33TB,164GB,/,4.26GB,679
2022-09-28 13:38:28,b02ff2144fbc,hadoop-slave1.1.slzc5rgbb7ehb49aydq7bdnwo,300.39%,30.41,/,125.5GiB,24.31%,1.14TB,/,1.33TB,164GB,/,4.26GB,679
2022-9-28 13:38:29,b02ff2144fbc,hadoop-slave1.1.slzc5rgbb7ehb49aydq7bdnwo,219.31%,30.62,/,125.5GiB,24.40%,1.14TB,/,1.33TB,164GB,/,4.26GB,679
2022-09-28 13:38:30,b02ff2144fbc,hadoop-slave1.1.slzc5rgbb7ehb49aydq7bdnwo,307.16%,30.62,/,125.5GiB,24.48%,1.14TB,/,1.33TB,164GB,/,4.26GB,679
2022-9-28 13:38:31,b02ff2144fbc,hadoop-slave1.1.slzc5rgbb7ehb49aydq7bdnwo,395.02%,30.84,/,125.5GiB,24.57%,1.14TB,/,1.33TB,164GB,/,4.26GB,679
2022-09-28 13:38:32,b02ff2144fbc,hadoop-slave1.1.slzc5rgbb7ehb49aydq7bdnwo,489.67%,30.84,/,125.5GiB,24.69%,1.14TB,/,1.33TB,164GB,/,4.26GB,679
2022-9-28 13:38:33,b02ff2144fbc,hadoop-slave1.1.slzc5rgbb7ehb49aydq7bdnwo,584.32%,31.14,/,125.5GiB,24.81%,1.14TB,/,1.33TB,164GB,/,4.26GB,679
2022-09-28 13:38:34,b02ff2144fbc,hadoop-slave1.1.slzc5rgbb7ehb49aydq7bdnwo,445.57%,31.14,/,125.5GiB,24.89%,1.14TB,/,1.33TB,164GB,/,4.26GB,679
2022-9-28 13:38:35,b02ff2144fbc,hadoop-slave1.1.slzc5rgbb7ehb49aydq7bdnwo,306.81%,31.34,/,125.5GiB,24.97%,1.14TB,/,1.33TB,164GB,/,4.26GB,679
2022-09-28 13:38:36,b02ff2144fbc,hadoop-slave1.1.slzc5rgbb7ehb49aydq7bdnwo,293.51%,31.34,/,125.5GiB,25.04%,1.14TB,/,1.33TB,164GB,/,4.26GB,679
2022-9-28 13:38:37,b02ff2144fbc,hadoop-slave1.1.slzc5rgbb7ehb49aydq7bdnwo,280.21%,31.52,/,125.5GiB,25.11%,1.14TB,/,1.33TB,164GB,/,4.26GB,679
2022-09-28 13:38:38,b02ff2144fbc,hadoop-slave1.1.slzc5rgbb7ehb49aydq7bdnwo,259.7%,31.52,/,125.5GiB,25.18%,1.14TB,/,1.33TB,164GB,/,4.26GB,679
2022-9-28 13:38:39,b02ff2144fbc,hadoop-slave1.1.slzc5rgbb7ehb49aydq7bdnwo,239.19%,31.69,/,125.5GiB,25.25%,1.14TB,/,1.33TB,164GB,/,4.26GB,679
2022-09-28 13:38:40,b02ff2144fbc,hadoop-slave1.1.slzc5rgbb7ehb49aydq7bdnwo,180.28%,31.69,/,125.5GiB,25.3%,1.14TB,/,1.33TB,164GB,/,4.26GB,679
2022-9-28 13:38:41,b02ff2144fbc,hadoop-slave1.1.slzc5rgbb7ehb49aydq7bdnwo,121.37%,31.82,/,125.5GiB,25.36%,1.14TB,/,1.33TB,164GB,/,4.26GB,679
2022-09-28 13:38:42,b02ff2144fbc,hadoop-slave1.1.slzc5rgbb7ehb49aydq7bdnwo,143.77%,31.82,/,125.5GiB,25.41%,1.14TB,/,1.33TB,164GB,/,4.26GB,679
2022-9-28 13:38:43,b02ff2144fbc,hadoop-slave1.1.slzc5rgbb7ehb49aydq7bdnwo,166.17%,31.96,/,125.5GiB,25.47%,1.14TB,/,1.33TB,164GB,/,4.26GB,679
2022-09-28 13:38:44,b02ff2144fbc,hadoop-slave1.1.slzc5rgbb7ehb49aydq7bdnwo,216.76%,31.96,/,125.5GiB,25.55%,1.14TB,/,1.33TB,164GB,/,4.26GB,679
2022-9-28 13:38:45,b02ff2144fbc,hadoop-slave1.1.slzc5rgbb7ehb49aydq7bdnwo,267.35%,32.18,/,125.5GiB,25.64%,1.14TB,/,1.33TB,164GB,/,4.26GB,670
2022-09-28 13:38:46,b02ff2144fbc,hadoop-slave1.1.slzc5rgbb7ehb49aydq7bdnwo,270.06%,32.18,/,125.5GiB,25.72%,1.14TB,/,1.33TB,164GB,/,4.26GB,670
2022-9-28 13:38:47,b02ff2144fbc,hadoop-slave1.1.slzc5rgbb7ehb49aydq7bdnwo,272.76%,32.38,/,125.5GiB,25.80%,1.14TB,/,1.33TB,164GB,/,4.26GB,670
2022-09-28 13:38:48,b02ff2144fbc,hadoop-slave1.1.slzc5rgbb7ehb49aydq7bdnwo,319.91%,32.38,/,125.5GiB,25.91%,1.14TB,/,1.33TB,164GB,/,4.26GB,670
2022-9-28 13:38:49,b02ff2144fbc,hadoop-slave1.1.slzc5rgbb7ehb49aydq7bdnwo,367.06%,32.67,/,125.5GiB,26.03%,1.14TB,/,1.33TB,164GB,/,4.26GB,670
2022-09-28 13:38:50,b02ff2144fbc,hadoop-slave1.1.slzc5rgbb7ehb49aydq7bdnwo,474.09%,32.67,/,125.5GiB,26.11%,1.14TB,/,1.33TB,164GB,/,4.26GB,670
2022-9-28 13:38:51,b02ff2144fbc,hadoop-slave1.1.slzc5rgbb7ehb49aydq7bdnwo,581.11%,32.86,/,125.5GiB,26.19%,1.14TB,/,1.33TB,164GB,/,4.26GB,670
2022-09-28 13:38:52,b02ff2144fbc,hadoop-slave1.1.slzc5rgbb7ehb49aydq7bdnwo,518.41%,32.86,/,125.5GiB,26.23%,1.14TB,/,1.33TB,164GB,/,4.26GB,670
2022-9-28 13:38:53,b02ff2144fbc,hadoop-slave1.1.slzc5rgbb7ehb49aydq7bdnwo,455.72%,32.98,/,125.5GiB,26.28%,1.14TB,/,1.33TB,164GB,/,4.26GB,670
2022-09-28 13:38:54,b02ff2144fbc,hadoop-slave1.1.slzc5rgbb7ehb49aydq7bdnwo,397.76%,32.98,/,125.5GiB,26.37%,1.14TB,/,1.33TB,164GB,/,4.26GB,670
2022-9-28 13:38:55,b02ff2144fbc,hadoop-slave1.1.slzc5rgbb7ehb49aydq7bdnwo,339.80%,33.19,/,125.5GiB,26.45%,1.14TB,/,1.33TB,164GB,/,4.26GB,670
2022-09-28 13:38:56,b02ff2144fbc,hadoop-slave1.1.slzc5rgbb7ehb49aydq7bdnwo,348.23%,33.19,/,125.5GiB,26.53%,1.14TB,/,1.33TB,164GB,/,4.26GB,670
2022-09-28 13:38:57,b02ff2144fbc,hadoop-slave1.1.slzc5rgbb7ehb49aydq7bdnwo,348.23%,33.19,/,125.5GiB,26.53%,1.14TB,/,1.33TB,164GB,/,4.26GB,670
2022-9-28 13:38:58,b02ff2144fbc,hadoop-slave1.1.slzc5rgbb7ehb49aydq7bdnwo,356.66%,33.4,/,125.5GiB,26.61%,1.14TB,/,1.33TB,164GB,/,4.26GB,670
2022-09-28 13:38:59,b02ff2144fbc,hadoop-slave1.1.slzc5rgbb7ehb49aydq7bdnwo,277.59%,33.4,/,125.5GiB,26.7%,1.14TB,/,1.33TB,164GB,/,4.26GB,670
2022-9-28 13:39:00,b02ff2144fbc,hadoop-slave1.1.slzc5rgbb7ehb49aydq7bdnwo,198.52%,33.62,/,125.5GiB,26.79%,1.14TB,/,1.33TB,164GB,/,4.26GB,670
2022-09-28 13:39:01,b02ff2144fbc,hadoop-slave1.1.slzc5rgbb7ehb49aydq7bdnwo,205.27%,33.62,/,125.5GiB,26.87%,1.14TB,/,1.33TB,164GB,/,4.26GB,670
2022-9-28 13:39:02,b02ff2144fbc,hadoop-slave1.1.slzc5rgbb7ehb49aydq7bdnwo,212.02%,33.81,/,125.5GiB,26.94%,1.14TB,/,1.33TB,164GB,/,4.26GB,670
2022-09-28 13:39:03,b02ff2144fbc,hadoop-slave1.1.slzc5rgbb7ehb49aydq7bdnwo,195.5%,33.81,/,125.5GiB,27.02%,1.14TB,/,1.33TB,164GB,/,4.26GB,670
2022-9-28 13:39:04,b02ff2144fbc,hadoop-slave1.1.slzc5rgbb7ehb49aydq7bdnwo,178.98%,34.02,/,125.5GiB,27.11%,1.14TB,/,1.33TB,164GB,/,4.26GB,670
2022-09-28 13:39:05,b02ff2144fbc,hadoop-slave1.1.slzc5rgbb7ehb49aydq7bdnwo,130.38%,34.02,/,125.5GiB,27.2%,1.14TB,/,1.33TB,164GB,/,4.26GB,670
2022-9-28 13:39:06,b02ff2144fbc,hadoop-slave1.1.slzc5rgbb7ehb49aydq7bdnwo,81.79%,34.23,/,125.5GiB,27.28%,1.14TB,/,1.33TB,164GB,/,4.26GB,670
2022-09-28 13:39:07,b02ff2144fbc,hadoop-slave1.1.slzc5rgbb7ehb49aydq7bdnwo,263.18%,34.23,/,125.5GiB,27.35%,1.14TB,/,1.33TB,164GB,/,4.26GB,670
2022-9-28 13:39:08,b02ff2144fbc,hadoop-slave1.1.slzc5rgbb7ehb49aydq7bdnwo,444.57%,34.41,/,125.5GiB,27.42%,1.14TB,/,1.33TB,164GB,/,4.26GB,670
2022-09-28 13:39:09,b02ff2144fbc,hadoop-slave1.1.slzc5rgbb7ehb49aydq7bdnwo,395.03%,34.41,/,125.5GiB,27.45%,1.14TB,/,1.33TB,164GB,/,4.26GB,670
2022-9-28 13:39:10,b02ff2144fbc,hadoop-slave1.1.slzc5rgbb7ehb49aydq7bdnwo,345.50%,34.47,/,125.5GiB,27.47%,1.14TB,/,1.33TB,164GB,/,4.26GB,670
2022-09-28 13:39:11,b02ff2144fbc,hadoop-slave1.1.slzc5rgbb7ehb49aydq7bdnwo,262.09%,34.47,/,125.5GiB,27.5%,1.14TB,/,1.33TB,164GB,/,4.26GB,670
2022-9-28 13:39:12,b02ff2144fbc,hadoop-slave1.1.slzc5rgbb7ehb49aydq7bdnwo,178.68%,34.56,/,125.5GiB,27.54%,1.14TB,/,1.33TB,164GB,/,4.26GB,670
2022-09-28 13:39:13,b02ff2144fbc,hadoop-slave1.1.slzc5rgbb7ehb49aydq7bdnwo,149.78%,34.56,/,125.5GiB,27.59%,1.14TB,/,1.33TB,164GB,/,4.26GB,670
2022-9-28 13:39:14,b02ff2144fbc,hadoop-slave1.1.slzc5rgbb7ehb49aydq7bdnwo,120.88%,34.7,/,125.5GiB,27.65%,1.14TB,/,1.33TB,164GB,/,4.26GB,670
2022-09-28 13:39:15,b02ff2144fbc,hadoop-slave1.1.slzc5rgbb7ehb49aydq7bdnwo,210.3%,34.7,/,125.5GiB,27.7%,1.14TB,/,1.33TB,164GB,/,4.26GB,670
2022-9-28 13:39:16,b02ff2144fbc,hadoop-slave1.1.slzc5rgbb7ehb49aydq7bdnwo,299.72%,34.83,/,125.5GiB,27.75%,1.14TB,/,1.33TB,164GB,/,4.26GB,670
2022-09-28 13:39:17,b02ff2144fbc,hadoop-slave1.1.slzc5rgbb7ehb49aydq7bdnwo,274.7%,34.83,/,125.5GiB,27.8%,1.14TB,/,1.33TB,164GB,/,4.26GB,670
2022-9-28 13:39:18,b02ff2144fbc,hadoop-slave1.1.slzc5rgbb7ehb49aydq7bdnwo,249.68%,34.95,/,125.5GiB,27.85%,1.14TB,/,1.33TB,164GB,/,4.26GB,670
2022-09-28 13:39:19,b02ff2144fbc,hadoop-slave1.1.slzc5rgbb7ehb49aydq7bdnwo,240.23%,34.95,/,125.5GiB,27.89%,1.14TB,/,1.33TB,164GB,/,4.26GB,670
2022-9-28 13:39:20,b02ff2144fbc,hadoop-slave1.1.slzc5rgbb7ehb49aydq7bdnwo,230.78%,35.05,/,125.5GiB,27.93%,1.14TB,/,1.33TB,164GB,/,4.26GB,670
2022-09-28 13:39:21,b02ff2144fbc,hadoop-slave1.1.slzc5rgbb7ehb49aydq7bdnwo,223.68%,35.05,/,125.5GiB,28.02%,1.14TB,/,1.33TB,164GB,/,4.26GB,670
2022-9-28 13:39:22,b02ff2144fbc,hadoop-slave1.1.slzc5rgbb7ehb49aydq7bdnwo,216.57%,35.29,/,125.5GiB,28.12%,1.14TB,/,1.33TB,164GB,/,4.26GB,670
2022-09-28 13:39:23,b02ff2144fbc,hadoop-slave1.1.slzc5rgbb7ehb49aydq7bdnwo,270.44%,35.29,/,125.5GiB,28.2%,1.14TB,/,1.33TB,164GB,/,4.26GB,670
2022-9-28 13:39:24,b02ff2144fbc,hadoop-slave1.1.slzc5rgbb7ehb49aydq7bdnwo,324.32%,35.49,/,125.5GiB,28.28%,1.14TB,/,1.33TB,164GB,/,4.26GB,670
2022-09-28 13:39:25,b02ff2144fbc,hadoop-slave1.1.slzc5rgbb7ehb49aydq7bdnwo,374.27%,35.49,/,125.5GiB,28.37%,1.14TB,/,1.33TB,164GB,/,4.26GB,670
2022-9-28 13:39:26,b02ff2144fbc,hadoop-slave1.1.slzc5rgbb7ehb49aydq7bdnwo,424.23%,35.72,/,125.5GiB,28.46%,1.14TB,/,1.33TB,164GB,/,4.26GB,670
2022-09-28 13:39:27,b02ff2144fbc,hadoop-slave1.1.slzc5rgbb7ehb49aydq7bdnwo,510.0%,35.72,/,125.5GiB,28.55%,1.14TB,/,1.33TB,164GB,/,4.26GB,670
2022-9-28 13:39:28,b02ff2144fbc,hadoop-slave1.1.slzc5rgbb7ehb49aydq7bdnwo,595.77%,35.94,/,125.5GiB,28.64%,1.14TB,/,1.33TB,164GB,/,4.26GB,670
2022-09-28 13:39:29,b02ff2144fbc,hadoop-slave1.1.slzc5rgbb7ehb49aydq7bdnwo,544.12%,35.94,/,125.5GiB,28.75%,1.14TB,/,1.33TB,164GB,/,4.26GB,670
2022-9-28 13:39:30,b02ff2144fbc,hadoop-slave1.1.slzc5rgbb7ehb49aydq7bdnwo,492.48%,36.21,/,125.5GiB,28.86%,1.14TB,/,1.33TB,164GB,/,4.26GB,670
2022-09-28 13:39:31,b02ff2144fbc,hadoop-slave1.1.slzc5rgbb7ehb49aydq7bdnwo,489.56%,36.21,/,125.5GiB,28.95%,1.14TB,/,1.33TB,164GB,/,4.26GB,670
2022-9-28 13:39:32,b02ff2144fbc,hadoop-slave1.1.slzc5rgbb7ehb49aydq7bdnwo,486.63%,36.43,/,125.5GiB,29.03%,1.14TB,/,1.33TB,164GB,/,4.26GB,670
2022-09-28 13:39:33,b02ff2144fbc,hadoop-slave1.1.slzc5rgbb7ehb49aydq7bdnwo,352.12%,36.43,/,125.5GiB,29.08%,1.14TB,/,1.33TB,164GB,/,4.26GB,670
2022-9-28 13:39:34,b02ff2144fbc,hadoop-slave1.1.slzc5rgbb7ehb49aydq7bdnwo,217.60%,36.56,/,125.5GiB,29.13%,1.14TB,/,1.33TB,164GB,/,4.26GB,670
2022-09-28 13:39:35,b02ff2144fbc,hadoop-slave1.1.slzc5rgbb7ehb49aydq7bdnwo,176.98%,36.56,/,125.5GiB,29.2%,1.14TB,/,1.33TB,164GB,/,4.26GB,670
2022-9-28 13:39:36,b02ff2144fbc,hadoop-slave1.1.slzc5rgbb7ehb49aydq7bdnwo,136.36%,36.74,/,125.5GiB,29.28%,1.14TB,/,1.33TB,164GB,/,4.26GB,670
2022-09-28 13:39:37,b02ff2144fbc,hadoop-slave1.1.slzc5rgbb7ehb49aydq7bdnwo,148.91%,36.74,/,125.5GiB,29.35%,1.14TB,/,1.33TB,164GB,/,4.26GB,670
2022-9-28 13:39:38,b02ff2144fbc,hadoop-slave1.1.slzc5rgbb7ehb49aydq7bdnwo,161.45%,36.92,/,125.5GiB,29.42%,1.14TB,/,1.33TB,164GB,/,4.26GB,670
2022-09-28 13:39:39,b02ff2144fbc,hadoop-slave1.1.slzc5rgbb7ehb49aydq7bdnwo,167.25%,36.92,/,125.5GiB,29.52%,1.14TB,/,1.33TB,164GB,/,4.26GB,670
2022-9-28 13:39:40,b02ff2144fbc,hadoop-slave1.1.slzc5rgbb7ehb49aydq7bdnwo,173.04%,37.15,/,125.5GiB,29.61%,1.14TB,/,1.33TB,164GB,/,4.26GB,670
2022-09-28 13:39:41,b02ff2144fbc,hadoop-slave1.1.slzc5rgbb7ehb49aydq7bdnwo,123.82%,37.15,/,125.5GiB,29.64%,1.14TB,/,1.33TB,164GB,/,4.26GB,670
2022-9-28 13:39:42,b02ff2144fbc,hadoop-slave1.1.slzc5rgbb7ehb49aydq7bdnwo,74.60%,37.23,/,125.5GiB,29.67%,1.14TB,/,1.33TB,164GB,/,4.26GB,670
2022-09-28 13:39:43,b02ff2144fbc,hadoop-slave1.1.slzc5rgbb7ehb49aydq7bdnwo,64.98%,37.23,/,125.5GiB,29.73%,1.14TB,/,1.33TB,164GB,/,4.26GB,670
2022-9-28 13:39:44,b02ff2144fbc,hadoop-slave1.1.slzc5rgbb7ehb49aydq7bdnwo,55.36%,37.37,/,125.5GiB,29.78%,1.14TB,/,1.33TB,164GB,/,4.26GB,670
2022-09-28 13:39:45,b02ff2144fbc,hadoop-slave1.1.slzc5rgbb7ehb49aydq7bdnwo,50.91%,37.37,/,125.5GiB,29.84%,1.14TB,/,1.33TB,164GB,/,4.26GB,670
2022-9-28 13:39:46,b02ff2144fbc,hadoop-slave1.1.slzc5rgbb7ehb49aydq7bdnwo,46.45%,37.52,/,125.5GiB,29.90%,1.14TB,/,1.33TB,164GB,/,4.26GB,670
2022-09-28 13:39:47,b02ff2144fbc,hadoop-slave1.1.slzc5rgbb7ehb49aydq7bdnwo,181.0%,37.52,/,125.5GiB,30.0%,1.14TB,/,1.33TB,164GB,/,4.26GB,670
2022-9-28 13:39:48,b02ff2144fbc,hadoop-slave1.1.slzc5rgbb7ehb49aydq7bdnwo,315.55%,37.78,/,125.5GiB,30.11%,1.14TB,/,1.33TB,164GB,/,4.26GB,670
2022-09-28 13:39:49,b02ff2144fbc,hadoop-slave1.1.slzc5rgbb7ehb49aydq7bdnwo,772.13%,37.78,/,125.5GiB,30.16%,1.14TB,/,1.33TB,164GB,/,4.26GB,670
2022-9-28 13:39:50,b02ff2144fbc,hadoop-slave1.1.slzc5rgbb7ehb49aydq7bdnwo,1228.72%,37.93,/,125.5GiB,30.22%,1.14TB,/,1.33TB,164GB,/,4.26GB,670
2022-09-28 13:39:51,b02ff2144fbc,hadoop-slave1.1.slzc5rgbb7ehb49aydq7bdnwo,876.13%,37.93,/,125.5GiB,30.23%,1.14TB,/,1.33TB,164GB,/,4.26GB,670
2022-9-28 13:39:52,b02ff2144fbc,hadoop-slave1.1.slzc5rgbb7ehb49aydq7bdnwo,523.54%,37.97,/,125.5GiB,30.25%,1.14TB,/,1.33TB,164GB,/,4.26GB,670
2022-09-28 13:39:53,b02ff2144fbc,hadoop-slave1.1.slzc5rgbb7ehb49aydq7bdnwo,528.81%,37.97,/,125.5GiB,30.27%,1.14TB,/,1.33TB,164GB,/,4.26GB,670
2022-9-28 13:39:54,b02ff2144fbc,hadoop-slave1.1.slzc5rgbb7ehb49aydq7bdnwo,534.07%,38.03,/,125.5GiB,30.30%,1.14TB,/,1.33TB,164GB,/,4.26GB,670
2022-09-28 13:39:55,b02ff2144fbc,hadoop-slave1.1.slzc5rgbb7ehb49aydq7bdnwo,410.28%,38.03,/,125.5GiB,30.36%,1.14TB,/,1.33TB,164GB,/,4.26GB,670
2022-09-28 13:39:56,b02ff2144fbc,hadoop-slave1.1.slzc5rgbb7ehb49aydq7bdnwo,410.28%,38.03,/,125.5GiB,30.36%,1.14TB,/,1.33TB,164GB,/,4.26GB,670
2022-9-28 13:39:57,b02ff2144fbc,hadoop-slave1.1.slzc5rgbb7ehb49aydq7bdnwo,286.49%,38.16,/,125.5GiB,30.41%,1.14TB,/,1.33TB,164GB,/,4.26GB,670
2022-09-28 13:39:58,b02ff2144fbc,hadoop-slave1.1.slzc5rgbb7ehb49aydq7bdnwo,279.21%,38.16,/,125.5GiB,30.43%,1.14TB,/,1.33TB,164GB,/,4.26GB,670
2022-9-28 13:39:59,b02ff2144fbc,hadoop-slave1.1.slzc5rgbb7ehb49aydq7bdnwo,271.93%,38.21,/,125.5GiB,30.45%,1.14TB,/,1.33TB,164GB,/,4.26GB,670
2022-09-28 13:40:00,b02ff2144fbc,hadoop-slave1.1.slzc5rgbb7ehb49aydq7bdnwo,220.23%,38.21,/,125.5GiB,30.48%,1.14TB,/,1.33TB,164GB,/,4.26GB,670
2022-9-28 13:40:01,b02ff2144fbc,hadoop-slave1.1.slzc5rgbb7ehb49aydq7bdnwo,168.52%,38.27,/,125.5GiB,30.50%,1.14TB,/,1.33TB,164GB,/,4.26GB,670
2022-09-28 13:40:02,b02ff2144fbc,hadoop-slave1.1.slzc5rgbb7ehb49aydq7bdnwo,492.47%,38.27,/,125.5GiB,30.54%,1.14TB,/,1.33TB,164GB,/,4.26GB,670
2022-9-28 13:40:03,b02ff2144fbc,hadoop-slave1.1.slzc5rgbb7ehb49aydq7bdnwo,816.43%,38.38,/,125.5GiB,30.58%,1.14TB,/,1.33TB,164GB,/,4.26GB,670
2022-09-28 13:40:04,b02ff2144fbc,hadoop-slave1.1.slzc5rgbb7ehb49aydq7bdnwo,1030.14%,38.38,/,125.5GiB,30.6%,1.14TB,/,1.33TB,164GB,/,4.26GB,670
2022-9-28 13:40:05,b02ff2144fbc,hadoop-slave1.1.slzc5rgbb7ehb49aydq7bdnwo,1243.85%,38.43,/,125.5GiB,30.62%,1.14TB,/,1.33TB,164GB,/,4.26GB,670
2022-09-28 13:40:06,b02ff2144fbc,hadoop-slave1.1.slzc5rgbb7ehb49aydq7bdnwo,1078.67%,38.43,/,125.5GiB,30.62%,1.14TB,/,1.33TB,164GB,/,4.26GB,670
2022-9-28 13:40:07,b02ff2144fbc,hadoop-slave1.1.slzc5rgbb7ehb49aydq7bdnwo,913.50%,38.44,/,125.5GiB,30.63%,1.14TB,/,1.33TB,164GB,/,4.26GB,670
2022-09-28 13:40:08,b02ff2144fbc,hadoop-slave1.1.slzc5rgbb7ehb49aydq7bdnwo,721.88%,38.44,/,125.5GiB,30.62%,1.14TB,/,1.33TB,164GB,/,4.26GB,670
2022-9-28 13:40:09,b02ff2144fbc,hadoop-slave1.1.slzc5rgbb7ehb49aydq7bdnwo,530.25%,38.4,/,125.5GiB,30.60%,1.14TB,/,1.33TB,164GB,/,4.26GB,670
2022-09-28 13:40:10,b02ff2144fbc,hadoop-slave1.1.slzc5rgbb7ehb49aydq7bdnwo,319.26%,38.4,/,125.5GiB,30.59%,1.14TB,/,1.33TB,164GB,/,4.26GB,670
2022-9-28 13:40:11,b02ff2144fbc,hadoop-slave1.1.slzc5rgbb7ehb49aydq7bdnwo,108.28%,38.37,/,125.5GiB,30.58%,1.14TB,/,1.33TB,164GB,/,4.26GB,670
2022-09-28 13:40:12,b02ff2144fbc,hadoop-slave1.1.slzc5rgbb7ehb49aydq7bdnwo,54.66%,38.37,/,125.5GiB,30.57%,1.14TB,/,1.33TB,164GB,/,4.26GB,670
2022-9-28 13:40:13,b02ff2144fbc,hadoop-slave1.1.slzc5rgbb7ehb49aydq7bdnwo,1.03%,38.36,/,125.5GiB,30.57%,1.14TB,/,1.33TB,164GB,/,4.26GB,670
2022-09-28 13:40:14,b02ff2144fbc,hadoop-slave1.1.slzc5rgbb7ehb49aydq7bdnwo,249.96%,38.36,/,125.5GiB,30.45%,1.14TB,/,1.33TB,164GB,/,4.26GB,670
2022-9-28 13:40:15,b02ff2144fbc,hadoop-slave1.1.slzc5rgbb7ehb49aydq7bdnwo,498.90%,38.08,/,125.5GiB,30.34%,1.14TB,/,1.33TB,164GB,/,4.26GB,679
2022-09-28 13:40:16,b02ff2144fbc,hadoop-slave1.1.slzc5rgbb7ehb49aydq7bdnwo,321.72%,38.08,/,125.5GiB,26.66%,1.14TB,/,1.33TB,164GB,/,4.26GB,679
2022-9-28 13:40:17,b02ff2144fbc,hadoop-slave1.1.slzc5rgbb7ehb49aydq7bdnwo,144.54%,28.83,/,125.5GiB,22.97%,1.14TB,/,1.33TB,164GB,/,4.26GB,649
2022-09-28 13:40:18,b02ff2144fbc,hadoop-slave1.1.slzc5rgbb7ehb49aydq7bdnwo,74.05%,28.83,/,125.5GiB,15.11%,1.14TB,/,1.33TB,164GB,/,4.26GB,649
2022-9-28 13:40:19,b02ff2144fbc,hadoop-slave1.1.slzc5rgbb7ehb49aydq7bdnwo,3.56%,9.116,/,125.5GiB,7.26%,1.14TB,/,1.33TB,164GB,/,4.26GB,408
2022-09-28 13:40:20,b02ff2144fbc,hadoop-slave1.1.slzc5rgbb7ehb49aydq7bdnwo,2.15%,9.116,/,125.5GiB,7.26%,1.14TB,/,1.33TB,164GB,/,4.26GB,408
2022-9-28 13:40:21,b02ff2144fbc,hadoop-slave1.1.slzc5rgbb7ehb49aydq7bdnwo,0.74%,9.115,/,125.5GiB,7.26%,1.14TB,/,1.33TB,164GB,/,4.26GB,408
2022-09-28 13:40:22,b02ff2144fbc,hadoop-slave1.1.slzc5rgbb7ehb49aydq7bdnwo,0.72%,9.115,/,125.5GiB,7.26%,1.14TB,/,1.33TB,164GB,/,4.26GB,408
2022-9-28 13:40:23,b02ff2144fbc,hadoop-slave1.1.slzc5rgbb7ehb49aydq7bdnwo,0.70%,9.115,/,125.5GiB,7.26%,1.14TB,/,1.33TB,164GB,/,4.26GB,408
2022-09-28 13:40:24,b02ff2144fbc,hadoop-slave1.1.slzc5rgbb7ehb49aydq7bdnwo,0.76%,9.115,/,125.5GiB,7.26%,1.14TB,/,1.33TB,164GB,/,4.26GB,408
2022-9-28 13:40:25,b02ff2144fbc,hadoop-slave1.1.slzc5rgbb7ehb49aydq7bdnwo,0.81%,9.115,/,125.5GiB,7.26%,1.14TB,/,1.33TB,164GB,/,4.26GB,408
2022-09-28 13:40:26,b02ff2144fbc,hadoop-slave1.1.slzc5rgbb7ehb49aydq7bdnwo,0.76%,9.115,/,125.5GiB,7.26%,1.14TB,/,1.33TB,164GB,/,4.26GB,408
2022-9-28 13:40:27,b02ff2144fbc,hadoop-slave1.1.slzc5rgbb7ehb49aydq7bdnwo,0.71%,9.115,/,125.5GiB,7.26%,1.14TB,/,1.33TB,164GB,/,4.26GB,408
2022-09-28 13:40:28,b02ff2144fbc,hadoop-slave1.1.slzc5rgbb7ehb49aydq7bdnwo,0.73%,9.115,/,125.5GiB,7.26%,1.14TB,/,1.33TB,164GB,/,4.26GB,408
2022-9-28 13:40:29,b02ff2144fbc,hadoop-slave1.1.slzc5rgbb7ehb49aydq7bdnwo,0.75%,9.115,/,125.5GiB,7.26%,1.14TB,/,1.33TB,164GB,/,4.26GB,407
2022-09-28 13:40:30,b02ff2144fbc,hadoop-slave1.1.slzc5rgbb7ehb49aydq7bdnwo,0.78%,9.115,/,125.5GiB,7.26%,1.14TB,/,1.33TB,164GB,/,4.26GB,407
2022-9-28 13:40:31,b02ff2144fbc,hadoop-slave1.1.slzc5rgbb7ehb49aydq7bdnwo,0.80%,9.115,/,125.5GiB,7.26%,1.14TB,/,1.33TB,164GB,/,4.26GB,407
2022-09-28 13:40:32,b02ff2144fbc,hadoop-slave1.1.slzc5rgbb7ehb49aydq7bdnwo,0.76%,9.115,/,125.5GiB,7.26%,1.14TB,/,1.33TB,164GB,/,4.26GB,407
2022-9-28 13:40:33,b02ff2144fbc,hadoop-slave1.1.slzc5rgbb7ehb49aydq7bdnwo,0.71%,9.115,/,125.5GiB,7.26%,1.14TB,/,1.33TB,164GB,/,4.26GB,407
2022-09-28 13:40:34,b02ff2144fbc,hadoop-slave1.1.slzc5rgbb7ehb49aydq7bdnwo,0.73%,9.115,/,125.5GiB,7.26%,1.14TB,/,1.33TB,164GB,/,4.26GB,407
2022-9-28 13:40:35,b02ff2144fbc,hadoop-slave1.1.slzc5rgbb7ehb49aydq7bdnwo,0.75%,9.115,/,125.5GiB,7.26%,1.14TB,/,1.33TB,164GB,/,4.26GB,407
2022-09-28 13:40:36,b02ff2144fbc,hadoop-slave1.1.slzc5rgbb7ehb49aydq7bdnwo,0.76%,9.115,/,125.5GiB,7.26%,1.14TB,/,1.33TB,164GB,/,4.26GB,407
2022-9-28 13:40:37,b02ff2144fbc,hadoop-slave1.1.slzc5rgbb7ehb49aydq7bdnwo,0.76%,9.115,/,125.5GiB,7.26%,1.14TB,/,1.33TB,164GB,/,4.26GB,407
2022-09-28 13:40:38,b02ff2144fbc,hadoop-slave1.1.slzc5rgbb7ehb49aydq7bdnwo,0.75%,9.115,/,125.5GiB,7.26%,1.14TB,/,1.33TB,164GB,/,4.26GB,407
2022-9-28 13:40:39,b02ff2144fbc,hadoop-slave1.1.slzc5rgbb7ehb49aydq7bdnwo,0.74%,9.115,/,125.5GiB,7.26%,1.14TB,/,1.33TB,164GB,/,4.26GB,407
2022-09-28 13:40:40,b02ff2144fbc,hadoop-slave1.1.slzc5rgbb7ehb49aydq7bdnwo,0.74%,9.115,/,125.5GiB,7.26%,1.14TB,/,1.33TB,164GB,/,4.26GB,407
2022-9-28 13:40:41,b02ff2144fbc,hadoop-slave1.1.slzc5rgbb7ehb49aydq7bdnwo,0.74%,9.115,/,125.5GiB,7.26%,1.14TB,/,1.33TB,164GB,/,4.26GB,407
2022-09-28 13:40:42,b02ff2144fbc,hadoop-slave1.1.slzc5rgbb7ehb49aydq7bdnwo,0.74%,9.115,/,125.5GiB,7.26%,1.14TB,/,1.33TB,164GB,/,4.26GB,407
2022-9-28 13:40:43,b02ff2144fbc,hadoop-slave1.1.slzc5rgbb7ehb49aydq7bdnwo,0.75%,9.115,/,125.5GiB,7.26%,1.14TB,/,1.33TB,164GB,/,4.26GB,407
2022-09-28 13:40:44,b02ff2144fbc,hadoop-slave1.1.slzc5rgbb7ehb49aydq7bdnwo,0.81%,9.115,/,125.5GiB,7.26%,1.14TB,/,1.33TB,164GB,/,4.26GB,407
2022-9-28 13:40:45,b02ff2144fbc,hadoop-slave1.1.slzc5rgbb7ehb49aydq7bdnwo,0.87%,9.115,/,125.5GiB,7.26%,1.14TB,/,1.33TB,164GB,/,4.26GB,407
2022-09-28 13:40:46,b02ff2144fbc,hadoop-slave1.1.slzc5rgbb7ehb49aydq7bdnwo,0.81%,9.115,/,125.5GiB,7.26%,1.14TB,/,1.33TB,164GB,/,4.26GB,407
2022-9-28 13:40:47,b02ff2144fbc,hadoop-slave1.1.slzc5rgbb7ehb49aydq7bdnwo,0.75%,9.115,/,125.5GiB,7.26%,1.14TB,/,1.33TB,164GB,/,4.26GB,407
2022-09-28 13:40:48,b02ff2144fbc,hadoop-slave1.1.slzc5rgbb7ehb49aydq7bdnwo,0.76%,9.115,/,125.5GiB,7.26%,1.14TB,/,1.33TB,164GB,/,4.26GB,407
2022-9-28 13:40:49,b02ff2144fbc,hadoop-slave1.1.slzc5rgbb7ehb49aydq7bdnwo,0.77%,9.115,/,125.5GiB,7.26%,1.14TB,/,1.33TB,164GB,/,4.26GB,407
2022-09-28 13:40:50,b02ff2144fbc,hadoop-slave1.1.slzc5rgbb7ehb49aydq7bdnwo,0.77%,9.115,/,125.5GiB,7.26%,1.14TB,/,1.33TB,164GB,/,4.26GB,407
2022-9-28 13:40:51,b02ff2144fbc,hadoop-slave1.1.slzc5rgbb7ehb49aydq7bdnwo,0.76%,9.115,/,125.5GiB,7.26%,1.14TB,/,1.33TB,164GB,/,4.26GB,407
2022-09-28 13:40:52,b02ff2144fbc,hadoop-slave1.1.slzc5rgbb7ehb49aydq7bdnwo,0.73%,9.115,/,125.5GiB,7.26%,1.14TB,/,1.33TB,164GB,/,4.26GB,407
2022-9-28 13:40:53,b02ff2144fbc,hadoop-slave1.1.slzc5rgbb7ehb49aydq7bdnwo,0.71%,9.115,/,125.5GiB,7.26%,1.14TB,/,1.33TB,164GB,/,4.26GB,407
2022-09-28 13:40:54,b02ff2144fbc,hadoop-slave1.1.slzc5rgbb7ehb49aydq7bdnwo,0.74%,9.115,/,125.5GiB,7.26%,1.14TB,/,1.33TB,164GB,/,4.26GB,407
2022-9-28 13:40:55,b02ff2144fbc,hadoop-slave1.1.slzc5rgbb7ehb49aydq7bdnwo,0.78%,9.115,/,125.5GiB,7.26%,1.14TB,/,1.33TB,164GB,/,4.26GB,407
2022-09-28 13:40:56,b02ff2144fbc,hadoop-slave1.1.slzc5rgbb7ehb49aydq7bdnwo,0.77%,9.115,/,125.5GiB,7.26%,1.14TB,/,1.33TB,164GB,/,4.26GB,407
2022-09-28 13:40:57,b02ff2144fbc,hadoop-slave1.1.slzc5rgbb7ehb49aydq7bdnwo,0.77%,9.115,/,125.5GiB,7.26%,1.14TB,/,1.33TB,164GB,/,4.26GB,407
2022-9-28 13:40:58,b02ff2144fbc,hadoop-slave1.1.slzc5rgbb7ehb49aydq7bdnwo,0.75%,9.115,/,125.5GiB,7.26%,1.14TB,/,1.33TB,164GB,/,4.26GB,407
2022-09-28 13:40:59,b02ff2144fbc,hadoop-slave1.1.slzc5rgbb7ehb49aydq7bdnwo,0.74%,9.115,/,125.5GiB,7.26%,1.14TB,/,1.33TB,164GB,/,4.26GB,407
2022-9-28 13:41:00,b02ff2144fbc,hadoop-slave1.1.slzc5rgbb7ehb49aydq7bdnwo,0.73%,9.115,/,125.5GiB,7.26%,1.14TB,/,1.33TB,164GB,/,4.26GB,407
2022-09-28 13:41:01,b02ff2144fbc,hadoop-slave1.1.slzc5rgbb7ehb49aydq7bdnwo,0.71%,9.115,/,125.5GiB,7.26%,1.14TB,/,1.33TB,164GB,/,4.26GB,407
2022-9-28 13:41:02,b02ff2144fbc,hadoop-slave1.1.slzc5rgbb7ehb49aydq7bdnwo,0.68%,9.115,/,125.5GiB,7.26%,1.14TB,/,1.33TB,164GB,/,4.26GB,407
2022-09-28 13:41:03,b02ff2144fbc,hadoop-slave1.1.slzc5rgbb7ehb49aydq7bdnwo,0.7%,9.115,/,125.5GiB,7.26%,1.14TB,/,1.33TB,164GB,/,4.26GB,407
2022-9-28 13:41:04,b02ff2144fbc,hadoop-slave1.1.slzc5rgbb7ehb49aydq7bdnwo,0.71%,9.115,/,125.5GiB,7.26%,1.14TB,/,1.33TB,164GB,/,4.26GB,407
2022-09-28 13:41:05,b02ff2144fbc,hadoop-slave1.1.slzc5rgbb7ehb49aydq7bdnwo,0.73%,9.115,/,125.5GiB,7.26%,1.14TB,/,1.33TB,164GB,/,4.26GB,407
2022-9-28 13:41:06,b02ff2144fbc,hadoop-slave1.1.slzc5rgbb7ehb49aydq7bdnwo,0.76%,9.115,/,125.5GiB,7.26%,1.14TB,/,1.33TB,164GB,/,4.26GB,407
2022-09-28 13:41:07,b02ff2144fbc,hadoop-slave1.1.slzc5rgbb7ehb49aydq7bdnwo,0.72%,9.115,/,125.5GiB,7.26%,1.14TB,/,1.33TB,164GB,/,4.26GB,407
2022-9-28 13:41:08,b02ff2144fbc,hadoop-slave1.1.slzc5rgbb7ehb49aydq7bdnwo,0.69%,9.115,/,125.5GiB,7.26%,1.14TB,/,1.33TB,164GB,/,4.26GB,407
2022-09-28 13:41:09,b02ff2144fbc,hadoop-slave1.1.slzc5rgbb7ehb49aydq7bdnwo,0.72%,9.115,/,125.5GiB,7.26%,1.14TB,/,1.33TB,164GB,/,4.26GB,407
2022-9-28 13:41:10,b02ff2144fbc,hadoop-slave1.1.slzc5rgbb7ehb49aydq7bdnwo,0.75%,9.115,/,125.5GiB,7.26%,1.14TB,/,1.33TB,164GB,/,4.26GB,407
2022-09-28 13:41:11,b02ff2144fbc,hadoop-slave1.1.slzc5rgbb7ehb49aydq7bdnwo,0.72%,9.115,/,125.5GiB,7.26%,1.14TB,/,1.33TB,164GB,/,4.26GB,407
2022-9-28 13:41:12,b02ff2144fbc,hadoop-slave1.1.slzc5rgbb7ehb49aydq7bdnwo,0.70%,9.115,/,125.5GiB,7.26%,1.14TB,/,1.33TB,164GB,/,4.26GB,407
2022-09-28 13:41:13,b02ff2144fbc,hadoop-slave1.1.slzc5rgbb7ehb49aydq7bdnwo,0.69%,9.115,/,125.5GiB,7.26%,1.14TB,/,1.33TB,164GB,/,4.26GB,407
2022-9-28 13:41:14,b02ff2144fbc,hadoop-slave1.1.slzc5rgbb7ehb49aydq7bdnwo,0.69%,9.115,/,125.5GiB,7.26%,1.14TB,/,1.33TB,164GB,/,4.26GB,407
2022-09-28 13:41:15,b02ff2144fbc,hadoop-slave1.1.slzc5rgbb7ehb49aydq7bdnwo,0.73%,9.115,/,125.5GiB,7.26%,1.14TB,/,1.33TB,164GB,/,4.26GB,407
2022-9-28 13:41:16,b02ff2144fbc,hadoop-slave1.1.slzc5rgbb7ehb49aydq7bdnwo,0.77%,9.115,/,125.5GiB,7.26%,1.14TB,/,1.33TB,164GB,/,4.26GB,407
2022-09-28 13:41:17,b02ff2144fbc,hadoop-slave1.1.slzc5rgbb7ehb49aydq7bdnwo,0.98%,9.115,/,125.5GiB,7.26%,1.14TB,/,1.33TB,164GB,/,4.26GB,407
2022-9-28 13:41:18,b02ff2144fbc,hadoop-slave1.1.slzc5rgbb7ehb49aydq7bdnwo,1.20%,9.115,/,125.5GiB,7.26%,1.14TB,/,1.33TB,164GB,/,4.26GB,402
2022-09-28 13:41:19,b02ff2144fbc,hadoop-slave1.1.slzc5rgbb7ehb49aydq7bdnwo,0.95%,9.115,/,125.5GiB,7.26%,1.14TB,/,1.33TB,164GB,/,4.26GB,402
2022-9-28 13:41:20,b02ff2144fbc,hadoop-slave1.1.slzc5rgbb7ehb49aydq7bdnwo,0.71%,9.115,/,125.5GiB,7.26%,1.14TB,/,1.33TB,164GB,/,4.26GB,399
2022-09-28 13:41:21,b02ff2144fbc,hadoop-slave1.1.slzc5rgbb7ehb49aydq7bdnwo,0.73%,9.115,/,125.5GiB,7.26%,1.14TB,/,1.33TB,164GB,/,4.26GB,399
2022-9-28 13:41:22,b02ff2144fbc,hadoop-slave1.1.slzc5rgbb7ehb49aydq7bdnwo,0.76%,9.115,/,125.5GiB,7.26%,1.14TB,/,1.33TB,164GB,/,4.26GB,399
2022-09-28 13:41:23,b02ff2144fbc,hadoop-slave1.1.slzc5rgbb7ehb49aydq7bdnwo,0.71%,9.115,/,125.5GiB,7.26%,1.14TB,/,1.33TB,164GB,/,4.26GB,399
2022-9-28 13:41:24,b02ff2144fbc,hadoop-slave1.1.slzc5rgbb7ehb49aydq7bdnwo,0.66%,9.115,/,125.5GiB,7.26%,1.14TB,/,1.33TB,164GB,/,4.26GB,399
2022-09-28 13:41:25,b02ff2144fbc,hadoop-slave1.1.slzc5rgbb7ehb49aydq7bdnwo,0.7%,9.115,/,125.5GiB,7.26%,1.14TB,/,1.33TB,164GB,/,4.26GB,399
2022-9-28 13:41:26,b02ff2144fbc,hadoop-slave1.1.slzc5rgbb7ehb49aydq7bdnwo,0.73%,9.115,/,125.5GiB,7.26%,1.14TB,/,1.33TB,164GB,/,4.26GB,399
2022-09-28 13:41:27,b02ff2144fbc,hadoop-slave1.1.slzc5rgbb7ehb49aydq7bdnwo,0.72%,9.115,/,125.5GiB,7.26%,1.14TB,/,1.33TB,164GB,/,4.26GB,399
2022-9-28 13:41:28,b02ff2144fbc,hadoop-slave1.1.slzc5rgbb7ehb49aydq7bdnwo,0.72%,9.115,/,125.5GiB,7.26%,1.14TB,/,1.33TB,164GB,/,4.26GB,399
2022-09-28 13:41:29,b02ff2144fbc,hadoop-slave1.1.slzc5rgbb7ehb49aydq7bdnwo,0.71%,9.115,/,125.5GiB,7.26%,1.14TB,/,1.33TB,164GB,/,4.26GB,399
2022-9-28 13:41:30,b02ff2144fbc,hadoop-slave1.1.slzc5rgbb7ehb49aydq7bdnwo,0.71%,9.115,/,125.5GiB,7.26%,1.14TB,/,1.33TB,164GB,/,4.26GB,399
2022-09-28 13:41:31,b02ff2144fbc,hadoop-slave1.1.slzc5rgbb7ehb49aydq7bdnwo,0.68%,9.115,/,125.5GiB,7.26%,1.14TB,/,1.33TB,164GB,/,4.26GB,399
2022-9-28 13:41:32,b02ff2144fbc,hadoop-slave1.1.slzc5rgbb7ehb49aydq7bdnwo,0.65%,9.115,/,125.5GiB,7.26%,1.14TB,/,1.33TB,164GB,/,4.26GB,399
2022-09-28 13:41:33,b02ff2144fbc,hadoop-slave1.1.slzc5rgbb7ehb49aydq7bdnwo,0.7%,9.115,/,125.5GiB,7.26%,1.14TB,/,1.33TB,164GB,/,4.26GB,399
2022-9-28 13:41:34,b02ff2144fbc,hadoop-slave1.1.slzc5rgbb7ehb49aydq7bdnwo,0.75%,9.115,/,125.5GiB,7.26%,1.14TB,/,1.33TB,164GB,/,4.26GB,399
2022-09-28 13:41:35,b02ff2144fbc,hadoop-slave1.1.slzc5rgbb7ehb49aydq7bdnwo,0.73%,9.115,/,125.5GiB,7.26%,1.14TB,/,1.33TB,164GB,/,4.26GB,399
2022-9-28 13:41:36,b02ff2144fbc,hadoop-slave1.1.slzc5rgbb7ehb49aydq7bdnwo,0.71%,9.115,/,125.5GiB,7.26%,1.14TB,/,1.33TB,164GB,/,4.26GB,399
2022-09-28 13:41:37,b02ff2144fbc,hadoop-slave1.1.slzc5rgbb7ehb49aydq7bdnwo,0.69%,9.115,/,125.5GiB,7.26%,1.14TB,/,1.33TB,164GB,/,4.26GB,399
2022-9-28 13:41:38,b02ff2144fbc,hadoop-slave1.1.slzc5rgbb7ehb49aydq7bdnwo,0.66%,9.115,/,125.5GiB,7.26%,1.14TB,/,1.33TB,164GB,/,4.26GB,399
2022-09-28 13:41:39,b02ff2144fbc,hadoop-slave1.1.slzc5rgbb7ehb49aydq7bdnwo,0.72%,9.115,/,125.5GiB,7.26%,1.14TB,/,1.33TB,164GB,/,4.26GB,399
2022-9-28 13:41:40,b02ff2144fbc,hadoop-slave1.1.slzc5rgbb7ehb49aydq7bdnwo,0.78%,9.115,/,125.5GiB,7.26%,1.14TB,/,1.33TB,164GB,/,4.26GB,399
2022-09-28 13:41:41,b02ff2144fbc,hadoop-slave1.1.slzc5rgbb7ehb49aydq7bdnwo,0.73%,9.115,/,125.5GiB,7.26%,1.14TB,/,1.33TB,164GB,/,4.26GB,399
2022-9-28 13:41:42,b02ff2144fbc,hadoop-slave1.1.slzc5rgbb7ehb49aydq7bdnwo,0.68%,9.115,/,125.5GiB,7.26%,1.14TB,/,1.33TB,164GB,/,4.26GB,399
2022-09-28 13:41:43,b02ff2144fbc,hadoop-slave1.1.slzc5rgbb7ehb49aydq7bdnwo,0.71%,9.115,/,125.5GiB,7.26%,1.14TB,/,1.33TB,164GB,/,4.26GB,399
2022-9-28 13:41:44,b02ff2144fbc,hadoop-slave1.1.slzc5rgbb7ehb49aydq7bdnwo,0.73%,9.115,/,125.5GiB,7.26%,1.14TB,/,1.33TB,164GB,/,4.26GB,399
2022-09-28 13:41:45,b02ff2144fbc,hadoop-slave1.1.slzc5rgbb7ehb49aydq7bdnwo,0.78%,9.115,/,125.5GiB,7.26%,1.14TB,/,1.33TB,164GB,/,4.26GB,399
2022-9-28 13:41:46,b02ff2144fbc,hadoop-slave1.1.slzc5rgbb7ehb49aydq7bdnwo,0.83%,9.115,/,125.5GiB,7.26%,1.14TB,/,1.33TB,164GB,/,4.26GB,399
2022-09-28 13:41:47,b02ff2144fbc,hadoop-slave1.1.slzc5rgbb7ehb49aydq7bdnwo,0.76%,9.115,/,125.5GiB,7.26%,1.14TB,/,1.33TB,164GB,/,4.26GB,399
2022-9-28 13:41:48,b02ff2144fbc,hadoop-slave1.1.slzc5rgbb7ehb49aydq7bdnwo,0.68%,9.115,/,125.5GiB,7.26%,1.14TB,/,1.33TB,164GB,/,4.26GB,399
2022-09-28 13:41:49,b02ff2144fbc,hadoop-slave1.1.slzc5rgbb7ehb49aydq7bdnwo,0.71%,9.115,/,125.5GiB,7.26%,1.14TB,/,1.33TB,164GB,/,4.26GB,399
2022-9-28 13:41:50,b02ff2144fbc,hadoop-slave1.1.slzc5rgbb7ehb49aydq7bdnwo,0.73%,9.115,/,125.5GiB,7.26%,1.14TB,/,1.33TB,164GB,/,4.26GB,399
2022-09-28 13:41:51,b02ff2144fbc,hadoop-slave1.1.slzc5rgbb7ehb49aydq7bdnwo,0.71%,9.115,/,125.5GiB,7.26%,1.14TB,/,1.33TB,164GB,/,4.26GB,399
2022-9-28 13:41:52,b02ff2144fbc,hadoop-slave1.1.slzc5rgbb7ehb49aydq7bdnwo,0.69%,9.115,/,125.5GiB,7.26%,1.14TB,/,1.33TB,164GB,/,4.26GB,399
2022-09-28 13:41:53,b02ff2144fbc,hadoop-slave1.1.slzc5rgbb7ehb49aydq7bdnwo,0.72%,9.115,/,125.5GiB,7.26%,1.14TB,/,1.33TB,164GB,/,4.26GB,399
2022-9-28 13:41:54,b02ff2144fbc,hadoop-slave1.1.slzc5rgbb7ehb49aydq7bdnwo,0.76%,9.115,/,125.5GiB,7.26%,1.14TB,/,1.33TB,164GB,/,4.26GB,399
2022-09-28 13:41:55,b02ff2144fbc,hadoop-slave1.1.slzc5rgbb7ehb49aydq7bdnwo,0.75%,9.115,/,125.5GiB,7.26%,1.14TB,/,1.33TB,164GB,/,4.26GB,399
2022-9-28 13:41:56,b02ff2144fbc,hadoop-slave1.1.slzc5rgbb7ehb49aydq7bdnwo,0.74%,9.115,/,125.5GiB,7.26%,1.14TB,/,1.33TB,164GB,/,4.26GB,399
2022-09-28 13:41:57,b02ff2144fbc,hadoop-slave1.1.slzc5rgbb7ehb49aydq7bdnwo,0.72%,9.115,/,125.5GiB,7.26%,1.14TB,/,1.33TB,164GB,/,4.26GB,399
2022-9-28 13:41:58,b02ff2144fbc,hadoop-slave1.1.slzc5rgbb7ehb49aydq7bdnwo,0.71%,9.115,/,125.5GiB,7.26%,1.14TB,/,1.33TB,164GB,/,4.26GB,399
2022-09-28 13:41:59,b02ff2144fbc,hadoop-slave1.1.slzc5rgbb7ehb49aydq7bdnwo,0.76%,9.115,/,125.5GiB,7.26%,1.14TB,/,1.33TB,164GB,/,4.26GB,399
2022-9-28 13:42:00,b02ff2144fbc,hadoop-slave1.1.slzc5rgbb7ehb49aydq7bdnwo,0.81%,9.115,/,125.5GiB,7.26%,1.14TB,/,1.33TB,164GB,/,4.26GB,399
2022-09-28 13:42:01,b02ff2144fbc,hadoop-slave1.1.slzc5rgbb7ehb49aydq7bdnwo,0.74%,9.115,/,125.5GiB,7.26%,1.14TB,/,1.33TB,164GB,/,4.26GB,399
2022-09-28 13:42:02,b02ff2144fbc,hadoop-slave1.1.slzc5rgbb7ehb49aydq7bdnwo,0.74%,9.115,/,125.5GiB,7.26%,1.14TB,/,1.33TB,164GB,/,4.26GB,399
2022-9-28 13:42:03,b02ff2144fbc,hadoop-slave1.1.slzc5rgbb7ehb49aydq7bdnwo,0.67%,9.115,/,125.5GiB,7.26%,1.14TB,/,1.33TB,164GB,/,4.26GB,399
2022-09-28 13:42:04,b02ff2144fbc,hadoop-slave1.1.slzc5rgbb7ehb49aydq7bdnwo,0.67%,9.115,/,125.5GiB,7.26%,1.14TB,/,1.33TB,164GB,/,4.26GB,399
2022-9-28 13:42:05,b02ff2144fbc,hadoop-slave1.1.slzc5rgbb7ehb49aydq7bdnwo,0.67%,9.115,/,125.5GiB,7.26%,1.14TB,/,1.33TB,164GB,/,4.26GB,399
2022-09-28 13:42:06,b02ff2144fbc,hadoop-slave1.1.slzc5rgbb7ehb49aydq7bdnwo,0.71%,9.115,/,125.5GiB,7.26%,1.14TB,/,1.33TB,164GB,/,4.26GB,399
2022-9-28 13:42:07,b02ff2144fbc,hadoop-slave1.1.slzc5rgbb7ehb49aydq7bdnwo,0.74%,9.115,/,125.5GiB,7.26%,1.14TB,/,1.33TB,164GB,/,4.26GB,399
2022-09-28 13:42:08,b02ff2144fbc,hadoop-slave1.1.slzc5rgbb7ehb49aydq7bdnwo,0.71%,9.115,/,125.5GiB,7.26%,1.14TB,/,1.33TB,164GB,/,4.26GB,399
2022-9-28 13:42:09,b02ff2144fbc,hadoop-slave1.1.slzc5rgbb7ehb49aydq7bdnwo,0.67%,9.115,/,125.5GiB,7.26%,1.14TB,/,1.33TB,164GB,/,4.26GB,399
2022-09-28 13:42:10,b02ff2144fbc,hadoop-slave1.1.slzc5rgbb7ehb49aydq7bdnwo,0.71%,9.115,/,125.5GiB,7.26%,1.14TB,/,1.33TB,164GB,/,4.26GB,399
2022-9-28 13:42:11,b02ff2144fbc,hadoop-slave1.1.slzc5rgbb7ehb49aydq7bdnwo,0.74%,9.115,/,125.5GiB,7.26%,1.14TB,/,1.33TB,164GB,/,4.26GB,399
2022-09-28 13:42:12,b02ff2144fbc,hadoop-slave1.1.slzc5rgbb7ehb49aydq7bdnwo,0.74%,9.115,/,125.5GiB,7.26%,1.14TB,/,1.33TB,164GB,/,4.26GB,399
2022-9-28 13:42:13,b02ff2144fbc,hadoop-slave1.1.slzc5rgbb7ehb49aydq7bdnwo,0.74%,9.115,/,125.5GiB,7.26%,1.14TB,/,1.33TB,164GB,/,4.26GB,399
2022-09-28 13:42:14,b02ff2144fbc,hadoop-slave1.1.slzc5rgbb7ehb49aydq7bdnwo,0.73%,9.115,/,125.5GiB,7.26%,1.14TB,/,1.33TB,164GB,/,4.26GB,399
2022-9-28 13:42:15,b02ff2144fbc,hadoop-slave1.1.slzc5rgbb7ehb49aydq7bdnwo,0.72%,9.115,/,125.5GiB,7.26%,1.14TB,/,1.33TB,164GB,/,4.26GB,399
2022-09-28 13:42:16,b02ff2144fbc,hadoop-slave1.1.slzc5rgbb7ehb49aydq7bdnwo,0.71%,9.115,/,125.5GiB,7.26%,1.14TB,/,1.33TB,164GB,/,4.26GB,399
2022-9-28 13:42:17,b02ff2144fbc,hadoop-slave1.1.slzc5rgbb7ehb49aydq7bdnwo,0.70%,9.115,/,125.5GiB,7.26%,1.14TB,/,1.33TB,164GB,/,4.26GB,399
2022-09-28 13:42:18,b02ff2144fbc,hadoop-slave1.1.slzc5rgbb7ehb49aydq7bdnwo,0.73%,9.115,/,125.5GiB,7.26%,1.14TB,/,1.33TB,164GB,/,4.26GB,399
2022-9-28 13:42:19,b02ff2144fbc,hadoop-slave1.1.slzc5rgbb7ehb49aydq7bdnwo,0.76%,9.115,/,125.5GiB,7.26%,1.14TB,/,1.33TB,164GB,/,4.26GB,399
2022-09-28 13:42:20,b02ff2144fbc,hadoop-slave1.1.slzc5rgbb7ehb49aydq7bdnwo,0.74%,9.115,/,125.5GiB,7.26%,1.14TB,/,1.33TB,164GB,/,4.26GB,399
2022-9-28 13:42:21,b02ff2144fbc,hadoop-slave1.1.slzc5rgbb7ehb49aydq7bdnwo,0.73%,9.115,/,125.5GiB,7.26%,1.14TB,/,1.33TB,164GB,/,4.26GB,399
2022-09-28 13:42:22,b02ff2144fbc,hadoop-slave1.1.slzc5rgbb7ehb49aydq7bdnwo,0.7%,9.115,/,125.5GiB,7.26%,1.14TB,/,1.33TB,164GB,/,4.26GB,399
2022-9-28 13:42:23,b02ff2144fbc,hadoop-slave1.1.slzc5rgbb7ehb49aydq7bdnwo,0.67%,9.115,/,125.5GiB,7.26%,1.14TB,/,1.33TB,164GB,/,4.26GB,399
2022-09-28 13:42:24,b02ff2144fbc,hadoop-slave1.1.slzc5rgbb7ehb49aydq7bdnwo,0.72%,9.115,/,125.5GiB,7.26%,1.14TB,/,1.33TB,164GB,/,4.26GB,399
2022-9-28 13:42:25,b02ff2144fbc,hadoop-slave1.1.slzc5rgbb7ehb49aydq7bdnwo,0.76%,9.115,/,125.5GiB,7.26%,1.14TB,/,1.33TB,164GB,/,4.26GB,399
2022-09-28 13:42:26,b02ff2144fbc,hadoop-slave1.1.slzc5rgbb7ehb49aydq7bdnwo,0.72%,9.115,/,125.5GiB,7.26%,1.14TB,/,1.33TB,164GB,/,4.26GB,399
2022-9-28 13:42:27,b02ff2144fbc,hadoop-slave1.1.slzc5rgbb7ehb49aydq7bdnwo,0.69%,9.115,/,125.5GiB,7.26%,1.14TB,/,1.33TB,164GB,/,4.26GB,399
2022-09-28 13:42:28,b02ff2144fbc,hadoop-slave1.1.slzc5rgbb7ehb49aydq7bdnwo,0.69%,9.115,/,125.5GiB,7.26%,1.14TB,/,1.33TB,164GB,/,4.26GB,399
2022-9-28 13:42:29,b02ff2144fbc,hadoop-slave1.1.slzc5rgbb7ehb49aydq7bdnwo,0.68%,9.115,/,125.5GiB,7.26%,1.14TB,/,1.33TB,164GB,/,4.26GB,399
2022-09-28 13:42:30,b02ff2144fbc,hadoop-slave1.1.slzc5rgbb7ehb49aydq7bdnwo,0.74%,9.115,/,125.5GiB,7.26%,1.14TB,/,1.33TB,164GB,/,4.26GB,399
2022-9-28 13:42:31,b02ff2144fbc,hadoop-slave1.1.slzc5rgbb7ehb49aydq7bdnwo,0.79%,9.115,/,125.5GiB,7.26%,1.14TB,/,1.33TB,164GB,/,4.26GB,399
2022-09-28 13:42:32,b02ff2144fbc,hadoop-slave1.1.slzc5rgbb7ehb49aydq7bdnwo,0.73%,9.115,/,125.5GiB,7.26%,1.14TB,/,1.33TB,164GB,/,4.26GB,399
2022-9-28 13:42:33,b02ff2144fbc,hadoop-slave1.1.slzc5rgbb7ehb49aydq7bdnwo,0.67%,9.115,/,125.5GiB,7.26%,1.14TB,/,1.33TB,164GB,/,4.26GB,399
2022-09-28 13:42:34,b02ff2144fbc,hadoop-slave1.1.slzc5rgbb7ehb49aydq7bdnwo,0.7%,9.115,/,125.5GiB,7.26%,1.14TB,/,1.33TB,164GB,/,4.26GB,399
2022-9-28 13:42:35,b02ff2144fbc,hadoop-slave1.1.slzc5rgbb7ehb49aydq7bdnwo,0.72%,9.115,/,125.5GiB,7.26%,1.14TB,/,1.33TB,164GB,/,4.26GB,399
2022-09-28 13:42:36,b02ff2144fbc,hadoop-slave1.1.slzc5rgbb7ehb49aydq7bdnwo,0.72%,9.115,/,125.5GiB,7.26%,1.14TB,/,1.33TB,164GB,/,4.26GB,399
2022-9-28 13:42:37,b02ff2144fbc,hadoop-slave1.1.slzc5rgbb7ehb49aydq7bdnwo,0.73%,9.115,/,125.5GiB,7.26%,1.14TB,/,1.33TB,164GB,/,4.26GB,399
2022-09-28 13:42:38,b02ff2144fbc,hadoop-slave1.1.slzc5rgbb7ehb49aydq7bdnwo,0.7%,9.115,/,125.5GiB,7.26%,1.14TB,/,1.33TB,164GB,/,4.26GB,399
2022-9-28 13:42:39,b02ff2144fbc,hadoop-slave1.1.slzc5rgbb7ehb49aydq7bdnwo,0.67%,9.115,/,125.5GiB,7.26%,1.14TB,/,1.33TB,164GB,/,4.26GB,399
2022-09-28 13:42:40,b02ff2144fbc,hadoop-slave1.1.slzc5rgbb7ehb49aydq7bdnwo,0.69%,9.115,/,125.5GiB,7.26%,1.14TB,/,1.33TB,164GB,/,4.26GB,399
2022-9-28 13:42:41,b02ff2144fbc,hadoop-slave1.1.slzc5rgbb7ehb49aydq7bdnwo,0.70%,9.115,/,125.5GiB,7.26%,1.14TB,/,1.33TB,164GB,/,4.26GB,399
2022-09-28 13:42:42,b02ff2144fbc,hadoop-slave1.1.slzc5rgbb7ehb49aydq7bdnwo,0.73%,9.115,/,125.5GiB,7.26%,1.14TB,/,1.33TB,164GB,/,4.26GB,399
2022-9-28 13:42:43,b02ff2144fbc,hadoop-slave1.1.slzc5rgbb7ehb49aydq7bdnwo,0.76%,9.115,/,125.5GiB,7.26%,1.14TB,/,1.33TB,164GB,/,4.26GB,399
2022-09-28 13:42:44,b02ff2144fbc,hadoop-slave1.1.slzc5rgbb7ehb49aydq7bdnwo,0.74%,9.115,/,125.5GiB,7.26%,1.14TB,/,1.33TB,164GB,/,4.26GB,399
2022-9-28 13:42:45,b02ff2144fbc,hadoop-slave1.1.slzc5rgbb7ehb49aydq7bdnwo,0.72%,9.115,/,125.5GiB,7.26%,1.14TB,/,1.33TB,164GB,/,4.26GB,399
2022-09-28 13:42:46,b02ff2144fbc,hadoop-slave1.1.slzc5rgbb7ehb49aydq7bdnwo,0.69%,9.115,/,125.5GiB,7.26%,1.14TB,/,1.33TB,164GB,/,4.26GB,399
2022-9-28 13:42:47,b02ff2144fbc,hadoop-slave1.1.slzc5rgbb7ehb49aydq7bdnwo,0.66%,9.115,/,125.5GiB,7.26%,1.14TB,/,1.33TB,164GB,/,4.26GB,399
2022-09-28 13:42:48,b02ff2144fbc,hadoop-slave1.1.slzc5rgbb7ehb49aydq7bdnwo,0.71%,9.115,/,125.5GiB,7.26%,1.14TB,/,1.33TB,164GB,/,4.26GB,399
2022-9-28 13:42:49,b02ff2144fbc,hadoop-slave1.1.slzc5rgbb7ehb49aydq7bdnwo,0.75%,9.115,/,125.5GiB,7.26%,1.14TB,/,1.33TB,164GB,/,4.26GB,399
2022-09-28 13:42:50,b02ff2144fbc,hadoop-slave1.1.slzc5rgbb7ehb49aydq7bdnwo,0.73%,9.115,/,125.5GiB,7.26%,1.14TB,/,1.33TB,164GB,/,4.26GB,399
2022-9-28 13:42:51,b02ff2144fbc,hadoop-slave1.1.slzc5rgbb7ehb49aydq7bdnwo,0.71%,9.115,/,125.5GiB,7.26%,1.14TB,/,1.33TB,164GB,/,4.26GB,399
2022-09-28 13:42:52,b02ff2144fbc,hadoop-slave1.1.slzc5rgbb7ehb49aydq7bdnwo,0.7%,9.115,/,125.5GiB,7.26%,1.14TB,/,1.33TB,164GB,/,4.26GB,399
2022-9-28 13:42:53,b02ff2144fbc,hadoop-slave1.1.slzc5rgbb7ehb49aydq7bdnwo,0.69%,9.115,/,125.5GiB,7.26%,1.14TB,/,1.33TB,164GB,/,4.26GB,399
2022-09-28 13:42:54,b02ff2144fbc,hadoop-slave1.1.slzc5rgbb7ehb49aydq7bdnwo,0.72%,9.115,/,125.5GiB,7.26%,1.14TB,/,1.33TB,164GB,/,4.26GB,399
2022-9-28 13:42:55,b02ff2144fbc,hadoop-slave1.1.slzc5rgbb7ehb49aydq7bdnwo,0.75%,9.115,/,125.5GiB,7.26%,1.14TB,/,1.33TB,164GB,/,4.26GB,399
2022-09-28 13:42:56,b02ff2144fbc,hadoop-slave1.1.slzc5rgbb7ehb49aydq7bdnwo,0.78%,9.115,/,125.5GiB,7.26%,1.14TB,/,1.33TB,164GB,/,4.26GB,399
2022-9-28 13:42:57,b02ff2144fbc,hadoop-slave1.1.slzc5rgbb7ehb49aydq7bdnwo,0.80%,9.115,/,125.5GiB,7.26%,1.14TB,/,1.33TB,164GB,/,4.26GB,399
2022-09-28 13:42:58,b02ff2144fbc,hadoop-slave1.1.slzc5rgbb7ehb49aydq7bdnwo,0.74%,9.115,/,125.5GiB,7.26%,1.14TB,/,1.33TB,164GB,/,4.26GB,399
2022-9-28 13:42:59,b02ff2144fbc,hadoop-slave1.1.slzc5rgbb7ehb49aydq7bdnwo,0.68%,9.115,/,125.5GiB,7.26%,1.14TB,/,1.33TB,164GB,/,4.26GB,399
2022-09-28 13:43:00,b02ff2144fbc,hadoop-slave1.1.slzc5rgbb7ehb49aydq7bdnwo,0.68%,9.115,/,125.5GiB,7.26%,1.14TB,/,1.33TB,164GB,/,4.26GB,399
2022-9-28 13:43:01,b02ff2144fbc,hadoop-slave1.1.slzc5rgbb7ehb49aydq7bdnwo,0.68%,9.115,/,125.5GiB,7.26%,1.14TB,/,1.33TB,164GB,/,4.26GB,399
2022-09-28 13:43:02,b02ff2144fbc,hadoop-slave1.1.slzc5rgbb7ehb49aydq7bdnwo,0.72%,9.115,/,125.5GiB,7.26%,1.14TB,/,1.33TB,164GB,/,4.26GB,399
2022-09-28 13:43:03,b02ff2144fbc,hadoop-slave1.1.slzc5rgbb7ehb49aydq7bdnwo,0.72%,9.115,/,125.5GiB,7.26%,1.14TB,/,1.33TB,164GB,/,4.26GB,399
2022-9-28 13:43:04,b02ff2144fbc,hadoop-slave1.1.slzc5rgbb7ehb49aydq7bdnwo,0.75%,9.115,/,125.5GiB,7.26%,1.14TB,/,1.33TB,164GB,/,4.26GB,399
2022-09-28 13:43:05,b02ff2144fbc,hadoop-slave1.1.slzc5rgbb7ehb49aydq7bdnwo,0.74%,9.115,/,125.5GiB,7.26%,1.14TB,/,1.33TB,164GB,/,4.26GB,399
2022-9-28 13:43:06,b02ff2144fbc,hadoop-slave1.1.slzc5rgbb7ehb49aydq7bdnwo,0.74%,9.115,/,125.5GiB,7.26%,1.14TB,/,1.33TB,164GB,/,4.26GB,399
2022-09-28 13:43:07,b02ff2144fbc,hadoop-slave1.1.slzc5rgbb7ehb49aydq7bdnwo,0.71%,9.115,/,125.5GiB,7.26%,1.14TB,/,1.33TB,164GB,/,4.26GB,399
2022-9-28 13:43:08,b02ff2144fbc,hadoop-slave1.1.slzc5rgbb7ehb49aydq7bdnwo,0.67%,9.115,/,125.5GiB,7.26%,1.14TB,/,1.33TB,164GB,/,4.26GB,399
2022-09-28 13:43:09,b02ff2144fbc,hadoop-slave1.1.slzc5rgbb7ehb49aydq7bdnwo,0.72%,9.115,/,125.5GiB,7.26%,1.14TB,/,1.33TB,164GB,/,4.26GB,399
2022-9-28 13:43:10,b02ff2144fbc,hadoop-slave1.1.slzc5rgbb7ehb49aydq7bdnwo,0.76%,9.115,/,125.5GiB,7.26%,1.14TB,/,1.33TB,164GB,/,4.26GB,399
2022-09-28 13:43:11,b02ff2144fbc,hadoop-slave1.1.slzc5rgbb7ehb49aydq7bdnwo,0.72%,9.115,/,125.5GiB,7.26%,1.14TB,/,1.33TB,164GB,/,4.26GB,399
2022-9-28 13:43:12,b02ff2144fbc,hadoop-slave1.1.slzc5rgbb7ehb49aydq7bdnwo,0.68%,9.115,/,125.5GiB,7.26%,1.14TB,/,1.33TB,164GB,/,4.26GB,399
2022-09-28 13:43:13,b02ff2144fbc,hadoop-slave1.1.slzc5rgbb7ehb49aydq7bdnwo,0.68%,9.115,/,125.5GiB,7.26%,1.14TB,/,1.33TB,164GB,/,4.26GB,399
2022-9-28 13:43:14,b02ff2144fbc,hadoop-slave1.1.slzc5rgbb7ehb49aydq7bdnwo,0.67%,9.115,/,125.5GiB,7.26%,1.14TB,/,1.33TB,164GB,/,4.26GB,399
2022-09-28 13:43:15,b02ff2144fbc,hadoop-slave1.1.slzc5rgbb7ehb49aydq7bdnwo,0.73%,9.115,/,125.5GiB,7.26%,1.14TB,/,1.33TB,164GB,/,4.26GB,399
2022-9-28 13:43:16,b02ff2144fbc,hadoop-slave1.1.slzc5rgbb7ehb49aydq7bdnwo,0.79%,9.115,/,125.5GiB,7.26%,1.14TB,/,1.33TB,164GB,/,4.26GB,399
2022-09-28 13:43:17,b02ff2144fbc,hadoop-slave1.1.slzc5rgbb7ehb49aydq7bdnwo,0.72%,9.115,/,125.5GiB,7.26%,1.14TB,/,1.33TB,164GB,/,4.26GB,399
2022-9-28 13:43:18,b02ff2144fbc,hadoop-slave1.1.slzc5rgbb7ehb49aydq7bdnwo,0.65%,9.115,/,125.5GiB,7.26%,1.14TB,/,1.33TB,164GB,/,4.26GB,399
2022-09-28 13:43:19,b02ff2144fbc,hadoop-slave1.1.slzc5rgbb7ehb49aydq7bdnwo,0.74%,9.115,/,125.5GiB,7.26%,1.14TB,/,1.33TB,164GB,/,4.26GB,399
2022-9-28 13:43:20,b02ff2144fbc,hadoop-slave1.1.slzc5rgbb7ehb49aydq7bdnwo,0.84%,9.115,/,125.5GiB,7.26%,1.14TB,/,1.33TB,164GB,/,4.26GB,399
2022-09-28 13:43:21,b02ff2144fbc,hadoop-slave1.1.slzc5rgbb7ehb49aydq7bdnwo,0.77%,9.115,/,125.5GiB,7.26%,1.14TB,/,1.33TB,164GB,/,4.26GB,399
2022-9-28 13:43:22,b02ff2144fbc,hadoop-slave1.1.slzc5rgbb7ehb49aydq7bdnwo,0.71%,9.115,/,125.5GiB,7.26%,1.14TB,/,1.33TB,164GB,/,4.26GB,399
2022-09-28 13:43:23,b02ff2144fbc,hadoop-slave1.1.slzc5rgbb7ehb49aydq7bdnwo,0.71%,9.115,/,125.5GiB,7.26%,1.14TB,/,1.33TB,164GB,/,4.26GB,399
2022-9-28 13:43:24,b02ff2144fbc,hadoop-slave1.1.slzc5rgbb7ehb49aydq7bdnwo,0.71%,9.115,/,125.5GiB,7.26%,1.14TB,/,1.33TB,164GB,/,4.26GB,399
2022-09-28 13:43:25,b02ff2144fbc,hadoop-slave1.1.slzc5rgbb7ehb49aydq7bdnwo,0.72%,9.115,/,125.5GiB,7.26%,1.14TB,/,1.33TB,164GB,/,4.26GB,399
2022-9-28 13:43:26,b02ff2144fbc,hadoop-slave1.1.slzc5rgbb7ehb49aydq7bdnwo,0.73%,9.115,/,125.5GiB,7.26%,1.14TB,/,1.33TB,164GB,/,4.26GB,399
2022-09-28 13:43:27,b02ff2144fbc,hadoop-slave1.1.slzc5rgbb7ehb49aydq7bdnwo,0.77%,9.115,/,125.5GiB,7.26%,1.14TB,/,1.33TB,164GB,/,4.26GB,399
