2022-9-29 15:07:25,c816071a941c,hadoop-slave6.1.jyquyq8eoldtbvk9z2h8twuih,0.66%,18.57,/,125.5GiB,14.80%,36.8TB,/,36.7TB,837GB,/,226GB,301
2022-09-29 15:07:26,c816071a941c,hadoop-slave6.1.jyquyq8eoldtbvk9z2h8twuih,0.63%,18.57,/,125.5GiB,14.8%,36.8TB,/,36.7TB,837GB,/,226GB,301
2022-9-29 15:07:27,c816071a941c,hadoop-slave6.1.jyquyq8eoldtbvk9z2h8twuih,0.60%,18.57,/,125.5GiB,14.80%,36.8TB,/,36.7TB,837GB,/,226GB,301
2022-09-29 15:07:28,c816071a941c,hadoop-slave6.1.jyquyq8eoldtbvk9z2h8twuih,0.68%,18.57,/,125.5GiB,14.8%,36.8TB,/,36.7TB,837GB,/,226GB,301
2022-9-29 15:07:29,c816071a941c,hadoop-slave6.1.jyquyq8eoldtbvk9z2h8twuih,0.76%,18.57,/,125.5GiB,14.80%,36.8TB,/,36.7TB,837GB,/,226GB,301
2022-09-29 15:07:30,c816071a941c,hadoop-slave6.1.jyquyq8eoldtbvk9z2h8twuih,0.72%,18.57,/,125.5GiB,14.8%,36.8TB,/,36.7TB,837GB,/,226GB,301
2022-9-29 15:07:31,c816071a941c,hadoop-slave6.1.jyquyq8eoldtbvk9z2h8twuih,0.67%,18.57,/,125.5GiB,14.80%,36.8TB,/,36.7TB,837GB,/,226GB,301
2022-09-29 15:07:32,c816071a941c,hadoop-slave6.1.jyquyq8eoldtbvk9z2h8twuih,2.47%,18.57,/,125.5GiB,14.8%,36.8TB,/,36.7TB,837GB,/,226GB,301
2022-9-29 15:07:33,c816071a941c,hadoop-slave6.1.jyquyq8eoldtbvk9z2h8twuih,4.27%,18.57,/,125.5GiB,14.80%,36.8TB,/,36.7TB,837GB,/,226GB,302
2022-09-29 15:07:34,c816071a941c,hadoop-slave6.1.jyquyq8eoldtbvk9z2h8twuih,2.72%,18.57,/,125.5GiB,14.8%,36.8TB,/,36.7TB,837GB,/,226GB,302
2022-9-29 15:07:35,c816071a941c,hadoop-slave6.1.jyquyq8eoldtbvk9z2h8twuih,1.17%,18.57,/,125.5GiB,14.80%,36.8TB,/,36.7TB,837GB,/,226GB,302
2022-09-29 15:07:36,c816071a941c,hadoop-slave6.1.jyquyq8eoldtbvk9z2h8twuih,0.93%,18.57,/,125.5GiB,14.8%,36.8TB,/,36.7TB,837GB,/,226GB,302
2022-9-29 15:07:37,c816071a941c,hadoop-slave6.1.jyquyq8eoldtbvk9z2h8twuih,0.69%,18.57,/,125.5GiB,14.80%,36.8TB,/,36.7TB,837GB,/,226GB,302
2022-09-29 15:07:38,c816071a941c,hadoop-slave6.1.jyquyq8eoldtbvk9z2h8twuih,35.7%,18.57,/,125.5GiB,14.8%,36.8TB,/,36.7TB,837GB,/,226GB,302
2022-9-29 15:07:39,c816071a941c,hadoop-slave6.1.jyquyq8eoldtbvk9z2h8twuih,70.71%,18.57,/,125.5GiB,14.80%,36.8TB,/,36.7TB,837GB,/,226GB,314
2022-09-29 15:07:40,c816071a941c,hadoop-slave6.1.jyquyq8eoldtbvk9z2h8twuih,52.16%,18.57,/,125.5GiB,14.8%,36.8TB,/,36.7TB,837GB,/,226GB,314
2022-9-29 15:07:41,c816071a941c,hadoop-slave6.1.jyquyq8eoldtbvk9z2h8twuih,33.62%,18.57,/,125.5GiB,14.80%,36.8TB,/,36.7TB,837GB,/,226GB,316
2022-09-29 15:07:42,c816071a941c,hadoop-slave6.1.jyquyq8eoldtbvk9z2h8twuih,36.02%,18.57,/,125.5GiB,14.8%,36.8TB,/,36.7TB,837GB,/,226GB,316
2022-9-29 15:07:43,c816071a941c,hadoop-slave6.1.jyquyq8eoldtbvk9z2h8twuih,38.41%,18.57,/,125.5GiB,14.80%,36.8TB,/,36.7TB,837GB,/,226GB,322
2022-09-29 15:07:44,c816071a941c,hadoop-slave6.1.jyquyq8eoldtbvk9z2h8twuih,233.67%,18.57,/,125.5GiB,14.91%,36.8TB,/,36.7TB,837GB,/,226GB,322
2022-9-29 15:07:45,c816071a941c,hadoop-slave6.1.jyquyq8eoldtbvk9z2h8twuih,428.92%,18.87,/,125.5GiB,15.03%,36.8TB,/,36.7TB,837GB,/,226GB,513
2022-09-29 15:07:46,c816071a941c,hadoop-slave6.1.jyquyq8eoldtbvk9z2h8twuih,689.99%,18.87,/,125.5GiB,15.4%,36.8TB,/,36.7TB,837GB,/,226GB,513
2022-9-29 15:07:47,c816071a941c,hadoop-slave6.1.jyquyq8eoldtbvk9z2h8twuih,951.06%,19.79,/,125.5GiB,15.77%,36.8TB,/,36.7TB,837GB,/,226GB,583
2022-09-29 15:07:48,c816071a941c,hadoop-slave6.1.jyquyq8eoldtbvk9z2h8twuih,493.39%,19.79,/,125.5GiB,15.78%,36.8TB,/,36.7TB,837GB,/,226GB,583
2022-9-29 15:07:49,c816071a941c,hadoop-slave6.1.jyquyq8eoldtbvk9z2h8twuih,35.72%,19.81,/,125.5GiB,15.79%,36.8TB,/,36.7TB,837GB,/,226GB,555
2022-09-29 15:07:50,c816071a941c,hadoop-slave6.1.jyquyq8eoldtbvk9z2h8twuih,31.26%,19.81,/,125.5GiB,15.77%,36.8TB,/,36.7TB,837GB,/,226GB,555
2022-9-29 15:07:51,c816071a941c,hadoop-slave6.1.jyquyq8eoldtbvk9z2h8twuih,26.80%,19.78,/,125.5GiB,15.76%,36.8TB,/,36.7TB,837GB,/,226GB,550
2022-09-29 15:07:52,c816071a941c,hadoop-slave6.1.jyquyq8eoldtbvk9z2h8twuih,272.9%,19.78,/,125.5GiB,15.89%,36.8TB,/,36.7TB,837GB,/,226GB,550
2022-9-29 15:07:53,c816071a941c,hadoop-slave6.1.jyquyq8eoldtbvk9z2h8twuih,519.00%,20.12,/,125.5GiB,16.03%,36.8TB,/,36.7TB,837GB,/,226GB,729
2022-09-29 15:07:54,c816071a941c,hadoop-slave6.1.jyquyq8eoldtbvk9z2h8twuih,588.79%,20.12,/,125.5GiB,16.35%,36.8TB,/,36.7TB,837GB,/,226GB,729
2022-9-29 15:07:55,c816071a941c,hadoop-slave6.1.jyquyq8eoldtbvk9z2h8twuih,658.58%,20.92,/,125.5GiB,16.67%,36.8TB,/,36.7TB,837GB,/,226GB,798
2022-09-29 15:07:56,c816071a941c,hadoop-slave6.1.jyquyq8eoldtbvk9z2h8twuih,368.78%,20.92,/,125.5GiB,16.68%,36.8TB,/,36.7TB,837GB,/,226GB,798
2022-9-29 15:07:57,c816071a941c,hadoop-slave6.1.jyquyq8eoldtbvk9z2h8twuih,78.98%,20.93,/,125.5GiB,16.68%,36.8TB,/,36.7TB,837GB,/,226GB,774
2022-09-29 15:07:58,c816071a941c,hadoop-slave6.1.jyquyq8eoldtbvk9z2h8twuih,318.5%,20.93,/,125.5GiB,16.89%,36.8TB,/,36.7TB,837GB,/,226GB,774
2022-9-29 15:07:59,c816071a941c,hadoop-slave6.1.jyquyq8eoldtbvk9z2h8twuih,558.02%,21.47,/,125.5GiB,17.11%,36.8TB,/,36.7TB,837GB,/,226GB,958
2022-09-29 15:08:00,c816071a941c,hadoop-slave6.1.jyquyq8eoldtbvk9z2h8twuih,896.85%,21.47,/,125.5GiB,17.32%,36.8TB,/,36.7TB,837GB,/,226GB,958
2022-09-29 15:08:01,c816071a941c,hadoop-slave6.1.jyquyq8eoldtbvk9z2h8twuih,896.85%,21.47,/,125.5GiB,17.32%,36.8TB,/,36.7TB,837GB,/,226GB,958
2022-9-29 15:08:02,c816071a941c,hadoop-slave6.1.jyquyq8eoldtbvk9z2h8twuih,1235.68%,22.01,/,125.5GiB,17.54%,36.8TB,/,36.7TB,837GB,/,226GB,991
2022-09-29 15:08:03,c816071a941c,hadoop-slave6.1.jyquyq8eoldtbvk9z2h8twuih,1469.84%,22.01,/,125.5GiB,18.0%,36.8TB,/,36.7TB,837GB,/,226GB,991
2022-9-29 15:08:04,c816071a941c,hadoop-slave6.1.jyquyq8eoldtbvk9z2h8twuih,1704.00%,23.18,/,125.5GiB,18.47%,36.8TB,/,36.7TB,837GB,/,226GB,1017
2022-09-29 15:08:05,c816071a941c,hadoop-slave6.1.jyquyq8eoldtbvk9z2h8twuih,2463.61%,23.18,/,125.5GiB,20.13%,36.8TB,/,36.7TB,837GB,/,226GB,1017
2022-9-29 15:08:06,c816071a941c,hadoop-slave6.1.jyquyq8eoldtbvk9z2h8twuih,3223.21%,27.35,/,125.5GiB,21.80%,36.8TB,/,36.7TB,837GB,/,226GB,1077
2022-09-29 15:08:07,c816071a941c,hadoop-slave6.1.jyquyq8eoldtbvk9z2h8twuih,3238.93%,27.35,/,125.5GiB,23.22%,36.8TB,/,36.7TB,837GB,/,226GB,1077
2022-9-29 15:08:08,c816071a941c,hadoop-slave6.1.jyquyq8eoldtbvk9z2h8twuih,3254.65%,30.93,/,125.5GiB,24.64%,36.8TB,/,36.7TB,837GB,/,226GB,1091
2022-09-29 15:08:09,c816071a941c,hadoop-slave6.1.jyquyq8eoldtbvk9z2h8twuih,3687.53%,30.93,/,125.5GiB,26.26%,36.8TB,/,36.7TB,837GB,/,226GB,1091
2022-9-29 15:08:10,c816071a941c,hadoop-slave6.1.jyquyq8eoldtbvk9z2h8twuih,4120.41%,34.97,/,125.5GiB,27.87%,36.8TB,/,36.7TB,837GB,/,226GB,1114
2022-09-29 15:08:11,c816071a941c,hadoop-slave6.1.jyquyq8eoldtbvk9z2h8twuih,4048.39%,34.97,/,125.5GiB,28.34%,36.8TB,/,36.7TB,837GB,/,226GB,1114
2022-9-29 15:08:12,c816071a941c,hadoop-slave6.1.jyquyq8eoldtbvk9z2h8twuih,3976.36%,36.14,/,125.5GiB,28.80%,36.8TB,/,36.7TB,837GB,/,226GB,1121
2022-09-29 15:08:13,c816071a941c,hadoop-slave6.1.jyquyq8eoldtbvk9z2h8twuih,4007.43%,36.14,/,125.5GiB,29.58%,36.8TB,/,36.7TB,837GB,/,226GB,1121
2022-9-29 15:08:14,c816071a941c,hadoop-slave6.1.jyquyq8eoldtbvk9z2h8twuih,4038.50%,38.09,/,125.5GiB,30.35%,36.8TB,/,36.7TB,837GB,/,226GB,1143
2022-09-29 15:08:15,c816071a941c,hadoop-slave6.1.jyquyq8eoldtbvk9z2h8twuih,3590.22%,38.09,/,125.5GiB,30.57%,36.8TB,/,36.7TB,837GB,/,226GB,1143
2022-9-29 15:08:16,c816071a941c,hadoop-slave6.1.jyquyq8eoldtbvk9z2h8twuih,3141.95%,38.63,/,125.5GiB,30.78%,36.8TB,/,36.7TB,837GB,/,226GB,1154
2022-09-29 15:08:17,c816071a941c,hadoop-slave6.1.jyquyq8eoldtbvk9z2h8twuih,2431.09%,38.63,/,125.5GiB,27.76%,36.8TB,/,36.7TB,837GB,/,226GB,1154
2022-9-29 15:08:18,c816071a941c,hadoop-slave6.1.jyquyq8eoldtbvk9z2h8twuih,1720.24%,31.05,/,125.5GiB,24.74%,36.8TB,/,36.7TB,837GB,/,226GB,848
2022-09-29 15:08:19,c816071a941c,hadoop-slave6.1.jyquyq8eoldtbvk9z2h8twuih,1140.4%,31.05,/,125.5GiB,22.18%,36.8TB,/,36.7TB,837GB,/,226GB,848
2022-9-29 15:08:20,c816071a941c,hadoop-slave6.1.jyquyq8eoldtbvk9z2h8twuih,560.56%,24.64,/,125.5GiB,19.63%,36.8TB,/,36.7TB,837GB,/,226GB,623
2022-09-29 15:08:21,c816071a941c,hadoop-slave6.1.jyquyq8eoldtbvk9z2h8twuih,573.95%,24.64,/,125.5GiB,19.95%,36.8TB,/,36.7TB,837GB,/,226GB,623
2022-9-29 15:08:22,c816071a941c,hadoop-slave6.1.jyquyq8eoldtbvk9z2h8twuih,587.35%,25.44,/,125.5GiB,20.27%,36.8TB,/,36.7TB,837GB,/,226GB,648
2022-09-29 15:08:23,c816071a941c,hadoop-slave6.1.jyquyq8eoldtbvk9z2h8twuih,449.12%,25.44,/,125.5GiB,20.43%,36.8TB,/,36.7TB,837GB,/,226GB,648
2022-9-29 15:08:24,c816071a941c,hadoop-slave6.1.jyquyq8eoldtbvk9z2h8twuih,310.89%,25.84,/,125.5GiB,20.59%,36.8TB,/,36.7TB,837GB,/,226GB,640
2022-09-29 15:08:25,c816071a941c,hadoop-slave6.1.jyquyq8eoldtbvk9z2h8twuih,324.15%,25.84,/,125.5GiB,20.71%,36.8TB,/,36.7TB,837GB,/,226GB,640
2022-9-29 15:08:26,c816071a941c,hadoop-slave6.1.jyquyq8eoldtbvk9z2h8twuih,337.42%,26.14,/,125.5GiB,20.83%,36.8TB,/,36.7TB,837GB,/,226GB,642
2022-09-29 15:08:27,c816071a941c,hadoop-slave6.1.jyquyq8eoldtbvk9z2h8twuih,277.07%,26.14,/,125.5GiB,20.98%,36.8TB,/,36.7TB,837GB,/,226GB,642
2022-9-29 15:08:28,c816071a941c,hadoop-slave6.1.jyquyq8eoldtbvk9z2h8twuih,216.73%,26.5,/,125.5GiB,21.12%,36.8TB,/,36.7TB,837GB,/,226GB,639
2022-09-29 15:08:29,c816071a941c,hadoop-slave6.1.jyquyq8eoldtbvk9z2h8twuih,199.28%,26.5,/,125.5GiB,21.25%,36.8TB,/,36.7TB,837GB,/,226GB,639
2022-9-29 15:08:30,c816071a941c,hadoop-slave6.1.jyquyq8eoldtbvk9z2h8twuih,181.84%,26.83,/,125.5GiB,21.38%,36.8TB,/,36.7TB,837GB,/,226GB,637
2022-09-29 15:08:31,c816071a941c,hadoop-slave6.1.jyquyq8eoldtbvk9z2h8twuih,174.07%,26.83,/,125.5GiB,21.51%,36.8TB,/,36.7TB,837GB,/,226GB,637
2022-9-29 15:08:32,c816071a941c,hadoop-slave6.1.jyquyq8eoldtbvk9z2h8twuih,166.31%,27.16,/,125.5GiB,21.64%,36.8TB,/,36.7TB,837GB,/,226GB,637
2022-09-29 15:08:33,c816071a941c,hadoop-slave6.1.jyquyq8eoldtbvk9z2h8twuih,176.9%,27.16,/,125.5GiB,21.77%,36.8TB,/,36.7TB,837GB,/,226GB,637
2022-9-29 15:08:34,c816071a941c,hadoop-slave6.1.jyquyq8eoldtbvk9z2h8twuih,187.49%,27.5,/,125.5GiB,21.91%,36.8TB,/,36.7TB,837GB,/,226GB,637
2022-09-29 15:08:35,c816071a941c,hadoop-slave6.1.jyquyq8eoldtbvk9z2h8twuih,164.27%,27.5,/,125.5GiB,21.98%,36.8TB,/,36.7TB,837GB,/,226GB,637
2022-9-29 15:08:36,c816071a941c,hadoop-slave6.1.jyquyq8eoldtbvk9z2h8twuih,141.05%,27.69,/,125.5GiB,22.06%,36.8TB,/,36.7TB,837GB,/,226GB,637
2022-09-29 15:08:37,c816071a941c,hadoop-slave6.1.jyquyq8eoldtbvk9z2h8twuih,424.73%,27.69,/,125.5GiB,22.6%,36.8TB,/,36.7TB,837GB,/,226GB,637
2022-9-29 15:08:38,c816071a941c,hadoop-slave6.1.jyquyq8eoldtbvk9z2h8twuih,708.41%,29.05,/,125.5GiB,23.15%,36.8TB,/,36.7TB,837GB,/,226GB,637
2022-09-29 15:08:39,c816071a941c,hadoop-slave6.1.jyquyq8eoldtbvk9z2h8twuih,2240.29%,29.05,/,125.5GiB,26.87%,36.8TB,/,36.7TB,837GB,/,226GB,637
2022-9-29 15:08:40,c816071a941c,hadoop-slave6.1.jyquyq8eoldtbvk9z2h8twuih,3772.17%,38.39,/,125.5GiB,30.59%,36.8TB,/,36.7TB,837GB,/,226GB,637
2022-09-29 15:08:41,c816071a941c,hadoop-slave6.1.jyquyq8eoldtbvk9z2h8twuih,3442.64%,38.39,/,125.5GiB,30.8%,36.8TB,/,36.7TB,837GB,/,226GB,637
2022-9-29 15:08:42,c816071a941c,hadoop-slave6.1.jyquyq8eoldtbvk9z2h8twuih,3113.12%,38.9,/,125.5GiB,31.00%,36.8TB,/,36.7TB,837GB,/,226GB,637
2022-09-29 15:08:43,c816071a941c,hadoop-slave6.1.jyquyq8eoldtbvk9z2h8twuih,2742.94%,38.9,/,125.5GiB,30.88%,36.8TB,/,36.7TB,837GB,/,226GB,637
2022-9-29 15:08:44,c816071a941c,hadoop-slave6.1.jyquyq8eoldtbvk9z2h8twuih,2372.76%,38.6,/,125.5GiB,30.76%,36.8TB,/,36.7TB,837GB,/,226GB,637
2022-09-29 15:08:45,c816071a941c,hadoop-slave6.1.jyquyq8eoldtbvk9z2h8twuih,1758.39%,38.6,/,125.5GiB,30.12%,36.8TB,/,36.7TB,837GB,/,226GB,637
2022-9-29 15:08:46,c816071a941c,hadoop-slave6.1.jyquyq8eoldtbvk9z2h8twuih,1144.03%,37.02,/,125.5GiB,29.49%,36.8TB,/,36.7TB,837GB,/,226GB,637
2022-09-29 15:08:47,c816071a941c,hadoop-slave6.1.jyquyq8eoldtbvk9z2h8twuih,870.39%,37.02,/,125.5GiB,29.2%,36.8TB,/,36.7TB,837GB,/,226GB,637
2022-9-29 15:08:48,c816071a941c,hadoop-slave6.1.jyquyq8eoldtbvk9z2h8twuih,596.75%,36.27,/,125.5GiB,28.90%,36.8TB,/,36.7TB,837GB,/,226GB,637
2022-09-29 15:08:49,c816071a941c,hadoop-slave6.1.jyquyq8eoldtbvk9z2h8twuih,640.18%,36.27,/,125.5GiB,28.91%,36.8TB,/,36.7TB,837GB,/,226GB,637
2022-9-29 15:08:50,c816071a941c,hadoop-slave6.1.jyquyq8eoldtbvk9z2h8twuih,683.61%,36.29,/,125.5GiB,28.91%,36.8TB,/,36.7TB,837GB,/,226GB,637
2022-09-29 15:08:51,c816071a941c,hadoop-slave6.1.jyquyq8eoldtbvk9z2h8twuih,597.06%,36.29,/,125.5GiB,28.91%,36.8TB,/,36.7TB,837GB,/,226GB,637
2022-9-29 15:08:52,c816071a941c,hadoop-slave6.1.jyquyq8eoldtbvk9z2h8twuih,510.50%,36.3,/,125.5GiB,28.92%,36.8TB,/,36.7TB,837GB,/,226GB,637
2022-09-29 15:08:53,c816071a941c,hadoop-slave6.1.jyquyq8eoldtbvk9z2h8twuih,516.99%,36.3,/,125.5GiB,28.93%,36.8TB,/,36.7TB,837GB,/,226GB,637
2022-9-29 15:08:54,c816071a941c,hadoop-slave6.1.jyquyq8eoldtbvk9z2h8twuih,523.47%,36.31,/,125.5GiB,28.93%,36.8TB,/,36.7TB,837GB,/,226GB,640
2022-09-29 15:08:55,c816071a941c,hadoop-slave6.1.jyquyq8eoldtbvk9z2h8twuih,501.75%,36.31,/,125.5GiB,28.94%,36.8TB,/,36.7TB,837GB,/,226GB,640
2022-9-29 15:08:56,c816071a941c,hadoop-slave6.1.jyquyq8eoldtbvk9z2h8twuih,480.04%,36.32,/,125.5GiB,28.94%,36.8TB,/,36.7TB,837GB,/,226GB,640
2022-09-29 15:08:57,c816071a941c,hadoop-slave6.1.jyquyq8eoldtbvk9z2h8twuih,483.92%,36.32,/,125.5GiB,28.95%,36.8TB,/,36.7TB,837GB,/,226GB,640
2022-9-29 15:08:58,c816071a941c,hadoop-slave6.1.jyquyq8eoldtbvk9z2h8twuih,487.79%,36.33,/,125.5GiB,28.95%,36.8TB,/,36.7TB,837GB,/,226GB,640
2022-09-29 15:08:59,c816071a941c,hadoop-slave6.1.jyquyq8eoldtbvk9z2h8twuih,464.48%,36.33,/,125.5GiB,28.95%,36.8TB,/,36.7TB,837GB,/,226GB,640
2022-9-29 15:09:00,c816071a941c,hadoop-slave6.1.jyquyq8eoldtbvk9z2h8twuih,441.17%,36.33,/,125.5GiB,28.95%,36.8TB,/,36.7TB,837GB,/,226GB,638
2022-09-29 15:09:01,c816071a941c,hadoop-slave6.1.jyquyq8eoldtbvk9z2h8twuih,421.26%,36.33,/,125.5GiB,28.95%,36.8TB,/,36.7TB,837GB,/,226GB,638
2022-9-29 15:09:02,c816071a941c,hadoop-slave6.1.jyquyq8eoldtbvk9z2h8twuih,401.36%,36.34,/,125.5GiB,28.96%,36.8TB,/,36.7TB,837GB,/,226GB,636
2022-09-29 15:09:03,c816071a941c,hadoop-slave6.1.jyquyq8eoldtbvk9z2h8twuih,377.09%,36.34,/,125.5GiB,28.96%,36.8TB,/,36.7TB,837GB,/,226GB,636
2022-9-29 15:09:04,c816071a941c,hadoop-slave6.1.jyquyq8eoldtbvk9z2h8twuih,352.81%,36.34,/,125.5GiB,28.96%,36.8TB,/,36.7TB,837GB,/,226GB,636
2022-09-29 15:09:05,c816071a941c,hadoop-slave6.1.jyquyq8eoldtbvk9z2h8twuih,214.12%,36.34,/,125.5GiB,28.96%,36.8TB,/,36.7TB,837GB,/,226GB,636
2022-9-29 15:09:06,c816071a941c,hadoop-slave6.1.jyquyq8eoldtbvk9z2h8twuih,75.44%,36.35,/,125.5GiB,28.96%,36.8TB,/,36.7TB,837GB,/,226GB,636
2022-09-29 15:09:07,c816071a941c,hadoop-slave6.1.jyquyq8eoldtbvk9z2h8twuih,40.02%,36.35,/,125.5GiB,28.96%,36.8TB,/,36.7TB,837GB,/,226GB,636
2022-9-29 15:09:08,c816071a941c,hadoop-slave6.1.jyquyq8eoldtbvk9z2h8twuih,4.61%,36.35,/,125.5GiB,28.97%,36.8TB,/,36.7TB,837GB,/,226GB,636
2022-09-29 15:09:09,c816071a941c,hadoop-slave6.1.jyquyq8eoldtbvk9z2h8twuih,3.35%,36.35,/,125.5GiB,28.97%,36.8TB,/,36.7TB,837GB,/,226GB,636
2022-9-29 15:09:10,c816071a941c,hadoop-slave6.1.jyquyq8eoldtbvk9z2h8twuih,2.09%,36.35,/,125.5GiB,28.97%,36.8TB,/,36.7TB,837GB,/,226GB,636
2022-09-29 15:09:11,c816071a941c,hadoop-slave6.1.jyquyq8eoldtbvk9z2h8twuih,1.69%,36.35,/,125.5GiB,28.97%,36.8TB,/,36.7TB,837GB,/,226GB,636
2022-9-29 15:09:12,c816071a941c,hadoop-slave6.1.jyquyq8eoldtbvk9z2h8twuih,1.28%,36.36,/,125.5GiB,28.97%,36.8TB,/,36.7TB,837GB,/,226GB,636
2022-09-29 15:09:13,c816071a941c,hadoop-slave6.1.jyquyq8eoldtbvk9z2h8twuih,264.43%,36.36,/,125.5GiB,29.0%,36.8TB,/,36.7TB,837GB,/,226GB,636
2022-9-29 15:09:14,c816071a941c,hadoop-slave6.1.jyquyq8eoldtbvk9z2h8twuih,527.58%,36.43,/,125.5GiB,29.03%,36.8TB,/,36.7TB,837GB,/,226GB,644
2022-09-29 15:09:15,c816071a941c,hadoop-slave6.1.jyquyq8eoldtbvk9z2h8twuih,334.32%,36.43,/,125.5GiB,29.16%,36.8TB,/,36.7TB,837GB,/,226GB,644
2022-9-29 15:09:16,c816071a941c,hadoop-slave6.1.jyquyq8eoldtbvk9z2h8twuih,141.06%,36.76,/,125.5GiB,29.29%,36.8TB,/,36.7TB,837GB,/,226GB,656
2022-09-29 15:09:17,c816071a941c,hadoop-slave6.1.jyquyq8eoldtbvk9z2h8twuih,73.76%,36.76,/,125.5GiB,29.18%,36.8TB,/,36.7TB,837GB,/,226GB,656
2022-09-29 15:09:18,c816071a941c,hadoop-slave6.1.jyquyq8eoldtbvk9z2h8twuih,73.76%,36.76,/,125.5GiB,29.18%,36.8TB,/,36.7TB,837GB,/,226GB,656
2022-9-29 15:09:19,c816071a941c,hadoop-slave6.1.jyquyq8eoldtbvk9z2h8twuih,6.46%,36.48,/,125.5GiB,29.07%,36.8TB,/,36.7TB,837GB,/,226GB,650
2022-09-29 15:09:20,c816071a941c,hadoop-slave6.1.jyquyq8eoldtbvk9z2h8twuih,35.9%,36.48,/,125.5GiB,22.12%,36.8TB,/,36.7TB,837GB,/,226GB,650
2022-9-29 15:09:21,c816071a941c,hadoop-slave6.1.jyquyq8eoldtbvk9z2h8twuih,65.34%,19.05,/,125.5GiB,15.18%,36.8TB,/,36.7TB,837GB,/,226GB,311
2022-09-29 15:09:22,c816071a941c,hadoop-slave6.1.jyquyq8eoldtbvk9z2h8twuih,33.18%,19.05,/,125.5GiB,15.18%,36.8TB,/,36.7TB,837GB,/,226GB,311
2022-9-29 15:09:23,c816071a941c,hadoop-slave6.1.jyquyq8eoldtbvk9z2h8twuih,1.01%,19.05,/,125.5GiB,15.18%,36.8TB,/,36.7TB,837GB,/,226GB,312
2022-09-29 15:09:24,c816071a941c,hadoop-slave6.1.jyquyq8eoldtbvk9z2h8twuih,0.79%,19.05,/,125.5GiB,15.18%,36.8TB,/,36.7TB,837GB,/,226GB,312
2022-9-29 15:09:25,c816071a941c,hadoop-slave6.1.jyquyq8eoldtbvk9z2h8twuih,0.58%,19.05,/,125.5GiB,15.18%,36.8TB,/,36.7TB,837GB,/,226GB,311
2022-09-29 15:09:26,c816071a941c,hadoop-slave6.1.jyquyq8eoldtbvk9z2h8twuih,0.61%,19.05,/,125.5GiB,15.18%,36.8TB,/,36.7TB,837GB,/,226GB,311
2022-9-29 15:09:27,c816071a941c,hadoop-slave6.1.jyquyq8eoldtbvk9z2h8twuih,0.65%,19.05,/,125.5GiB,15.18%,36.8TB,/,36.7TB,837GB,/,226GB,310
2022-09-29 15:09:28,c816071a941c,hadoop-slave6.1.jyquyq8eoldtbvk9z2h8twuih,0.65%,19.05,/,125.5GiB,15.18%,36.8TB,/,36.7TB,837GB,/,226GB,310
2022-9-29 15:09:29,c816071a941c,hadoop-slave6.1.jyquyq8eoldtbvk9z2h8twuih,0.65%,19.05,/,125.5GiB,15.18%,36.8TB,/,36.7TB,837GB,/,226GB,310
2022-09-29 15:09:30,c816071a941c,hadoop-slave6.1.jyquyq8eoldtbvk9z2h8twuih,0.6%,19.05,/,125.5GiB,15.18%,36.8TB,/,36.7TB,837GB,/,226GB,310
2022-9-29 15:09:31,c816071a941c,hadoop-slave6.1.jyquyq8eoldtbvk9z2h8twuih,0.56%,19.05,/,125.5GiB,15.18%,36.8TB,/,36.7TB,837GB,/,226GB,310
2022-09-29 15:09:32,c816071a941c,hadoop-slave6.1.jyquyq8eoldtbvk9z2h8twuih,0.57%,19.05,/,125.5GiB,15.18%,36.8TB,/,36.7TB,837GB,/,226GB,310
2022-9-29 15:09:33,c816071a941c,hadoop-slave6.1.jyquyq8eoldtbvk9z2h8twuih,0.58%,19.05,/,125.5GiB,15.18%,36.8TB,/,36.7TB,837GB,/,226GB,309
2022-09-29 15:09:34,c816071a941c,hadoop-slave6.1.jyquyq8eoldtbvk9z2h8twuih,0.62%,19.05,/,125.5GiB,15.18%,36.8TB,/,36.7TB,837GB,/,226GB,309
2022-9-29 15:09:35,c816071a941c,hadoop-slave6.1.jyquyq8eoldtbvk9z2h8twuih,0.66%,19.05,/,125.5GiB,15.18%,36.8TB,/,36.7TB,837GB,/,226GB,309
2022-09-29 15:09:36,c816071a941c,hadoop-slave6.1.jyquyq8eoldtbvk9z2h8twuih,0.62%,19.05,/,125.5GiB,15.18%,36.8TB,/,36.7TB,837GB,/,226GB,309
2022-9-29 15:09:37,c816071a941c,hadoop-slave6.1.jyquyq8eoldtbvk9z2h8twuih,0.59%,19.05,/,125.5GiB,15.18%,36.8TB,/,36.7TB,837GB,/,226GB,309
2022-09-29 15:09:38,c816071a941c,hadoop-slave6.1.jyquyq8eoldtbvk9z2h8twuih,0.59%,19.05,/,125.5GiB,15.18%,36.8TB,/,36.7TB,837GB,/,226GB,309
2022-9-29 15:09:39,c816071a941c,hadoop-slave6.1.jyquyq8eoldtbvk9z2h8twuih,0.59%,19.05,/,125.5GiB,15.18%,36.8TB,/,36.7TB,837GB,/,226GB,309
2022-09-29 15:09:40,c816071a941c,hadoop-slave6.1.jyquyq8eoldtbvk9z2h8twuih,0.61%,19.05,/,125.5GiB,15.18%,36.8TB,/,36.7TB,837GB,/,226GB,309
2022-9-29 15:09:41,c816071a941c,hadoop-slave6.1.jyquyq8eoldtbvk9z2h8twuih,0.63%,19.05,/,125.5GiB,15.18%,36.8TB,/,36.7TB,837GB,/,226GB,309
2022-09-29 15:09:42,c816071a941c,hadoop-slave6.1.jyquyq8eoldtbvk9z2h8twuih,0.59%,19.05,/,125.5GiB,15.18%,36.8TB,/,36.7TB,837GB,/,226GB,309
2022-9-29 15:09:43,c816071a941c,hadoop-slave6.1.jyquyq8eoldtbvk9z2h8twuih,0.55%,19.05,/,125.5GiB,15.18%,36.8TB,/,36.7TB,837GB,/,226GB,309
2022-09-29 15:09:44,c816071a941c,hadoop-slave6.1.jyquyq8eoldtbvk9z2h8twuih,0.56%,19.05,/,125.5GiB,15.18%,36.8TB,/,36.7TB,837GB,/,226GB,309
2022-9-29 15:09:45,c816071a941c,hadoop-slave6.1.jyquyq8eoldtbvk9z2h8twuih,0.57%,19.05,/,125.5GiB,15.18%,36.8TB,/,36.7TB,837GB,/,226GB,309
2022-09-29 15:09:46,c816071a941c,hadoop-slave6.1.jyquyq8eoldtbvk9z2h8twuih,0.61%,19.05,/,125.5GiB,15.18%,36.8TB,/,36.7TB,837GB,/,226GB,309
2022-9-29 15:09:47,c816071a941c,hadoop-slave6.1.jyquyq8eoldtbvk9z2h8twuih,0.65%,19.05,/,125.5GiB,15.18%,36.8TB,/,36.7TB,837GB,/,226GB,309
2022-09-29 15:09:48,c816071a941c,hadoop-slave6.1.jyquyq8eoldtbvk9z2h8twuih,0.6%,19.05,/,125.5GiB,15.18%,36.8TB,/,36.7TB,837GB,/,226GB,309
2022-9-29 15:09:49,c816071a941c,hadoop-slave6.1.jyquyq8eoldtbvk9z2h8twuih,0.56%,19.05,/,125.5GiB,15.18%,36.8TB,/,36.7TB,837GB,/,226GB,309
2022-09-29 15:09:50,c816071a941c,hadoop-slave6.1.jyquyq8eoldtbvk9z2h8twuih,0.57%,19.05,/,125.5GiB,15.18%,36.8TB,/,36.7TB,837GB,/,226GB,309
2022-9-29 15:09:51,c816071a941c,hadoop-slave6.1.jyquyq8eoldtbvk9z2h8twuih,0.59%,19.05,/,125.5GiB,15.18%,36.8TB,/,36.7TB,837GB,/,226GB,309
2022-09-29 15:09:52,c816071a941c,hadoop-slave6.1.jyquyq8eoldtbvk9z2h8twuih,0.6%,19.05,/,125.5GiB,15.18%,36.8TB,/,36.7TB,837GB,/,226GB,309
2022-9-29 15:09:53,c816071a941c,hadoop-slave6.1.jyquyq8eoldtbvk9z2h8twuih,0.61%,19.05,/,125.5GiB,15.18%,36.8TB,/,36.7TB,837GB,/,226GB,309
2022-09-29 15:09:54,c816071a941c,hadoop-slave6.1.jyquyq8eoldtbvk9z2h8twuih,0.58%,19.05,/,125.5GiB,15.18%,36.8TB,/,36.7TB,837GB,/,226GB,309
2022-9-29 15:09:55,c816071a941c,hadoop-slave6.1.jyquyq8eoldtbvk9z2h8twuih,0.56%,19.05,/,125.5GiB,15.18%,36.8TB,/,36.7TB,837GB,/,226GB,309
2022-09-29 15:09:56,c816071a941c,hadoop-slave6.1.jyquyq8eoldtbvk9z2h8twuih,0.57%,19.05,/,125.5GiB,15.18%,36.8TB,/,36.7TB,837GB,/,226GB,309
2022-9-29 15:09:57,c816071a941c,hadoop-slave6.1.jyquyq8eoldtbvk9z2h8twuih,0.59%,19.05,/,125.5GiB,15.18%,36.8TB,/,36.7TB,837GB,/,226GB,309
2022-09-29 15:09:58,c816071a941c,hadoop-slave6.1.jyquyq8eoldtbvk9z2h8twuih,0.6%,19.05,/,125.5GiB,15.18%,36.8TB,/,36.7TB,837GB,/,226GB,309
2022-9-29 15:09:59,c816071a941c,hadoop-slave6.1.jyquyq8eoldtbvk9z2h8twuih,0.62%,19.05,/,125.5GiB,15.18%,36.8TB,/,36.7TB,837GB,/,226GB,309
2022-09-29 15:10:00,c816071a941c,hadoop-slave6.1.jyquyq8eoldtbvk9z2h8twuih,0.61%,19.05,/,125.5GiB,15.18%,36.8TB,/,36.7TB,837GB,/,226GB,309
2022-9-29 15:10:01,c816071a941c,hadoop-slave6.1.jyquyq8eoldtbvk9z2h8twuih,0.60%,19.05,/,125.5GiB,15.18%,36.8TB,/,36.7TB,837GB,/,226GB,309
2022-09-29 15:10:02,c816071a941c,hadoop-slave6.1.jyquyq8eoldtbvk9z2h8twuih,0.56%,19.05,/,125.5GiB,15.18%,36.8TB,/,36.7TB,837GB,/,226GB,309
2022-9-29 15:10:03,c816071a941c,hadoop-slave6.1.jyquyq8eoldtbvk9z2h8twuih,0.53%,19.05,/,125.5GiB,15.18%,36.8TB,/,36.7TB,837GB,/,226GB,309
2022-09-29 15:10:04,c816071a941c,hadoop-slave6.1.jyquyq8eoldtbvk9z2h8twuih,0.57%,19.05,/,125.5GiB,15.18%,36.8TB,/,36.7TB,837GB,/,226GB,309
2022-9-29 15:10:05,c816071a941c,hadoop-slave6.1.jyquyq8eoldtbvk9z2h8twuih,0.61%,19.05,/,125.5GiB,15.18%,36.8TB,/,36.7TB,837GB,/,226GB,309
2022-09-29 15:10:06,c816071a941c,hadoop-slave6.1.jyquyq8eoldtbvk9z2h8twuih,0.6%,19.05,/,125.5GiB,15.18%,36.8TB,/,36.7TB,837GB,/,226GB,309
2022-9-29 15:10:07,c816071a941c,hadoop-slave6.1.jyquyq8eoldtbvk9z2h8twuih,0.59%,19.05,/,125.5GiB,15.18%,36.8TB,/,36.7TB,837GB,/,226GB,309
2022-09-29 15:10:08,c816071a941c,hadoop-slave6.1.jyquyq8eoldtbvk9z2h8twuih,0.56%,19.05,/,125.5GiB,15.18%,36.8TB,/,36.7TB,837GB,/,226GB,309
2022-9-29 15:10:09,c816071a941c,hadoop-slave6.1.jyquyq8eoldtbvk9z2h8twuih,0.54%,19.05,/,125.5GiB,15.18%,36.8TB,/,36.7TB,837GB,/,226GB,309
2022-09-29 15:10:10,c816071a941c,hadoop-slave6.1.jyquyq8eoldtbvk9z2h8twuih,0.59%,19.05,/,125.5GiB,15.18%,36.8TB,/,36.7TB,837GB,/,226GB,309
2022-9-29 15:10:11,c816071a941c,hadoop-slave6.1.jyquyq8eoldtbvk9z2h8twuih,0.65%,19.05,/,125.5GiB,15.18%,36.8TB,/,36.7TB,837GB,/,226GB,309
2022-09-29 15:10:12,c816071a941c,hadoop-slave6.1.jyquyq8eoldtbvk9z2h8twuih,0.62%,19.05,/,125.5GiB,15.18%,36.8TB,/,36.7TB,837GB,/,226GB,309
2022-9-29 15:10:13,c816071a941c,hadoop-slave6.1.jyquyq8eoldtbvk9z2h8twuih,0.60%,19.05,/,125.5GiB,15.18%,36.8TB,/,36.7TB,837GB,/,226GB,309
2022-09-29 15:10:14,c816071a941c,hadoop-slave6.1.jyquyq8eoldtbvk9z2h8twuih,0.57%,19.05,/,125.5GiB,15.18%,36.8TB,/,36.7TB,837GB,/,226GB,309
2022-9-29 15:10:15,c816071a941c,hadoop-slave6.1.jyquyq8eoldtbvk9z2h8twuih,0.55%,19.05,/,125.5GiB,15.18%,36.8TB,/,36.7TB,837GB,/,226GB,309
2022-09-29 15:10:16,c816071a941c,hadoop-slave6.1.jyquyq8eoldtbvk9z2h8twuih,0.57%,19.05,/,125.5GiB,15.18%,36.8TB,/,36.7TB,837GB,/,226GB,309
2022-9-29 15:10:17,c816071a941c,hadoop-slave6.1.jyquyq8eoldtbvk9z2h8twuih,0.59%,19.05,/,125.5GiB,15.18%,36.8TB,/,36.7TB,837GB,/,226GB,309
2022-09-29 15:10:18,c816071a941c,hadoop-slave6.1.jyquyq8eoldtbvk9z2h8twuih,0.64%,19.05,/,125.5GiB,15.18%,36.8TB,/,36.7TB,837GB,/,226GB,309
2022-9-29 15:10:19,c816071a941c,hadoop-slave6.1.jyquyq8eoldtbvk9z2h8twuih,0.68%,19.05,/,125.5GiB,15.18%,36.8TB,/,36.7TB,837GB,/,226GB,307
2022-09-29 15:10:20,c816071a941c,hadoop-slave6.1.jyquyq8eoldtbvk9z2h8twuih,0.67%,19.05,/,125.5GiB,15.18%,36.8TB,/,36.7TB,837GB,/,226GB,307
2022-9-29 15:10:21,c816071a941c,hadoop-slave6.1.jyquyq8eoldtbvk9z2h8twuih,0.66%,19.05,/,125.5GiB,15.18%,36.8TB,/,36.7TB,837GB,/,226GB,302
2022-09-29 15:10:22,c816071a941c,hadoop-slave6.1.jyquyq8eoldtbvk9z2h8twuih,0.6%,19.05,/,125.5GiB,15.18%,36.8TB,/,36.7TB,837GB,/,226GB,302
2022-9-29 15:10:23,c816071a941c,hadoop-slave6.1.jyquyq8eoldtbvk9z2h8twuih,0.55%,19.05,/,125.5GiB,15.18%,36.8TB,/,36.7TB,837GB,/,226GB,301
2022-09-29 15:10:24,c816071a941c,hadoop-slave6.1.jyquyq8eoldtbvk9z2h8twuih,0.59%,19.05,/,125.5GiB,15.18%,36.8TB,/,36.7TB,837GB,/,226GB,301
2022-9-29 15:10:25,c816071a941c,hadoop-slave6.1.jyquyq8eoldtbvk9z2h8twuih,0.64%,19.05,/,125.5GiB,15.18%,36.8TB,/,36.7TB,837GB,/,226GB,301
2022-09-29 15:10:26,c816071a941c,hadoop-slave6.1.jyquyq8eoldtbvk9z2h8twuih,0.61%,19.05,/,125.5GiB,15.18%,36.8TB,/,36.7TB,837GB,/,226GB,301
2022-9-29 15:10:27,c816071a941c,hadoop-slave6.1.jyquyq8eoldtbvk9z2h8twuih,0.59%,19.05,/,125.5GiB,15.18%,36.8TB,/,36.7TB,837GB,/,226GB,301
2022-09-29 15:10:28,c816071a941c,hadoop-slave6.1.jyquyq8eoldtbvk9z2h8twuih,0.57%,19.05,/,125.5GiB,15.18%,36.8TB,/,36.7TB,837GB,/,226GB,301
2022-9-29 15:10:29,c816071a941c,hadoop-slave6.1.jyquyq8eoldtbvk9z2h8twuih,0.55%,19.05,/,125.5GiB,15.18%,36.8TB,/,36.7TB,837GB,/,226GB,301
2022-09-29 15:10:30,c816071a941c,hadoop-slave6.1.jyquyq8eoldtbvk9z2h8twuih,0.61%,19.05,/,125.5GiB,15.18%,36.8TB,/,36.7TB,837GB,/,226GB,301
2022-9-29 15:10:31,c816071a941c,hadoop-slave6.1.jyquyq8eoldtbvk9z2h8twuih,0.67%,19.05,/,125.5GiB,15.18%,36.8TB,/,36.7TB,837GB,/,226GB,301
2022-09-29 15:10:32,c816071a941c,hadoop-slave6.1.jyquyq8eoldtbvk9z2h8twuih,0.61%,19.05,/,125.5GiB,15.18%,36.8TB,/,36.7TB,837GB,/,226GB,301
2022-9-29 15:10:33,c816071a941c,hadoop-slave6.1.jyquyq8eoldtbvk9z2h8twuih,0.55%,19.05,/,125.5GiB,15.18%,36.8TB,/,36.7TB,837GB,/,226GB,301
2022-09-29 15:10:34,c816071a941c,hadoop-slave6.1.jyquyq8eoldtbvk9z2h8twuih,0.56%,19.05,/,125.5GiB,15.18%,36.8TB,/,36.7TB,837GB,/,226GB,301
2022-9-29 15:10:35,c816071a941c,hadoop-slave6.1.jyquyq8eoldtbvk9z2h8twuih,0.57%,19.05,/,125.5GiB,15.18%,36.8TB,/,36.7TB,837GB,/,226GB,301
2022-09-29 15:10:36,c816071a941c,hadoop-slave6.1.jyquyq8eoldtbvk9z2h8twuih,0.62%,19.05,/,125.5GiB,15.18%,36.8TB,/,36.7TB,837GB,/,226GB,301
2022-09-29 15:10:37,c816071a941c,hadoop-slave6.1.jyquyq8eoldtbvk9z2h8twuih,0.62%,19.05,/,125.5GiB,15.18%,36.8TB,/,36.7TB,837GB,/,226GB,301
2022-9-29 15:10:38,c816071a941c,hadoop-slave6.1.jyquyq8eoldtbvk9z2h8twuih,0.67%,19.05,/,125.5GiB,15.18%,36.8TB,/,36.7TB,837GB,/,226GB,301
2022-09-29 15:10:39,c816071a941c,hadoop-slave6.1.jyquyq8eoldtbvk9z2h8twuih,0.61%,19.05,/,125.5GiB,15.18%,36.8TB,/,36.7TB,837GB,/,226GB,301
2022-9-29 15:10:40,c816071a941c,hadoop-slave6.1.jyquyq8eoldtbvk9z2h8twuih,0.56%,19.05,/,125.5GiB,15.18%,36.8TB,/,36.7TB,837GB,/,226GB,301
2022-09-29 15:10:41,c816071a941c,hadoop-slave6.1.jyquyq8eoldtbvk9z2h8twuih,0.61%,19.05,/,125.5GiB,15.18%,36.8TB,/,36.7TB,837GB,/,226GB,301
2022-9-29 15:10:42,c816071a941c,hadoop-slave6.1.jyquyq8eoldtbvk9z2h8twuih,0.66%,19.05,/,125.5GiB,15.18%,36.8TB,/,36.7TB,837GB,/,226GB,301
2022-09-29 15:10:43,c816071a941c,hadoop-slave6.1.jyquyq8eoldtbvk9z2h8twuih,0.67%,19.05,/,125.5GiB,15.18%,36.8TB,/,36.7TB,837GB,/,226GB,301
2022-9-29 15:10:44,c816071a941c,hadoop-slave6.1.jyquyq8eoldtbvk9z2h8twuih,0.68%,19.05,/,125.5GiB,15.18%,36.8TB,/,36.7TB,837GB,/,226GB,301
2022-09-29 15:10:45,c816071a941c,hadoop-slave6.1.jyquyq8eoldtbvk9z2h8twuih,0.61%,19.05,/,125.5GiB,15.18%,36.8TB,/,36.7TB,837GB,/,226GB,301
2022-9-29 15:10:46,c816071a941c,hadoop-slave6.1.jyquyq8eoldtbvk9z2h8twuih,0.55%,19.05,/,125.5GiB,15.18%,36.8TB,/,36.7TB,837GB,/,226GB,301
2022-09-29 15:10:47,c816071a941c,hadoop-slave6.1.jyquyq8eoldtbvk9z2h8twuih,0.63%,19.05,/,125.5GiB,15.18%,36.8TB,/,36.7TB,837GB,/,226GB,301
2022-9-29 15:10:48,c816071a941c,hadoop-slave6.1.jyquyq8eoldtbvk9z2h8twuih,0.71%,19.05,/,125.5GiB,15.18%,36.8TB,/,36.7TB,837GB,/,226GB,301
2022-09-29 15:10:49,c816071a941c,hadoop-slave6.1.jyquyq8eoldtbvk9z2h8twuih,0.73%,19.05,/,125.5GiB,15.18%,36.8TB,/,36.7TB,837GB,/,226GB,301
2022-9-29 15:10:50,c816071a941c,hadoop-slave6.1.jyquyq8eoldtbvk9z2h8twuih,0.75%,19.05,/,125.5GiB,15.18%,36.8TB,/,36.7TB,837GB,/,226GB,301
2022-09-29 15:10:51,c816071a941c,hadoop-slave6.1.jyquyq8eoldtbvk9z2h8twuih,0.71%,19.05,/,125.5GiB,15.18%,36.8TB,/,36.7TB,837GB,/,226GB,301
2022-9-29 15:10:52,c816071a941c,hadoop-slave6.1.jyquyq8eoldtbvk9z2h8twuih,0.66%,19.05,/,125.5GiB,15.18%,36.8TB,/,36.7TB,837GB,/,226GB,301
2022-09-29 15:10:53,c816071a941c,hadoop-slave6.1.jyquyq8eoldtbvk9z2h8twuih,0.83%,19.05,/,125.5GiB,15.18%,36.8TB,/,36.7TB,837GB,/,226GB,301
2022-9-29 15:10:54,c816071a941c,hadoop-slave6.1.jyquyq8eoldtbvk9z2h8twuih,1.00%,19.05,/,125.5GiB,15.18%,36.8TB,/,36.7TB,837GB,/,226GB,301
2022-09-29 15:10:55,c816071a941c,hadoop-slave6.1.jyquyq8eoldtbvk9z2h8twuih,0.8%,19.05,/,125.5GiB,15.18%,36.8TB,/,36.7TB,837GB,/,226GB,301
2022-9-29 15:10:56,c816071a941c,hadoop-slave6.1.jyquyq8eoldtbvk9z2h8twuih,0.61%,19.05,/,125.5GiB,15.18%,36.8TB,/,36.7TB,837GB,/,226GB,301
2022-09-29 15:10:57,c816071a941c,hadoop-slave6.1.jyquyq8eoldtbvk9z2h8twuih,0.62%,19.05,/,125.5GiB,15.18%,36.8TB,/,36.7TB,837GB,/,226GB,301
2022-9-29 15:10:58,c816071a941c,hadoop-slave6.1.jyquyq8eoldtbvk9z2h8twuih,0.63%,19.05,/,125.5GiB,15.18%,36.8TB,/,36.7TB,837GB,/,226GB,301
2022-09-29 15:10:59,c816071a941c,hadoop-slave6.1.jyquyq8eoldtbvk9z2h8twuih,0.6%,19.05,/,125.5GiB,15.18%,36.8TB,/,36.7TB,837GB,/,226GB,301
2022-9-29 15:11:00,c816071a941c,hadoop-slave6.1.jyquyq8eoldtbvk9z2h8twuih,0.58%,19.05,/,125.5GiB,15.18%,36.8TB,/,36.7TB,837GB,/,226GB,302
2022-09-29 15:11:01,c816071a941c,hadoop-slave6.1.jyquyq8eoldtbvk9z2h8twuih,13.66%,19.05,/,125.5GiB,15.18%,36.8TB,/,36.7TB,837GB,/,226GB,302
2022-9-29 15:11:02,c816071a941c,hadoop-slave6.1.jyquyq8eoldtbvk9z2h8twuih,26.75%,19.05,/,125.5GiB,15.18%,36.8TB,/,36.7TB,837GB,/,226GB,310
2022-09-29 15:11:03,c816071a941c,hadoop-slave6.1.jyquyq8eoldtbvk9z2h8twuih,31.7%,19.05,/,125.5GiB,15.18%,36.8TB,/,36.7TB,837GB,/,226GB,310
2022-9-29 15:11:04,c816071a941c,hadoop-slave6.1.jyquyq8eoldtbvk9z2h8twuih,36.65%,19.05,/,125.5GiB,15.18%,36.8TB,/,36.7TB,837GB,/,226GB,316
2022-09-29 15:11:05,c816071a941c,hadoop-slave6.1.jyquyq8eoldtbvk9z2h8twuih,33.7%,19.05,/,125.5GiB,15.18%,36.8TB,/,36.7TB,837GB,/,226GB,316
2022-9-29 15:11:06,c816071a941c,hadoop-slave6.1.jyquyq8eoldtbvk9z2h8twuih,30.75%,19.05,/,125.5GiB,15.18%,36.8TB,/,36.7TB,837GB,/,226GB,316
2022-09-29 15:11:07,c816071a941c,hadoop-slave6.1.jyquyq8eoldtbvk9z2h8twuih,48.93%,19.05,/,125.5GiB,15.18%,36.8TB,/,36.7TB,837GB,/,226GB,316
2022-9-29 15:11:08,c816071a941c,hadoop-slave6.1.jyquyq8eoldtbvk9z2h8twuih,67.11%,19.05,/,125.5GiB,15.18%,36.8TB,/,36.7TB,837GB,/,226GB,326
2022-09-29 15:11:09,c816071a941c,hadoop-slave6.1.jyquyq8eoldtbvk9z2h8twuih,334.79%,19.05,/,125.5GiB,15.34%,36.8TB,/,36.7TB,837GB,/,226GB,326
2022-9-29 15:11:10,c816071a941c,hadoop-slave6.1.jyquyq8eoldtbvk9z2h8twuih,602.46%,19.45,/,125.5GiB,15.50%,36.8TB,/,36.7TB,837GB,/,226GB,505
2022-09-29 15:11:11,c816071a941c,hadoop-slave6.1.jyquyq8eoldtbvk9z2h8twuih,512.92%,19.45,/,125.5GiB,15.8%,36.8TB,/,36.7TB,837GB,/,226GB,505
2022-9-29 15:11:12,c816071a941c,hadoop-slave6.1.jyquyq8eoldtbvk9z2h8twuih,423.38%,20.2,/,125.5GiB,16.10%,36.8TB,/,36.7TB,837GB,/,226GB,573
2022-09-29 15:11:13,c816071a941c,hadoop-slave6.1.jyquyq8eoldtbvk9z2h8twuih,237.08%,20.2,/,125.5GiB,16.1%,36.8TB,/,36.7TB,837GB,/,226GB,573
2022-9-29 15:11:14,c816071a941c,hadoop-slave6.1.jyquyq8eoldtbvk9z2h8twuih,50.78%,20.2,/,125.5GiB,16.10%,36.8TB,/,36.7TB,837GB,/,226GB,551
2022-09-29 15:11:15,c816071a941c,hadoop-slave6.1.jyquyq8eoldtbvk9z2h8twuih,399.45%,20.2,/,125.5GiB,16.37%,36.8TB,/,36.7TB,837GB,/,226GB,551
2022-9-29 15:11:16,c816071a941c,hadoop-slave6.1.jyquyq8eoldtbvk9z2h8twuih,748.12%,20.87,/,125.5GiB,16.63%,36.8TB,/,36.7TB,837GB,/,226GB,883
2022-09-29 15:11:17,c816071a941c,hadoop-slave6.1.jyquyq8eoldtbvk9z2h8twuih,408.19%,20.87,/,125.5GiB,16.81%,36.8TB,/,36.7TB,837GB,/,226GB,883
2022-9-29 15:11:18,c816071a941c,hadoop-slave6.1.jyquyq8eoldtbvk9z2h8twuih,68.26%,21.32,/,125.5GiB,16.99%,36.8TB,/,36.7TB,837GB,/,226GB,809
2022-09-29 15:11:19,c816071a941c,hadoop-slave6.1.jyquyq8eoldtbvk9z2h8twuih,35.23%,21.32,/,125.5GiB,16.97%,36.8TB,/,36.7TB,837GB,/,226GB,809
2022-9-29 15:11:20,c816071a941c,hadoop-slave6.1.jyquyq8eoldtbvk9z2h8twuih,2.21%,21.27,/,125.5GiB,16.95%,36.8TB,/,36.7TB,837GB,/,226GB,782
2022-09-29 15:11:21,c816071a941c,hadoop-slave6.1.jyquyq8eoldtbvk9z2h8twuih,633.57%,21.27,/,125.5GiB,17.19%,36.8TB,/,36.7TB,837GB,/,226GB,782
2022-9-29 15:11:22,c816071a941c,hadoop-slave6.1.jyquyq8eoldtbvk9z2h8twuih,1264.93%,21.88,/,125.5GiB,17.43%,36.8TB,/,36.7TB,837GB,/,226GB,797
2022-09-29 15:11:23,c816071a941c,hadoop-slave6.1.jyquyq8eoldtbvk9z2h8twuih,997.42%,21.88,/,125.5GiB,17.54%,36.8TB,/,36.7TB,837GB,/,226GB,797
2022-9-29 15:11:24,c816071a941c,hadoop-slave6.1.jyquyq8eoldtbvk9z2h8twuih,729.92%,22.16,/,125.5GiB,17.65%,36.8TB,/,36.7TB,837GB,/,226GB,838
2022-09-29 15:11:25,c816071a941c,hadoop-slave6.1.jyquyq8eoldtbvk9z2h8twuih,582.56%,22.16,/,125.5GiB,17.74%,36.8TB,/,36.7TB,837GB,/,226GB,838
2022-9-29 15:11:26,c816071a941c,hadoop-slave6.1.jyquyq8eoldtbvk9z2h8twuih,435.20%,22.37,/,125.5GiB,17.83%,36.8TB,/,36.7TB,837GB,/,226GB,863
2022-09-29 15:11:27,c816071a941c,hadoop-slave6.1.jyquyq8eoldtbvk9z2h8twuih,1950.5%,22.37,/,125.5GiB,18.9%,36.8TB,/,36.7TB,837GB,/,226GB,863
2022-9-29 15:11:28,c816071a941c,hadoop-slave6.1.jyquyq8eoldtbvk9z2h8twuih,3465.80%,25.06,/,125.5GiB,19.97%,36.8TB,/,36.7TB,837GB,/,226GB,943
2022-09-29 15:11:29,c816071a941c,hadoop-slave6.1.jyquyq8eoldtbvk9z2h8twuih,3882.03%,25.06,/,125.5GiB,21.39%,36.8TB,/,36.7TB,837GB,/,226GB,943
2022-9-29 15:11:30,c816071a941c,hadoop-slave6.1.jyquyq8eoldtbvk9z2h8twuih,4298.26%,28.64,/,125.5GiB,22.82%,36.8TB,/,36.7TB,837GB,/,226GB,951
2022-09-29 15:11:31,c816071a941c,hadoop-slave6.1.jyquyq8eoldtbvk9z2h8twuih,4228.27%,28.64,/,125.5GiB,25.95%,36.8TB,/,36.7TB,837GB,/,226GB,951
2022-9-29 15:11:32,c816071a941c,hadoop-slave6.1.jyquyq8eoldtbvk9z2h8twuih,4158.27%,36.5,/,125.5GiB,29.09%,36.8TB,/,36.7TB,837GB,/,226GB,1013
2022-09-29 15:11:33,c816071a941c,hadoop-slave6.1.jyquyq8eoldtbvk9z2h8twuih,4339.93%,36.5,/,125.5GiB,30.97%,36.8TB,/,36.7TB,837GB,/,226GB,1013
2022-9-29 15:11:34,c816071a941c,hadoop-slave6.1.jyquyq8eoldtbvk9z2h8twuih,4521.58%,41.22,/,125.5GiB,32.85%,36.8TB,/,36.7TB,837GB,/,226GB,1003
2022-09-29 15:11:35,c816071a941c,hadoop-slave6.1.jyquyq8eoldtbvk9z2h8twuih,4570.04%,41.22,/,125.5GiB,33.67%,36.8TB,/,36.7TB,837GB,/,226GB,1003
2022-9-29 15:11:36,c816071a941c,hadoop-slave6.1.jyquyq8eoldtbvk9z2h8twuih,4618.50%,43.28,/,125.5GiB,34.49%,36.8TB,/,36.7TB,837GB,/,226GB,1013
2022-09-29 15:11:37,c816071a941c,hadoop-slave6.1.jyquyq8eoldtbvk9z2h8twuih,4543.45%,43.28,/,125.5GiB,34.73%,36.8TB,/,36.7TB,837GB,/,226GB,1013
2022-9-29 15:11:38,c816071a941c,hadoop-slave6.1.jyquyq8eoldtbvk9z2h8twuih,4468.41%,43.87,/,125.5GiB,34.96%,36.8TB,/,36.7TB,837GB,/,226GB,1008
2022-09-29 15:11:39,c816071a941c,hadoop-slave6.1.jyquyq8eoldtbvk9z2h8twuih,4496.27%,43.87,/,125.5GiB,34.54%,36.8TB,/,36.7TB,837GB,/,226GB,1008
2022-9-29 15:11:40,c816071a941c,hadoop-slave6.1.jyquyq8eoldtbvk9z2h8twuih,4524.14%,42.82,/,125.5GiB,34.12%,36.8TB,/,36.7TB,837GB,/,226GB,999
2022-09-29 15:11:41,c816071a941c,hadoop-slave6.1.jyquyq8eoldtbvk9z2h8twuih,4249.24%,42.82,/,125.5GiB,34.8%,36.8TB,/,36.7TB,837GB,/,226GB,999
2022-9-29 15:11:42,c816071a941c,hadoop-slave6.1.jyquyq8eoldtbvk9z2h8twuih,3974.34%,44.54,/,125.5GiB,35.49%,36.8TB,/,36.7TB,837GB,/,226GB,996
2022-09-29 15:11:43,c816071a941c,hadoop-slave6.1.jyquyq8eoldtbvk9z2h8twuih,4063.94%,44.54,/,125.5GiB,37.72%,36.8TB,/,36.7TB,837GB,/,226GB,996
2022-9-29 15:11:44,c816071a941c,hadoop-slave6.1.jyquyq8eoldtbvk9z2h8twuih,4153.54%,50.13,/,125.5GiB,39.95%,36.8TB,/,36.7TB,837GB,/,226GB,1003
2022-09-29 15:11:45,c816071a941c,hadoop-slave6.1.jyquyq8eoldtbvk9z2h8twuih,4198.64%,50.13,/,125.5GiB,40.34%,36.8TB,/,36.7TB,837GB,/,226GB,1003
2022-9-29 15:11:46,c816071a941c,hadoop-slave6.1.jyquyq8eoldtbvk9z2h8twuih,4243.73%,51.12,/,125.5GiB,40.73%,36.8TB,/,36.7TB,837GB,/,226GB,996
2022-09-29 15:11:47,c816071a941c,hadoop-slave6.1.jyquyq8eoldtbvk9z2h8twuih,4057.21%,51.12,/,125.5GiB,41.27%,36.8TB,/,36.7TB,837GB,/,226GB,996
2022-9-29 15:11:48,c816071a941c,hadoop-slave6.1.jyquyq8eoldtbvk9z2h8twuih,3870.70%,52.45,/,125.5GiB,41.80%,36.8TB,/,36.7TB,837GB,/,226GB,1015
2022-09-29 15:11:49,c816071a941c,hadoop-slave6.1.jyquyq8eoldtbvk9z2h8twuih,3879.05%,52.45,/,125.5GiB,42.38%,36.8TB,/,36.7TB,837GB,/,226GB,1015
2022-09-29 15:11:50,c816071a941c,hadoop-slave6.1.jyquyq8eoldtbvk9z2h8twuih,3879.05%,52.45,/,125.5GiB,42.38%,36.8TB,/,36.7TB,837GB,/,226GB,1015
2022-9-29 15:11:51,c816071a941c,hadoop-slave6.1.jyquyq8eoldtbvk9z2h8twuih,3887.39%,53.9,/,125.5GiB,42.95%,36.8TB,/,36.7TB,837GB,/,226GB,1019
2022-09-29 15:11:52,c816071a941c,hadoop-slave6.1.jyquyq8eoldtbvk9z2h8twuih,3999.98%,53.9,/,125.5GiB,40.6%,36.8TB,/,36.7TB,837GB,/,226GB,1019
2022-9-29 15:11:53,c816071a941c,hadoop-slave6.1.jyquyq8eoldtbvk9z2h8twuih,4112.58%,48,/,125.5GiB,38.25%,36.8TB,/,36.7TB,837GB,/,226GB,695
2022-09-29 15:11:54,c816071a941c,hadoop-slave6.1.jyquyq8eoldtbvk9z2h8twuih,4134.9%,48,/,125.5GiB,37.3%,36.8TB,/,36.7TB,837GB,/,226GB,695
2022-9-29 15:11:55,c816071a941c,hadoop-slave6.1.jyquyq8eoldtbvk9z2h8twuih,4157.21%,45.62,/,125.5GiB,36.35%,36.8TB,/,36.7TB,837GB,/,226GB,681
2022-09-29 15:11:56,c816071a941c,hadoop-slave6.1.jyquyq8eoldtbvk9z2h8twuih,4034.58%,45.62,/,125.5GiB,36.61%,36.8TB,/,36.7TB,837GB,/,226GB,681
2022-9-29 15:11:57,c816071a941c,hadoop-slave6.1.jyquyq8eoldtbvk9z2h8twuih,3911.95%,46.27,/,125.5GiB,36.87%,36.8TB,/,36.7TB,837GB,/,226GB,682
2022-09-29 15:11:58,c816071a941c,hadoop-slave6.1.jyquyq8eoldtbvk9z2h8twuih,3876.4%,46.27,/,125.5GiB,37.06%,36.8TB,/,36.7TB,837GB,/,226GB,682
2022-9-29 15:11:59,c816071a941c,hadoop-slave6.1.jyquyq8eoldtbvk9z2h8twuih,3840.85%,46.75,/,125.5GiB,37.25%,36.8TB,/,36.7TB,837GB,/,226GB,688
2022-09-29 15:12:00,c816071a941c,hadoop-slave6.1.jyquyq8eoldtbvk9z2h8twuih,3811.44%,46.75,/,125.5GiB,37.53%,36.8TB,/,36.7TB,837GB,/,226GB,688
2022-9-29 15:12:01,c816071a941c,hadoop-slave6.1.jyquyq8eoldtbvk9z2h8twuih,3782.03%,47.45,/,125.5GiB,37.81%,36.8TB,/,36.7TB,837GB,/,226GB,684
2022-09-29 15:12:02,c816071a941c,hadoop-slave6.1.jyquyq8eoldtbvk9z2h8twuih,3901.88%,47.45,/,125.5GiB,37.84%,36.8TB,/,36.7TB,837GB,/,226GB,684
2022-9-29 15:12:03,c816071a941c,hadoop-slave6.1.jyquyq8eoldtbvk9z2h8twuih,4021.73%,47.53,/,125.5GiB,37.88%,36.8TB,/,36.7TB,837GB,/,226GB,681
2022-09-29 15:12:04,c816071a941c,hadoop-slave6.1.jyquyq8eoldtbvk9z2h8twuih,4113.72%,47.53,/,125.5GiB,37.97%,36.8TB,/,36.7TB,837GB,/,226GB,681
2022-9-29 15:12:05,c816071a941c,hadoop-slave6.1.jyquyq8eoldtbvk9z2h8twuih,4205.70%,47.76,/,125.5GiB,38.06%,36.8TB,/,36.7TB,837GB,/,226GB,685
2022-09-29 15:12:06,c816071a941c,hadoop-slave6.1.jyquyq8eoldtbvk9z2h8twuih,4071.71%,47.76,/,125.5GiB,38.15%,36.8TB,/,36.7TB,837GB,/,226GB,685
2022-9-29 15:12:07,c816071a941c,hadoop-slave6.1.jyquyq8eoldtbvk9z2h8twuih,3937.72%,47.98,/,125.5GiB,38.24%,36.8TB,/,36.7TB,837GB,/,226GB,679
2022-09-29 15:12:08,c816071a941c,hadoop-slave6.1.jyquyq8eoldtbvk9z2h8twuih,4032.31%,47.98,/,125.5GiB,38.34%,36.8TB,/,36.7TB,837GB,/,226GB,679
2022-9-29 15:12:09,c816071a941c,hadoop-slave6.1.jyquyq8eoldtbvk9z2h8twuih,4126.91%,48.26,/,125.5GiB,38.45%,36.8TB,/,36.7TB,837GB,/,226GB,679
2022-09-29 15:12:10,c816071a941c,hadoop-slave6.1.jyquyq8eoldtbvk9z2h8twuih,4048.64%,48.26,/,125.5GiB,38.62%,36.8TB,/,36.7TB,837GB,/,226GB,679
2022-9-29 15:12:11,c816071a941c,hadoop-slave6.1.jyquyq8eoldtbvk9z2h8twuih,3970.38%,48.67,/,125.5GiB,38.79%,36.8TB,/,36.7TB,837GB,/,226GB,682
2022-09-29 15:12:12,c816071a941c,hadoop-slave6.1.jyquyq8eoldtbvk9z2h8twuih,4047.43%,48.67,/,125.5GiB,38.95%,36.8TB,/,36.7TB,837GB,/,226GB,682
2022-9-29 15:12:13,c816071a941c,hadoop-slave6.1.jyquyq8eoldtbvk9z2h8twuih,4124.47%,49.07,/,125.5GiB,39.10%,36.8TB,/,36.7TB,837GB,/,226GB,675
2022-09-29 15:12:14,c816071a941c,hadoop-slave6.1.jyquyq8eoldtbvk9z2h8twuih,4036.34%,49.07,/,125.5GiB,39.12%,36.8TB,/,36.7TB,837GB,/,226GB,675
2022-9-29 15:12:15,c816071a941c,hadoop-slave6.1.jyquyq8eoldtbvk9z2h8twuih,3948.21%,49.12,/,125.5GiB,39.14%,36.8TB,/,36.7TB,837GB,/,226GB,700
2022-09-29 15:12:16,c816071a941c,hadoop-slave6.1.jyquyq8eoldtbvk9z2h8twuih,3711.78%,49.12,/,125.5GiB,39.28%,36.8TB,/,36.7TB,837GB,/,226GB,700
2022-9-29 15:12:17,c816071a941c,hadoop-slave6.1.jyquyq8eoldtbvk9z2h8twuih,3475.36%,49.47,/,125.5GiB,39.42%,36.8TB,/,36.7TB,837GB,/,226GB,667
2022-09-29 15:12:18,c816071a941c,hadoop-slave6.1.jyquyq8eoldtbvk9z2h8twuih,2571.09%,49.47,/,125.5GiB,39.78%,36.8TB,/,36.7TB,837GB,/,226GB,667
2022-9-29 15:12:19,c816071a941c,hadoop-slave6.1.jyquyq8eoldtbvk9z2h8twuih,1666.82%,50.36,/,125.5GiB,40.13%,36.8TB,/,36.7TB,837GB,/,226GB,667
2022-09-29 15:12:20,c816071a941c,hadoop-slave6.1.jyquyq8eoldtbvk9z2h8twuih,1323.78%,50.36,/,125.5GiB,40.41%,36.8TB,/,36.7TB,837GB,/,226GB,667
2022-9-29 15:12:21,c816071a941c,hadoop-slave6.1.jyquyq8eoldtbvk9z2h8twuih,980.74%,51.05,/,125.5GiB,40.68%,36.8TB,/,36.7TB,837GB,/,226GB,667
2022-09-29 15:12:22,c816071a941c,hadoop-slave6.1.jyquyq8eoldtbvk9z2h8twuih,644.2%,51.05,/,125.5GiB,40.88%,36.8TB,/,36.7TB,837GB,/,226GB,667
2022-9-29 15:12:23,c816071a941c,hadoop-slave6.1.jyquyq8eoldtbvk9z2h8twuih,307.66%,51.55,/,125.5GiB,41.08%,36.8TB,/,36.7TB,837GB,/,226GB,667
2022-09-29 15:12:24,c816071a941c,hadoop-slave6.1.jyquyq8eoldtbvk9z2h8twuih,284.39%,51.55,/,125.5GiB,41.09%,36.8TB,/,36.7TB,837GB,/,226GB,667
2022-9-29 15:12:25,c816071a941c,hadoop-slave6.1.jyquyq8eoldtbvk9z2h8twuih,261.13%,51.57,/,125.5GiB,41.09%,36.8TB,/,36.7TB,837GB,/,226GB,664
2022-09-29 15:12:26,c816071a941c,hadoop-slave6.1.jyquyq8eoldtbvk9z2h8twuih,174.59%,51.57,/,125.5GiB,41.16%,36.8TB,/,36.7TB,837GB,/,226GB,664
2022-9-29 15:12:27,c816071a941c,hadoop-slave6.1.jyquyq8eoldtbvk9z2h8twuih,88.04%,51.73,/,125.5GiB,41.22%,36.8TB,/,36.7TB,837GB,/,226GB,664
2022-09-29 15:12:28,c816071a941c,hadoop-slave6.1.jyquyq8eoldtbvk9z2h8twuih,393.46%,51.73,/,125.5GiB,41.39%,36.8TB,/,36.7TB,837GB,/,226GB,664
2022-9-29 15:12:29,c816071a941c,hadoop-slave6.1.jyquyq8eoldtbvk9z2h8twuih,698.88%,52.17,/,125.5GiB,41.57%,36.8TB,/,36.7TB,837GB,/,226GB,661
2022-09-29 15:12:30,c816071a941c,hadoop-slave6.1.jyquyq8eoldtbvk9z2h8twuih,512.44%,52.17,/,125.5GiB,41.73%,36.8TB,/,36.7TB,837GB,/,226GB,661
2022-9-29 15:12:31,c816071a941c,hadoop-slave6.1.jyquyq8eoldtbvk9z2h8twuih,326.01%,52.58,/,125.5GiB,41.90%,36.8TB,/,36.7TB,837GB,/,226GB,659
2022-09-29 15:12:32,c816071a941c,hadoop-slave6.1.jyquyq8eoldtbvk9z2h8twuih,349.96%,52.58,/,125.5GiB,41.91%,36.8TB,/,36.7TB,837GB,/,226GB,659
2022-9-29 15:12:33,c816071a941c,hadoop-slave6.1.jyquyq8eoldtbvk9z2h8twuih,373.91%,52.6,/,125.5GiB,41.91%,36.8TB,/,36.7TB,837GB,/,226GB,659
2022-09-29 15:12:34,c816071a941c,hadoop-slave6.1.jyquyq8eoldtbvk9z2h8twuih,359.84%,52.6,/,125.5GiB,41.91%,36.8TB,/,36.7TB,837GB,/,226GB,659
2022-9-29 15:12:35,c816071a941c,hadoop-slave6.1.jyquyq8eoldtbvk9z2h8twuih,345.76%,52.61,/,125.5GiB,41.92%,36.8TB,/,36.7TB,837GB,/,226GB,659
2022-09-29 15:12:36,c816071a941c,hadoop-slave6.1.jyquyq8eoldtbvk9z2h8twuih,665.65%,52.61,/,125.5GiB,42.27%,36.8TB,/,36.7TB,837GB,/,226GB,659
2022-9-29 15:12:37,c816071a941c,hadoop-slave6.1.jyquyq8eoldtbvk9z2h8twuih,985.55%,53.47,/,125.5GiB,42.61%,36.8TB,/,36.7TB,837GB,/,226GB,659
2022-09-29 15:12:38,c816071a941c,hadoop-slave6.1.jyquyq8eoldtbvk9z2h8twuih,1463.53%,53.47,/,125.5GiB,43.58%,36.8TB,/,36.7TB,837GB,/,226GB,659
2022-9-29 15:12:39,c816071a941c,hadoop-slave6.1.jyquyq8eoldtbvk9z2h8twuih,1941.52%,55.9,/,125.5GiB,44.54%,36.8TB,/,36.7TB,837GB,/,226GB,659
2022-09-29 15:12:40,c816071a941c,hadoop-slave6.1.jyquyq8eoldtbvk9z2h8twuih,1199.12%,55.9,/,125.5GiB,44.62%,36.8TB,/,36.7TB,837GB,/,226GB,659
2022-9-29 15:12:41,c816071a941c,hadoop-slave6.1.jyquyq8eoldtbvk9z2h8twuih,456.72%,56.09,/,125.5GiB,44.70%,36.8TB,/,36.7TB,837GB,/,226GB,659
2022-09-29 15:12:42,c816071a941c,hadoop-slave6.1.jyquyq8eoldtbvk9z2h8twuih,511.18%,56.09,/,125.5GiB,44.71%,36.8TB,/,36.7TB,837GB,/,226GB,659
2022-9-29 15:12:43,c816071a941c,hadoop-slave6.1.jyquyq8eoldtbvk9z2h8twuih,565.63%,56.12,/,125.5GiB,44.72%,36.8TB,/,36.7TB,837GB,/,226GB,658
2022-09-29 15:12:44,c816071a941c,hadoop-slave6.1.jyquyq8eoldtbvk9z2h8twuih,1022.89%,56.12,/,125.5GiB,44.73%,36.8TB,/,36.7TB,837GB,/,226GB,658
2022-9-29 15:12:45,c816071a941c,hadoop-slave6.1.jyquyq8eoldtbvk9z2h8twuih,1480.16%,56.16,/,125.5GiB,44.75%,36.8TB,/,36.7TB,837GB,/,226GB,658
2022-09-29 15:12:46,c816071a941c,hadoop-slave6.1.jyquyq8eoldtbvk9z2h8twuih,1457.14%,56.16,/,125.5GiB,44.78%,36.8TB,/,36.7TB,837GB,/,226GB,658
2022-9-29 15:12:47,c816071a941c,hadoop-slave6.1.jyquyq8eoldtbvk9z2h8twuih,1434.12%,56.25,/,125.5GiB,44.82%,36.8TB,/,36.7TB,837GB,/,226GB,658
2022-09-29 15:12:48,c816071a941c,hadoop-slave6.1.jyquyq8eoldtbvk9z2h8twuih,817.72%,56.25,/,125.5GiB,44.83%,36.8TB,/,36.7TB,837GB,/,226GB,658
2022-9-29 15:12:49,c816071a941c,hadoop-slave6.1.jyquyq8eoldtbvk9z2h8twuih,201.32%,56.27,/,125.5GiB,44.83%,36.8TB,/,36.7TB,837GB,/,226GB,658
2022-09-29 15:12:50,c816071a941c,hadoop-slave6.1.jyquyq8eoldtbvk9z2h8twuih,165.16%,56.27,/,125.5GiB,44.84%,36.8TB,/,36.7TB,837GB,/,226GB,658
2022-9-29 15:12:51,c816071a941c,hadoop-slave6.1.jyquyq8eoldtbvk9z2h8twuih,129.01%,56.28,/,125.5GiB,44.85%,36.8TB,/,36.7TB,837GB,/,226GB,658
2022-09-29 15:12:52,c816071a941c,hadoop-slave6.1.jyquyq8eoldtbvk9z2h8twuih,144.78%,56.28,/,125.5GiB,44.86%,36.8TB,/,36.7TB,837GB,/,226GB,658
2022-9-29 15:12:53,c816071a941c,hadoop-slave6.1.jyquyq8eoldtbvk9z2h8twuih,160.56%,56.31,/,125.5GiB,44.87%,36.8TB,/,36.7TB,837GB,/,226GB,652
2022-09-29 15:12:54,c816071a941c,hadoop-slave6.1.jyquyq8eoldtbvk9z2h8twuih,140.41%,56.31,/,125.5GiB,44.88%,36.8TB,/,36.7TB,837GB,/,226GB,652
2022-9-29 15:12:55,c816071a941c,hadoop-slave6.1.jyquyq8eoldtbvk9z2h8twuih,120.26%,56.33,/,125.5GiB,44.88%,36.8TB,/,36.7TB,837GB,/,226GB,650
2022-09-29 15:12:56,c816071a941c,hadoop-slave6.1.jyquyq8eoldtbvk9z2h8twuih,114.63%,56.33,/,125.5GiB,44.89%,36.8TB,/,36.7TB,837GB,/,226GB,650
2022-9-29 15:12:57,c816071a941c,hadoop-slave6.1.jyquyq8eoldtbvk9z2h8twuih,109.00%,56.34,/,125.5GiB,44.89%,36.8TB,/,36.7TB,837GB,/,226GB,650
2022-09-29 15:12:58,c816071a941c,hadoop-slave6.1.jyquyq8eoldtbvk9z2h8twuih,57.41%,56.34,/,125.5GiB,44.89%,36.8TB,/,36.7TB,837GB,/,226GB,650
2022-9-29 15:12:59,c816071a941c,hadoop-slave6.1.jyquyq8eoldtbvk9z2h8twuih,5.82%,56.35,/,125.5GiB,44.90%,36.8TB,/,36.7TB,837GB,/,226GB,650
2022-09-29 15:13:00,c816071a941c,hadoop-slave6.1.jyquyq8eoldtbvk9z2h8twuih,5.58%,56.35,/,125.5GiB,44.9%,36.8TB,/,36.7TB,837GB,/,226GB,650
2022-9-29 15:13:01,c816071a941c,hadoop-slave6.1.jyquyq8eoldtbvk9z2h8twuih,5.33%,56.35,/,125.5GiB,44.90%,36.8TB,/,36.7TB,837GB,/,226GB,650
2022-09-29 15:13:02,c816071a941c,hadoop-slave6.1.jyquyq8eoldtbvk9z2h8twuih,3.46%,56.35,/,125.5GiB,44.9%,36.8TB,/,36.7TB,837GB,/,226GB,650
2022-9-29 15:13:03,c816071a941c,hadoop-slave6.1.jyquyq8eoldtbvk9z2h8twuih,1.58%,56.35,/,125.5GiB,44.90%,36.8TB,/,36.7TB,837GB,/,226GB,650
2022-09-29 15:13:04,c816071a941c,hadoop-slave6.1.jyquyq8eoldtbvk9z2h8twuih,1.49%,56.35,/,125.5GiB,44.9%,36.8TB,/,36.7TB,837GB,/,226GB,650
2022-09-29 15:13:05,c816071a941c,hadoop-slave6.1.jyquyq8eoldtbvk9z2h8twuih,1.49%,56.35,/,125.5GiB,44.9%,36.8TB,/,36.7TB,837GB,/,226GB,650
2022-9-29 15:13:06,c816071a941c,hadoop-slave6.1.jyquyq8eoldtbvk9z2h8twuih,1.40%,56.35,/,125.5GiB,44.90%,36.8TB,/,36.7TB,837GB,/,226GB,650
2022-09-29 15:13:07,c816071a941c,hadoop-slave6.1.jyquyq8eoldtbvk9z2h8twuih,1.11%,56.35,/,125.5GiB,44.9%,36.8TB,/,36.7TB,837GB,/,226GB,650
2022-9-29 15:13:08,c816071a941c,hadoop-slave6.1.jyquyq8eoldtbvk9z2h8twuih,0.82%,56.35,/,125.5GiB,44.90%,36.8TB,/,36.7TB,837GB,/,226GB,650
2022-09-29 15:13:09,c816071a941c,hadoop-slave6.1.jyquyq8eoldtbvk9z2h8twuih,0.8%,56.35,/,125.5GiB,44.9%,36.8TB,/,36.7TB,837GB,/,226GB,650
2022-9-29 15:13:10,c816071a941c,hadoop-slave6.1.jyquyq8eoldtbvk9z2h8twuih,0.79%,56.35,/,125.5GiB,44.90%,36.8TB,/,36.7TB,837GB,/,226GB,650
2022-09-29 15:13:11,c816071a941c,hadoop-slave6.1.jyquyq8eoldtbvk9z2h8twuih,0.78%,56.35,/,125.5GiB,44.9%,36.8TB,/,36.7TB,837GB,/,226GB,650
2022-9-29 15:13:12,c816071a941c,hadoop-slave6.1.jyquyq8eoldtbvk9z2h8twuih,0.77%,56.35,/,125.5GiB,44.90%,36.8TB,/,36.7TB,837GB,/,226GB,650
2022-09-29 15:13:13,c816071a941c,hadoop-slave6.1.jyquyq8eoldtbvk9z2h8twuih,0.99%,56.35,/,125.5GiB,44.9%,36.8TB,/,36.7TB,837GB,/,226GB,650
2022-9-29 15:13:14,c816071a941c,hadoop-slave6.1.jyquyq8eoldtbvk9z2h8twuih,1.21%,56.35,/,125.5GiB,44.90%,36.8TB,/,36.7TB,837GB,/,226GB,650
2022-09-29 15:13:15,c816071a941c,hadoop-slave6.1.jyquyq8eoldtbvk9z2h8twuih,1.21%,56.35,/,125.5GiB,44.9%,36.8TB,/,36.7TB,837GB,/,226GB,650
2022-9-29 15:13:16,c816071a941c,hadoop-slave6.1.jyquyq8eoldtbvk9z2h8twuih,1.22%,56.35,/,125.5GiB,44.90%,36.8TB,/,36.7TB,837GB,/,226GB,642
2022-09-29 15:13:17,c816071a941c,hadoop-slave6.1.jyquyq8eoldtbvk9z2h8twuih,1.12%,56.35,/,125.5GiB,44.9%,36.8TB,/,36.7TB,837GB,/,226GB,642
2022-9-29 15:13:18,c816071a941c,hadoop-slave6.1.jyquyq8eoldtbvk9z2h8twuih,1.02%,56.35,/,125.5GiB,44.90%,36.8TB,/,36.7TB,837GB,/,226GB,612
2022-09-29 15:13:19,c816071a941c,hadoop-slave6.1.jyquyq8eoldtbvk9z2h8twuih,0.93%,56.35,/,125.5GiB,44.9%,36.8TB,/,36.7TB,837GB,/,226GB,612
2022-9-29 15:13:20,c816071a941c,hadoop-slave6.1.jyquyq8eoldtbvk9z2h8twuih,0.83%,56.35,/,125.5GiB,44.90%,36.8TB,/,36.7TB,837GB,/,226GB,612
2022-09-29 15:13:21,c816071a941c,hadoop-slave6.1.jyquyq8eoldtbvk9z2h8twuih,0.82%,56.35,/,125.5GiB,44.9%,36.8TB,/,36.7TB,837GB,/,226GB,612
2022-9-29 15:13:22,c816071a941c,hadoop-slave6.1.jyquyq8eoldtbvk9z2h8twuih,0.82%,56.35,/,125.5GiB,44.90%,36.8TB,/,36.7TB,837GB,/,226GB,612
2022-09-29 15:13:23,c816071a941c,hadoop-slave6.1.jyquyq8eoldtbvk9z2h8twuih,0.93%,56.35,/,125.5GiB,44.9%,36.8TB,/,36.7TB,837GB,/,226GB,612
2022-9-29 15:13:24,c816071a941c,hadoop-slave6.1.jyquyq8eoldtbvk9z2h8twuih,1.04%,56.35,/,125.5GiB,44.90%,36.8TB,/,36.7TB,837GB,/,226GB,612
2022-09-29 15:13:25,c816071a941c,hadoop-slave6.1.jyquyq8eoldtbvk9z2h8twuih,1.14%,56.35,/,125.5GiB,44.9%,36.8TB,/,36.7TB,837GB,/,226GB,612
2022-9-29 15:13:26,c816071a941c,hadoop-slave6.1.jyquyq8eoldtbvk9z2h8twuih,1.23%,56.35,/,125.5GiB,44.90%,36.8TB,/,36.7TB,837GB,/,226GB,612
2022-09-29 15:13:27,c816071a941c,hadoop-slave6.1.jyquyq8eoldtbvk9z2h8twuih,1.64%,56.35,/,125.5GiB,44.9%,36.8TB,/,36.7TB,837GB,/,226GB,612
2022-9-29 15:13:28,c816071a941c,hadoop-slave6.1.jyquyq8eoldtbvk9z2h8twuih,2.04%,56.35,/,125.5GiB,44.90%,36.8TB,/,36.7TB,837GB,/,226GB,612
2022-09-29 15:13:29,c816071a941c,hadoop-slave6.1.jyquyq8eoldtbvk9z2h8twuih,1.54%,56.35,/,125.5GiB,44.9%,36.8TB,/,36.7TB,837GB,/,226GB,612
2022-9-29 15:13:30,c816071a941c,hadoop-slave6.1.jyquyq8eoldtbvk9z2h8twuih,1.03%,56.35,/,125.5GiB,44.90%,36.8TB,/,36.7TB,837GB,/,226GB,612
2022-09-29 15:13:31,c816071a941c,hadoop-slave6.1.jyquyq8eoldtbvk9z2h8twuih,0.94%,56.35,/,125.5GiB,44.9%,36.8TB,/,36.7TB,837GB,/,226GB,612
2022-9-29 15:13:32,c816071a941c,hadoop-slave6.1.jyquyq8eoldtbvk9z2h8twuih,0.84%,56.35,/,125.5GiB,44.90%,36.8TB,/,36.7TB,837GB,/,226GB,612
2022-09-29 15:13:33,c816071a941c,hadoop-slave6.1.jyquyq8eoldtbvk9z2h8twuih,1.07%,56.35,/,125.5GiB,44.9%,36.8TB,/,36.7TB,837GB,/,226GB,612
2022-9-29 15:13:34,c816071a941c,hadoop-slave6.1.jyquyq8eoldtbvk9z2h8twuih,1.30%,56.35,/,125.5GiB,44.90%,36.8TB,/,36.7TB,837GB,/,226GB,612
2022-09-29 15:13:35,c816071a941c,hadoop-slave6.1.jyquyq8eoldtbvk9z2h8twuih,1.69%,56.35,/,125.5GiB,44.9%,36.8TB,/,36.7TB,837GB,/,226GB,612
2022-9-29 15:13:36,c816071a941c,hadoop-slave6.1.jyquyq8eoldtbvk9z2h8twuih,2.07%,56.35,/,125.5GiB,44.90%,36.8TB,/,36.7TB,837GB,/,226GB,603
2022-09-29 15:13:37,c816071a941c,hadoop-slave6.1.jyquyq8eoldtbvk9z2h8twuih,1.69%,56.35,/,125.5GiB,44.9%,36.8TB,/,36.7TB,837GB,/,226GB,603
2022-9-29 15:13:38,c816071a941c,hadoop-slave6.1.jyquyq8eoldtbvk9z2h8twuih,1.31%,56.35,/,125.5GiB,44.90%,36.8TB,/,36.7TB,837GB,/,226GB,603
2022-09-29 15:13:39,c816071a941c,hadoop-slave6.1.jyquyq8eoldtbvk9z2h8twuih,1.11%,56.35,/,125.5GiB,44.9%,36.8TB,/,36.7TB,837GB,/,226GB,603
2022-9-29 15:13:40,c816071a941c,hadoop-slave6.1.jyquyq8eoldtbvk9z2h8twuih,0.91%,56.35,/,125.5GiB,44.90%,36.8TB,/,36.7TB,837GB,/,226GB,603
2022-09-29 15:13:41,c816071a941c,hadoop-slave6.1.jyquyq8eoldtbvk9z2h8twuih,1.07%,56.35,/,125.5GiB,44.9%,36.8TB,/,36.7TB,837GB,/,226GB,603
2022-9-29 15:13:42,c816071a941c,hadoop-slave6.1.jyquyq8eoldtbvk9z2h8twuih,1.24%,56.35,/,125.5GiB,44.90%,36.8TB,/,36.7TB,837GB,/,226GB,603
2022-09-29 15:13:43,c816071a941c,hadoop-slave6.1.jyquyq8eoldtbvk9z2h8twuih,1.27%,56.35,/,125.5GiB,44.9%,36.8TB,/,36.7TB,837GB,/,226GB,603
2022-9-29 15:13:44,c816071a941c,hadoop-slave6.1.jyquyq8eoldtbvk9z2h8twuih,1.30%,56.35,/,125.5GiB,44.90%,36.8TB,/,36.7TB,837GB,/,226GB,603
2022-09-29 15:13:45,c816071a941c,hadoop-slave6.1.jyquyq8eoldtbvk9z2h8twuih,1.49%,56.35,/,125.5GiB,44.9%,36.8TB,/,36.7TB,837GB,/,226GB,603
2022-9-29 15:13:46,c816071a941c,hadoop-slave6.1.jyquyq8eoldtbvk9z2h8twuih,1.68%,56.35,/,125.5GiB,44.90%,36.8TB,/,36.7TB,837GB,/,226GB,603
2022-09-29 15:13:47,c816071a941c,hadoop-slave6.1.jyquyq8eoldtbvk9z2h8twuih,1.29%,56.35,/,125.5GiB,44.9%,36.8TB,/,36.7TB,837GB,/,226GB,603
2022-9-29 15:13:48,c816071a941c,hadoop-slave6.1.jyquyq8eoldtbvk9z2h8twuih,0.90%,56.35,/,125.5GiB,44.90%,36.8TB,/,36.7TB,837GB,/,226GB,602
2022-09-29 15:13:49,c816071a941c,hadoop-slave6.1.jyquyq8eoldtbvk9z2h8twuih,0.9%,56.35,/,125.5GiB,44.9%,36.8TB,/,36.7TB,837GB,/,226GB,602
2022-9-29 15:13:50,c816071a941c,hadoop-slave6.1.jyquyq8eoldtbvk9z2h8twuih,0.89%,56.35,/,125.5GiB,44.90%,36.8TB,/,36.7TB,837GB,/,226GB,601
2022-09-29 15:13:51,c816071a941c,hadoop-slave6.1.jyquyq8eoldtbvk9z2h8twuih,0.83%,56.35,/,125.5GiB,44.9%,36.8TB,/,36.7TB,837GB,/,226GB,601
2022-9-29 15:13:52,c816071a941c,hadoop-slave6.1.jyquyq8eoldtbvk9z2h8twuih,0.77%,56.35,/,125.5GiB,44.90%,36.8TB,/,36.7TB,837GB,/,226GB,600
2022-09-29 15:13:53,c816071a941c,hadoop-slave6.1.jyquyq8eoldtbvk9z2h8twuih,0.77%,56.35,/,125.5GiB,44.9%,36.8TB,/,36.7TB,837GB,/,226GB,600
2022-9-29 15:13:54,c816071a941c,hadoop-slave6.1.jyquyq8eoldtbvk9z2h8twuih,0.76%,56.35,/,125.5GiB,44.90%,36.8TB,/,36.7TB,837GB,/,226GB,600
2022-09-29 15:13:55,c816071a941c,hadoop-slave6.1.jyquyq8eoldtbvk9z2h8twuih,1.23%,56.35,/,125.5GiB,44.9%,36.8TB,/,36.7TB,837GB,/,226GB,600
2022-9-29 15:13:56,c816071a941c,hadoop-slave6.1.jyquyq8eoldtbvk9z2h8twuih,1.71%,56.35,/,125.5GiB,44.90%,36.8TB,/,36.7TB,837GB,/,226GB,600
2022-09-29 15:13:57,c816071a941c,hadoop-slave6.1.jyquyq8eoldtbvk9z2h8twuih,1.32%,56.35,/,125.5GiB,44.9%,36.8TB,/,36.7TB,837GB,/,226GB,600
2022-9-29 15:13:58,c816071a941c,hadoop-slave6.1.jyquyq8eoldtbvk9z2h8twuih,0.93%,56.35,/,125.5GiB,44.90%,36.8TB,/,36.7TB,837GB,/,226GB,599
2022-09-29 15:13:59,c816071a941c,hadoop-slave6.1.jyquyq8eoldtbvk9z2h8twuih,0.91%,56.35,/,125.5GiB,44.9%,36.8TB,/,36.7TB,837GB,/,226GB,599
2022-9-29 15:14:00,c816071a941c,hadoop-slave6.1.jyquyq8eoldtbvk9z2h8twuih,0.88%,56.35,/,125.5GiB,44.90%,36.8TB,/,36.7TB,837GB,/,226GB,599
2022-09-29 15:14:01,c816071a941c,hadoop-slave6.1.jyquyq8eoldtbvk9z2h8twuih,0.83%,56.35,/,125.5GiB,44.9%,36.8TB,/,36.7TB,837GB,/,226GB,599
2022-9-29 15:14:02,c816071a941c,hadoop-slave6.1.jyquyq8eoldtbvk9z2h8twuih,0.79%,56.35,/,125.5GiB,44.90%,36.8TB,/,36.7TB,837GB,/,226GB,599
2022-09-29 15:14:03,c816071a941c,hadoop-slave6.1.jyquyq8eoldtbvk9z2h8twuih,0.81%,56.35,/,125.5GiB,44.9%,36.8TB,/,36.7TB,837GB,/,226GB,599
2022-9-29 15:14:04,c816071a941c,hadoop-slave6.1.jyquyq8eoldtbvk9z2h8twuih,0.83%,56.35,/,125.5GiB,44.90%,36.8TB,/,36.7TB,837GB,/,226GB,599
2022-09-29 15:14:05,c816071a941c,hadoop-slave6.1.jyquyq8eoldtbvk9z2h8twuih,0.82%,56.35,/,125.5GiB,44.9%,36.8TB,/,36.7TB,837GB,/,226GB,599
2022-9-29 15:14:06,c816071a941c,hadoop-slave6.1.jyquyq8eoldtbvk9z2h8twuih,0.82%,56.35,/,125.5GiB,44.90%,36.8TB,/,36.7TB,837GB,/,226GB,599
2022-09-29 15:14:07,c816071a941c,hadoop-slave6.1.jyquyq8eoldtbvk9z2h8twuih,7.66%,56.35,/,125.5GiB,44.9%,36.8TB,/,36.7TB,837GB,/,226GB,599
2022-9-29 15:14:08,c816071a941c,hadoop-slave6.1.jyquyq8eoldtbvk9z2h8twuih,14.50%,56.35,/,125.5GiB,44.90%,36.8TB,/,36.7TB,837GB,/,226GB,616
2022-09-29 15:14:09,c816071a941c,hadoop-slave6.1.jyquyq8eoldtbvk9z2h8twuih,270.43%,56.35,/,125.5GiB,44.94%,36.8TB,/,36.7TB,837GB,/,226GB,616
2022-9-29 15:14:10,c816071a941c,hadoop-slave6.1.jyquyq8eoldtbvk9z2h8twuih,526.36%,56.43,/,125.5GiB,44.97%,36.8TB,/,36.7TB,837GB,/,226GB,624
2022-09-29 15:14:11,c816071a941c,hadoop-slave6.1.jyquyq8eoldtbvk9z2h8twuih,608.3%,56.43,/,125.5GiB,45.0%,36.8TB,/,36.7TB,837GB,/,226GB,624
2022-9-29 15:14:12,c816071a941c,hadoop-slave6.1.jyquyq8eoldtbvk9z2h8twuih,690.23%,56.5,/,125.5GiB,45.02%,36.8TB,/,36.7TB,837GB,/,226GB,624
2022-09-29 15:14:13,c816071a941c,hadoop-slave6.1.jyquyq8eoldtbvk9z2h8twuih,553.4%,56.5,/,125.5GiB,45.04%,36.8TB,/,36.7TB,837GB,/,226GB,624
2022-9-29 15:14:14,c816071a941c,hadoop-slave6.1.jyquyq8eoldtbvk9z2h8twuih,416.58%,56.55,/,125.5GiB,45.06%,36.8TB,/,36.7TB,837GB,/,226GB,624
2022-09-29 15:14:15,c816071a941c,hadoop-slave6.1.jyquyq8eoldtbvk9z2h8twuih,1023.63%,56.55,/,125.5GiB,45.08%,36.8TB,/,36.7TB,837GB,/,226GB,624
2022-9-29 15:14:16,c816071a941c,hadoop-slave6.1.jyquyq8eoldtbvk9z2h8twuih,1630.69%,56.6,/,125.5GiB,45.10%,36.8TB,/,36.7TB,837GB,/,226GB,624
2022-09-29 15:14:17,c816071a941c,hadoop-slave6.1.jyquyq8eoldtbvk9z2h8twuih,2238.73%,56.6,/,125.5GiB,45.32%,36.8TB,/,36.7TB,837GB,/,226GB,624
2022-9-29 15:14:18,c816071a941c,hadoop-slave6.1.jyquyq8eoldtbvk9z2h8twuih,2846.77%,57.15,/,125.5GiB,45.54%,36.8TB,/,36.7TB,837GB,/,226GB,624
2022-09-29 15:14:19,c816071a941c,hadoop-slave6.1.jyquyq8eoldtbvk9z2h8twuih,3505.72%,57.15,/,125.5GiB,46.34%,36.8TB,/,36.7TB,837GB,/,226GB,624
2022-9-29 15:14:20,c816071a941c,hadoop-slave6.1.jyquyq8eoldtbvk9z2h8twuih,4164.67%,59.17,/,125.5GiB,47.15%,36.8TB,/,36.7TB,837GB,/,226GB,621
2022-09-29 15:14:21,c816071a941c,hadoop-slave6.1.jyquyq8eoldtbvk9z2h8twuih,3423.42%,59.17,/,125.5GiB,46.98%,36.8TB,/,36.7TB,837GB,/,226GB,621
2022-09-29 15:14:22,c816071a941c,hadoop-slave6.1.jyquyq8eoldtbvk9z2h8twuih,3423.42%,59.17,/,125.5GiB,46.98%,36.8TB,/,36.7TB,837GB,/,226GB,621
2022-9-29 15:14:23,c816071a941c,hadoop-slave6.1.jyquyq8eoldtbvk9z2h8twuih,2682.17%,58.75,/,125.5GiB,46.82%,36.8TB,/,36.7TB,837GB,/,226GB,621
2022-09-29 15:14:24,c816071a941c,hadoop-slave6.1.jyquyq8eoldtbvk9z2h8twuih,3074.44%,58.75,/,125.5GiB,46.94%,36.8TB,/,36.7TB,837GB,/,226GB,621
2022-9-29 15:14:25,c816071a941c,hadoop-slave6.1.jyquyq8eoldtbvk9z2h8twuih,3466.71%,59.06,/,125.5GiB,47.06%,36.8TB,/,36.7TB,837GB,/,226GB,682
2022-09-29 15:14:26,c816071a941c,hadoop-slave6.1.jyquyq8eoldtbvk9z2h8twuih,2757.17%,59.06,/,125.5GiB,47.15%,36.8TB,/,36.7TB,837GB,/,226GB,682
2022-9-29 15:14:27,c816071a941c,hadoop-slave6.1.jyquyq8eoldtbvk9z2h8twuih,2047.63%,59.29,/,125.5GiB,47.24%,36.8TB,/,36.7TB,837GB,/,226GB,687
2022-09-29 15:14:28,c816071a941c,hadoop-slave6.1.jyquyq8eoldtbvk9z2h8twuih,2337.88%,59.29,/,125.5GiB,47.27%,36.8TB,/,36.7TB,837GB,/,226GB,687
2022-9-29 15:14:29,c816071a941c,hadoop-slave6.1.jyquyq8eoldtbvk9z2h8twuih,2628.12%,59.35,/,125.5GiB,47.29%,36.8TB,/,36.7TB,837GB,/,226GB,695
2022-09-29 15:14:30,c816071a941c,hadoop-slave6.1.jyquyq8eoldtbvk9z2h8twuih,1553.01%,59.35,/,125.5GiB,47.45%,36.8TB,/,36.7TB,837GB,/,226GB,695
2022-9-29 15:14:31,c816071a941c,hadoop-slave6.1.jyquyq8eoldtbvk9z2h8twuih,477.90%,59.76,/,125.5GiB,47.62%,36.8TB,/,36.7TB,837GB,/,226GB,911
2022-09-29 15:14:32,c816071a941c,hadoop-slave6.1.jyquyq8eoldtbvk9z2h8twuih,538.19%,59.76,/,125.5GiB,47.89%,36.8TB,/,36.7TB,837GB,/,226GB,911
2022-9-29 15:14:33,c816071a941c,hadoop-slave6.1.jyquyq8eoldtbvk9z2h8twuih,598.49%,60.45,/,125.5GiB,48.17%,36.8TB,/,36.7TB,837GB,/,226GB,958
2022-09-29 15:14:34,c816071a941c,hadoop-slave6.1.jyquyq8eoldtbvk9z2h8twuih,301.81%,60.45,/,125.5GiB,48.19%,36.8TB,/,36.7TB,837GB,/,226GB,958
2022-9-29 15:14:35,c816071a941c,hadoop-slave6.1.jyquyq8eoldtbvk9z2h8twuih,5.13%,60.49,/,125.5GiB,48.20%,36.8TB,/,36.7TB,837GB,/,226GB,943
2022-09-29 15:14:36,c816071a941c,hadoop-slave6.1.jyquyq8eoldtbvk9z2h8twuih,3.38%,60.49,/,125.5GiB,48.19%,36.8TB,/,36.7TB,837GB,/,226GB,943
2022-9-29 15:14:37,c816071a941c,hadoop-slave6.1.jyquyq8eoldtbvk9z2h8twuih,1.63%,60.47,/,125.5GiB,48.18%,36.8TB,/,36.7TB,837GB,/,226GB,941
2022-09-29 15:14:38,c816071a941c,hadoop-slave6.1.jyquyq8eoldtbvk9z2h8twuih,1.48%,60.47,/,125.5GiB,48.18%,36.8TB,/,36.7TB,837GB,/,226GB,941
2022-9-29 15:14:39,c816071a941c,hadoop-slave6.1.jyquyq8eoldtbvk9z2h8twuih,1.32%,60.47,/,125.5GiB,48.18%,36.8TB,/,36.7TB,837GB,/,226GB,941
2022-09-29 15:14:40,c816071a941c,hadoop-slave6.1.jyquyq8eoldtbvk9z2h8twuih,8.76%,60.47,/,125.5GiB,48.18%,36.8TB,/,36.7TB,837GB,/,226GB,941
2022-9-29 15:14:41,c816071a941c,hadoop-slave6.1.jyquyq8eoldtbvk9z2h8twuih,16.19%,60.47,/,125.5GiB,48.18%,36.8TB,/,36.7TB,837GB,/,226GB,942
2022-09-29 15:14:42,c816071a941c,hadoop-slave6.1.jyquyq8eoldtbvk9z2h8twuih,223.57%,60.47,/,125.5GiB,47.97%,36.8TB,/,36.7TB,837GB,/,226GB,942
2022-9-29 15:14:43,c816071a941c,hadoop-slave6.1.jyquyq8eoldtbvk9z2h8twuih,430.95%,59.92,/,125.5GiB,47.75%,36.8TB,/,36.7TB,837GB,/,226GB,1003
2022-09-29 15:14:44,c816071a941c,hadoop-slave6.1.jyquyq8eoldtbvk9z2h8twuih,857.05%,59.92,/,125.5GiB,32.57%,36.8TB,/,36.7TB,837GB,/,226GB,1003
2022-9-29 15:14:45,c816071a941c,hadoop-slave6.1.jyquyq8eoldtbvk9z2h8twuih,1283.15%,21.83,/,125.5GiB,17.39%,36.8TB,/,36.7TB,837GB,/,226GB,701
2022-09-29 15:14:46,c816071a941c,hadoop-slave6.1.jyquyq8eoldtbvk9z2h8twuih,2550.61%,21.83,/,125.5GiB,19.31%,36.8TB,/,36.7TB,837GB,/,226GB,701
2022-9-29 15:14:47,c816071a941c,hadoop-slave6.1.jyquyq8eoldtbvk9z2h8twuih,3818.08%,26.65,/,125.5GiB,21.23%,36.8TB,/,36.7TB,837GB,/,226GB,813
2022-09-29 15:14:48,c816071a941c,hadoop-slave6.1.jyquyq8eoldtbvk9z2h8twuih,4143.21%,26.65,/,125.5GiB,22.96%,36.8TB,/,36.7TB,837GB,/,226GB,813
2022-9-29 15:14:49,c816071a941c,hadoop-slave6.1.jyquyq8eoldtbvk9z2h8twuih,4468.34%,30.99,/,125.5GiB,24.70%,36.8TB,/,36.7TB,837GB,/,226GB,839
2022-09-29 15:14:50,c816071a941c,hadoop-slave6.1.jyquyq8eoldtbvk9z2h8twuih,4347.03%,30.99,/,125.5GiB,25.67%,36.8TB,/,36.7TB,837GB,/,226GB,839
2022-9-29 15:14:51,c816071a941c,hadoop-slave6.1.jyquyq8eoldtbvk9z2h8twuih,4225.72%,33.44,/,125.5GiB,26.65%,36.8TB,/,36.7TB,837GB,/,226GB,846
2022-09-29 15:14:52,c816071a941c,hadoop-slave6.1.jyquyq8eoldtbvk9z2h8twuih,3423.74%,33.44,/,125.5GiB,26.99%,36.8TB,/,36.7TB,837GB,/,226GB,846
2022-9-29 15:14:53,c816071a941c,hadoop-slave6.1.jyquyq8eoldtbvk9z2h8twuih,2621.75%,34.32,/,125.5GiB,27.34%,36.8TB,/,36.7TB,837GB,/,226GB,832
2022-09-29 15:14:54,c816071a941c,hadoop-slave6.1.jyquyq8eoldtbvk9z2h8twuih,1914.87%,34.32,/,125.5GiB,28.37%,36.8TB,/,36.7TB,837GB,/,226GB,832
2022-9-29 15:14:55,c816071a941c,hadoop-slave6.1.jyquyq8eoldtbvk9z2h8twuih,1207.98%,36.88,/,125.5GiB,29.39%,36.8TB,/,36.7TB,837GB,/,226GB,817
2022-09-29 15:14:56,c816071a941c,hadoop-slave6.1.jyquyq8eoldtbvk9z2h8twuih,604.45%,36.88,/,125.5GiB,29.39%,36.8TB,/,36.7TB,837GB,/,226GB,817
2022-9-29 15:14:57,c816071a941c,hadoop-slave6.1.jyquyq8eoldtbvk9z2h8twuih,0.91%,36.88,/,125.5GiB,29.39%,36.8TB,/,36.7TB,837GB,/,226GB,817
2022-09-29 15:14:58,c816071a941c,hadoop-slave6.1.jyquyq8eoldtbvk9z2h8twuih,1.28%,36.88,/,125.5GiB,29.39%,36.8TB,/,36.7TB,837GB,/,226GB,817
2022-9-29 15:14:59,c816071a941c,hadoop-slave6.1.jyquyq8eoldtbvk9z2h8twuih,1.66%,36.88,/,125.5GiB,29.39%,36.8TB,/,36.7TB,837GB,/,226GB,817
2022-09-29 15:15:00,c816071a941c,hadoop-slave6.1.jyquyq8eoldtbvk9z2h8twuih,1.84%,36.88,/,125.5GiB,29.39%,36.8TB,/,36.7TB,837GB,/,226GB,817
2022-9-29 15:15:01,c816071a941c,hadoop-slave6.1.jyquyq8eoldtbvk9z2h8twuih,2.02%,36.88,/,125.5GiB,29.39%,36.8TB,/,36.7TB,837GB,/,226GB,817
2022-09-29 15:15:02,c816071a941c,hadoop-slave6.1.jyquyq8eoldtbvk9z2h8twuih,2.63%,36.88,/,125.5GiB,29.39%,36.8TB,/,36.7TB,837GB,/,226GB,817
2022-9-29 15:15:03,c816071a941c,hadoop-slave6.1.jyquyq8eoldtbvk9z2h8twuih,3.25%,36.88,/,125.5GiB,29.39%,36.8TB,/,36.7TB,837GB,/,226GB,813
2022-09-29 15:15:04,c816071a941c,hadoop-slave6.1.jyquyq8eoldtbvk9z2h8twuih,2.13%,36.88,/,125.5GiB,29.39%,36.8TB,/,36.7TB,837GB,/,226GB,813
2022-9-29 15:15:05,c816071a941c,hadoop-slave6.1.jyquyq8eoldtbvk9z2h8twuih,1.02%,36.88,/,125.5GiB,29.39%,36.8TB,/,36.7TB,837GB,/,226GB,813
2022-09-29 15:15:06,c816071a941c,hadoop-slave6.1.jyquyq8eoldtbvk9z2h8twuih,25.06%,36.88,/,125.5GiB,29.62%,36.8TB,/,36.7TB,837GB,/,226GB,813
2022-9-29 15:15:07,c816071a941c,hadoop-slave6.1.jyquyq8eoldtbvk9z2h8twuih,49.09%,37.44,/,125.5GiB,29.84%,36.8TB,/,36.7TB,837GB,/,226GB,835
2022-09-29 15:15:08,c816071a941c,hadoop-slave6.1.jyquyq8eoldtbvk9z2h8twuih,1608.87%,37.44,/,125.5GiB,30.18%,36.8TB,/,36.7TB,837GB,/,226GB,835
2022-9-29 15:15:09,c816071a941c,hadoop-slave6.1.jyquyq8eoldtbvk9z2h8twuih,3168.64%,38.28,/,125.5GiB,30.51%,36.8TB,/,36.7TB,837GB,/,226GB,851
2022-09-29 15:15:10,c816071a941c,hadoop-slave6.1.jyquyq8eoldtbvk9z2h8twuih,2003.62%,38.28,/,125.5GiB,30.71%,36.8TB,/,36.7TB,837GB,/,226GB,851
2022-9-29 15:15:11,c816071a941c,hadoop-slave6.1.jyquyq8eoldtbvk9z2h8twuih,838.59%,38.79,/,125.5GiB,30.91%,36.8TB,/,36.7TB,837GB,/,226GB,854
2022-09-29 15:15:12,c816071a941c,hadoop-slave6.1.jyquyq8eoldtbvk9z2h8twuih,709.37%,38.79,/,125.5GiB,31.01%,36.8TB,/,36.7TB,837GB,/,226GB,854
2022-9-29 15:15:13,c816071a941c,hadoop-slave6.1.jyquyq8eoldtbvk9z2h8twuih,580.15%,39.04,/,125.5GiB,31.11%,36.8TB,/,36.7TB,837GB,/,226GB,854
2022-09-29 15:15:14,c816071a941c,hadoop-slave6.1.jyquyq8eoldtbvk9z2h8twuih,511.3%,39.04,/,125.5GiB,31.23%,36.8TB,/,36.7TB,837GB,/,226GB,854
2022-9-29 15:15:15,c816071a941c,hadoop-slave6.1.jyquyq8eoldtbvk9z2h8twuih,442.45%,39.33,/,125.5GiB,31.34%,36.8TB,/,36.7TB,837GB,/,226GB,854
2022-09-29 15:15:16,c816071a941c,hadoop-slave6.1.jyquyq8eoldtbvk9z2h8twuih,788.86%,39.33,/,125.5GiB,31.68%,36.8TB,/,36.7TB,837GB,/,226GB,854
2022-9-29 15:15:17,c816071a941c,hadoop-slave6.1.jyquyq8eoldtbvk9z2h8twuih,1135.27%,40.18,/,125.5GiB,32.02%,36.8TB,/,36.7TB,837GB,/,226GB,854
2022-09-29 15:15:18,c816071a941c,hadoop-slave6.1.jyquyq8eoldtbvk9z2h8twuih,1182.28%,40.18,/,125.5GiB,32.18%,36.8TB,/,36.7TB,837GB,/,226GB,854
2022-9-29 15:15:19,c816071a941c,hadoop-slave6.1.jyquyq8eoldtbvk9z2h8twuih,1229.30%,40.59,/,125.5GiB,32.34%,36.8TB,/,36.7TB,837GB,/,226GB,854
2022-09-29 15:15:20,c816071a941c,hadoop-slave6.1.jyquyq8eoldtbvk9z2h8twuih,2363.74%,40.59,/,125.5GiB,33.06%,36.8TB,/,36.7TB,837GB,/,226GB,854
2022-9-29 15:15:21,c816071a941c,hadoop-slave6.1.jyquyq8eoldtbvk9z2h8twuih,3498.17%,42.38,/,125.5GiB,33.77%,36.8TB,/,36.7TB,837GB,/,226GB,854
2022-09-29 15:15:22,c816071a941c,hadoop-slave6.1.jyquyq8eoldtbvk9z2h8twuih,2795.07%,42.38,/,125.5GiB,34.23%,36.8TB,/,36.7TB,837GB,/,226GB,854
2022-9-29 15:15:23,c816071a941c,hadoop-slave6.1.jyquyq8eoldtbvk9z2h8twuih,2091.97%,43.54,/,125.5GiB,34.70%,36.8TB,/,36.7TB,837GB,/,226GB,854
2022-09-29 15:15:24,c816071a941c,hadoop-slave6.1.jyquyq8eoldtbvk9z2h8twuih,1986.39%,43.54,/,125.5GiB,34.73%,36.8TB,/,36.7TB,837GB,/,226GB,854
2022-9-29 15:15:25,c816071a941c,hadoop-slave6.1.jyquyq8eoldtbvk9z2h8twuih,1880.82%,43.64,/,125.5GiB,34.77%,36.8TB,/,36.7TB,837GB,/,226GB,853
2022-09-29 15:15:26,c816071a941c,hadoop-slave6.1.jyquyq8eoldtbvk9z2h8twuih,1677.82%,43.64,/,125.5GiB,34.75%,36.8TB,/,36.7TB,837GB,/,226GB,853
2022-9-29 15:15:27,c816071a941c,hadoop-slave6.1.jyquyq8eoldtbvk9z2h8twuih,1474.81%,43.58,/,125.5GiB,34.73%,36.8TB,/,36.7TB,837GB,/,226GB,852
2022-09-29 15:15:28,c816071a941c,hadoop-slave6.1.jyquyq8eoldtbvk9z2h8twuih,1183.9%,43.58,/,125.5GiB,34.66%,36.8TB,/,36.7TB,837GB,/,226GB,852
2022-9-29 15:15:29,c816071a941c,hadoop-slave6.1.jyquyq8eoldtbvk9z2h8twuih,892.99%,43.42,/,125.5GiB,34.60%,36.8TB,/,36.7TB,837GB,/,226GB,845
2022-09-29 15:15:30,c816071a941c,hadoop-slave6.1.jyquyq8eoldtbvk9z2h8twuih,472.24%,43.42,/,125.5GiB,34.61%,36.8TB,/,36.7TB,837GB,/,226GB,845
2022-9-29 15:15:31,c816071a941c,hadoop-slave6.1.jyquyq8eoldtbvk9z2h8twuih,51.48%,43.45,/,125.5GiB,34.62%,36.8TB,/,36.7TB,837GB,/,226GB,840
2022-09-29 15:15:32,c816071a941c,hadoop-slave6.1.jyquyq8eoldtbvk9z2h8twuih,31.28%,43.45,/,125.5GiB,34.63%,36.8TB,/,36.7TB,837GB,/,226GB,840
2022-9-29 15:15:33,c816071a941c,hadoop-slave6.1.jyquyq8eoldtbvk9z2h8twuih,11.08%,43.48,/,125.5GiB,34.65%,36.8TB,/,36.7TB,837GB,/,226GB,838
2022-09-29 15:15:34,c816071a941c,hadoop-slave6.1.jyquyq8eoldtbvk9z2h8twuih,10.28%,43.48,/,125.5GiB,34.66%,36.8TB,/,36.7TB,837GB,/,226GB,838
2022-9-29 15:15:35,c816071a941c,hadoop-slave6.1.jyquyq8eoldtbvk9z2h8twuih,9.47%,43.52,/,125.5GiB,34.68%,36.8TB,/,36.7TB,837GB,/,226GB,838
2022-09-29 15:15:36,c816071a941c,hadoop-slave6.1.jyquyq8eoldtbvk9z2h8twuih,12.86%,43.52,/,125.5GiB,34.69%,36.8TB,/,36.7TB,837GB,/,226GB,838
2022-9-29 15:15:37,c816071a941c,hadoop-slave6.1.jyquyq8eoldtbvk9z2h8twuih,16.25%,43.55,/,125.5GiB,34.70%,36.8TB,/,36.7TB,837GB,/,226GB,838
2022-09-29 15:15:38,c816071a941c,hadoop-slave6.1.jyquyq8eoldtbvk9z2h8twuih,37.04%,43.55,/,125.5GiB,34.72%,36.8TB,/,36.7TB,837GB,/,226GB,838
2022-9-29 15:15:39,c816071a941c,hadoop-slave6.1.jyquyq8eoldtbvk9z2h8twuih,57.83%,43.58,/,125.5GiB,34.73%,36.8TB,/,36.7TB,837GB,/,226GB,853
2022-09-29 15:15:40,c816071a941c,hadoop-slave6.1.jyquyq8eoldtbvk9z2h8twuih,176.1%,43.58,/,125.5GiB,25.09%,36.8TB,/,36.7TB,837GB,/,226GB,853
2022-09-29 15:15:41,c816071a941c,hadoop-slave6.1.jyquyq8eoldtbvk9z2h8twuih,176.1%,43.58,/,125.5GiB,25.09%,36.8TB,/,36.7TB,837GB,/,226GB,853
2022-9-29 15:15:42,c816071a941c,hadoop-slave6.1.jyquyq8eoldtbvk9z2h8twuih,294.37%,19.39,/,125.5GiB,15.45%,36.8TB,/,36.7TB,837GB,/,226GB,321
2022-09-29 15:15:43,c816071a941c,hadoop-slave6.1.jyquyq8eoldtbvk9z2h8twuih,147.49%,19.39,/,125.5GiB,15.45%,36.8TB,/,36.7TB,837GB,/,226GB,321
2022-9-29 15:15:44,c816071a941c,hadoop-slave6.1.jyquyq8eoldtbvk9z2h8twuih,0.60%,19.39,/,125.5GiB,15.45%,36.8TB,/,36.7TB,837GB,/,226GB,322
2022-09-29 15:15:45,c816071a941c,hadoop-slave6.1.jyquyq8eoldtbvk9z2h8twuih,0.62%,19.39,/,125.5GiB,15.45%,36.8TB,/,36.7TB,837GB,/,226GB,322
2022-9-29 15:15:46,c816071a941c,hadoop-slave6.1.jyquyq8eoldtbvk9z2h8twuih,0.65%,19.39,/,125.5GiB,15.45%,36.8TB,/,36.7TB,837GB,/,226GB,315
2022-09-29 15:15:47,c816071a941c,hadoop-slave6.1.jyquyq8eoldtbvk9z2h8twuih,0.62%,19.39,/,125.5GiB,15.45%,36.8TB,/,36.7TB,837GB,/,226GB,315
2022-9-29 15:15:48,c816071a941c,hadoop-slave6.1.jyquyq8eoldtbvk9z2h8twuih,0.60%,19.39,/,125.5GiB,15.45%,36.8TB,/,36.7TB,837GB,/,226GB,314
2022-09-29 15:15:49,c816071a941c,hadoop-slave6.1.jyquyq8eoldtbvk9z2h8twuih,0.62%,19.39,/,125.5GiB,15.45%,36.8TB,/,36.7TB,837GB,/,226GB,314
2022-9-29 15:15:50,c816071a941c,hadoop-slave6.1.jyquyq8eoldtbvk9z2h8twuih,0.65%,19.39,/,125.5GiB,15.45%,36.8TB,/,36.7TB,837GB,/,226GB,314
2022-09-29 15:15:51,c816071a941c,hadoop-slave6.1.jyquyq8eoldtbvk9z2h8twuih,0.64%,19.39,/,125.5GiB,15.45%,36.8TB,/,36.7TB,837GB,/,226GB,314
2022-9-29 15:15:52,c816071a941c,hadoop-slave6.1.jyquyq8eoldtbvk9z2h8twuih,0.63%,19.39,/,125.5GiB,15.45%,36.8TB,/,36.7TB,837GB,/,226GB,314
2022-09-29 15:15:53,c816071a941c,hadoop-slave6.1.jyquyq8eoldtbvk9z2h8twuih,0.6%,19.39,/,125.5GiB,15.45%,36.8TB,/,36.7TB,837GB,/,226GB,314
2022-9-29 15:15:54,c816071a941c,hadoop-slave6.1.jyquyq8eoldtbvk9z2h8twuih,0.57%,19.39,/,125.5GiB,15.45%,36.8TB,/,36.7TB,837GB,/,226GB,313
2022-09-29 15:15:55,c816071a941c,hadoop-slave6.1.jyquyq8eoldtbvk9z2h8twuih,0.61%,19.39,/,125.5GiB,15.45%,36.8TB,/,36.7TB,837GB,/,226GB,313
2022-9-29 15:15:56,c816071a941c,hadoop-slave6.1.jyquyq8eoldtbvk9z2h8twuih,0.65%,19.39,/,125.5GiB,15.45%,36.8TB,/,36.7TB,837GB,/,226GB,313
2022-09-29 15:15:57,c816071a941c,hadoop-slave6.1.jyquyq8eoldtbvk9z2h8twuih,0.62%,19.39,/,125.5GiB,15.45%,36.8TB,/,36.7TB,837GB,/,226GB,313
2022-9-29 15:15:58,c816071a941c,hadoop-slave6.1.jyquyq8eoldtbvk9z2h8twuih,0.60%,19.39,/,125.5GiB,15.45%,36.8TB,/,36.7TB,837GB,/,226GB,313
2022-09-29 15:15:59,c816071a941c,hadoop-slave6.1.jyquyq8eoldtbvk9z2h8twuih,0.59%,19.39,/,125.5GiB,15.45%,36.8TB,/,36.7TB,837GB,/,226GB,313
2022-9-29 15:16:00,c816071a941c,hadoop-slave6.1.jyquyq8eoldtbvk9z2h8twuih,0.58%,19.39,/,125.5GiB,15.45%,36.8TB,/,36.7TB,837GB,/,226GB,313
2022-09-29 15:16:01,c816071a941c,hadoop-slave6.1.jyquyq8eoldtbvk9z2h8twuih,0.62%,19.39,/,125.5GiB,15.45%,36.8TB,/,36.7TB,837GB,/,226GB,313
2022-9-29 15:16:02,c816071a941c,hadoop-slave6.1.jyquyq8eoldtbvk9z2h8twuih,0.66%,19.39,/,125.5GiB,15.45%,36.8TB,/,36.7TB,837GB,/,226GB,313
2022-09-29 15:16:03,c816071a941c,hadoop-slave6.1.jyquyq8eoldtbvk9z2h8twuih,0.61%,19.39,/,125.5GiB,15.45%,36.8TB,/,36.7TB,837GB,/,226GB,313
2022-9-29 15:16:04,c816071a941c,hadoop-slave6.1.jyquyq8eoldtbvk9z2h8twuih,0.56%,19.39,/,125.5GiB,15.45%,36.8TB,/,36.7TB,837GB,/,226GB,313
2022-09-29 15:16:05,c816071a941c,hadoop-slave6.1.jyquyq8eoldtbvk9z2h8twuih,0.56%,19.39,/,125.5GiB,15.45%,36.8TB,/,36.7TB,837GB,/,226GB,313
2022-9-29 15:16:06,c816071a941c,hadoop-slave6.1.jyquyq8eoldtbvk9z2h8twuih,0.56%,19.39,/,125.5GiB,15.45%,36.8TB,/,36.7TB,837GB,/,226GB,313
2022-09-29 15:16:07,c816071a941c,hadoop-slave6.1.jyquyq8eoldtbvk9z2h8twuih,0.61%,19.39,/,125.5GiB,15.45%,36.8TB,/,36.7TB,837GB,/,226GB,313
2022-9-29 15:16:08,c816071a941c,hadoop-slave6.1.jyquyq8eoldtbvk9z2h8twuih,0.67%,19.39,/,125.5GiB,15.45%,36.8TB,/,36.7TB,837GB,/,226GB,313
2022-09-29 15:16:09,c816071a941c,hadoop-slave6.1.jyquyq8eoldtbvk9z2h8twuih,0.61%,19.39,/,125.5GiB,15.45%,36.8TB,/,36.7TB,837GB,/,226GB,313
2022-9-29 15:16:10,c816071a941c,hadoop-slave6.1.jyquyq8eoldtbvk9z2h8twuih,0.56%,19.39,/,125.5GiB,15.45%,36.8TB,/,36.7TB,837GB,/,226GB,313
2022-09-29 15:16:11,c816071a941c,hadoop-slave6.1.jyquyq8eoldtbvk9z2h8twuih,0.57%,19.39,/,125.5GiB,15.45%,36.8TB,/,36.7TB,837GB,/,226GB,313
2022-9-29 15:16:12,c816071a941c,hadoop-slave6.1.jyquyq8eoldtbvk9z2h8twuih,0.58%,19.39,/,125.5GiB,15.45%,36.8TB,/,36.7TB,837GB,/,226GB,313
2022-09-29 15:16:13,c816071a941c,hadoop-slave6.1.jyquyq8eoldtbvk9z2h8twuih,0.59%,19.39,/,125.5GiB,15.45%,36.8TB,/,36.7TB,837GB,/,226GB,313
2022-9-29 15:16:14,c816071a941c,hadoop-slave6.1.jyquyq8eoldtbvk9z2h8twuih,0.61%,19.39,/,125.5GiB,15.45%,36.8TB,/,36.7TB,837GB,/,226GB,313
2022-09-29 15:16:15,c816071a941c,hadoop-slave6.1.jyquyq8eoldtbvk9z2h8twuih,0.59%,19.39,/,125.5GiB,15.45%,36.8TB,/,36.7TB,837GB,/,226GB,313
2022-9-29 15:16:16,c816071a941c,hadoop-slave6.1.jyquyq8eoldtbvk9z2h8twuih,0.57%,19.39,/,125.5GiB,15.45%,36.8TB,/,36.7TB,837GB,/,226GB,313
2022-09-29 15:16:17,c816071a941c,hadoop-slave6.1.jyquyq8eoldtbvk9z2h8twuih,0.57%,19.39,/,125.5GiB,15.45%,36.8TB,/,36.7TB,837GB,/,226GB,313
2022-9-29 15:16:18,c816071a941c,hadoop-slave6.1.jyquyq8eoldtbvk9z2h8twuih,0.57%,19.39,/,125.5GiB,15.45%,36.8TB,/,36.7TB,837GB,/,226GB,313
2022-09-29 15:16:19,c816071a941c,hadoop-slave6.1.jyquyq8eoldtbvk9z2h8twuih,0.59%,19.39,/,125.5GiB,15.45%,36.8TB,/,36.7TB,837GB,/,226GB,313
2022-9-29 15:16:20,c816071a941c,hadoop-slave6.1.jyquyq8eoldtbvk9z2h8twuih,0.61%,19.39,/,125.5GiB,15.45%,36.8TB,/,36.7TB,837GB,/,226GB,313
2022-09-29 15:16:21,c816071a941c,hadoop-slave6.1.jyquyq8eoldtbvk9z2h8twuih,0.6%,19.39,/,125.5GiB,15.45%,36.8TB,/,36.7TB,837GB,/,226GB,313
2022-9-29 15:16:22,c816071a941c,hadoop-slave6.1.jyquyq8eoldtbvk9z2h8twuih,0.59%,19.39,/,125.5GiB,15.45%,36.8TB,/,36.7TB,837GB,/,226GB,313
2022-09-29 15:16:23,c816071a941c,hadoop-slave6.1.jyquyq8eoldtbvk9z2h8twuih,0.56%,19.39,/,125.5GiB,15.45%,36.8TB,/,36.7TB,837GB,/,226GB,313
2022-9-29 15:16:24,c816071a941c,hadoop-slave6.1.jyquyq8eoldtbvk9z2h8twuih,0.53%,19.39,/,125.5GiB,15.45%,36.8TB,/,36.7TB,837GB,/,226GB,313
2022-09-29 15:16:25,c816071a941c,hadoop-slave6.1.jyquyq8eoldtbvk9z2h8twuih,0.57%,19.39,/,125.5GiB,15.45%,36.8TB,/,36.7TB,837GB,/,226GB,313
2022-9-29 15:16:26,c816071a941c,hadoop-slave6.1.jyquyq8eoldtbvk9z2h8twuih,0.62%,19.39,/,125.5GiB,15.45%,36.8TB,/,36.7TB,837GB,/,226GB,313
2022-09-29 15:16:27,c816071a941c,hadoop-slave6.1.jyquyq8eoldtbvk9z2h8twuih,0.6%,19.39,/,125.5GiB,15.45%,36.8TB,/,36.7TB,837GB,/,226GB,313
2022-9-29 15:16:28,c816071a941c,hadoop-slave6.1.jyquyq8eoldtbvk9z2h8twuih,0.59%,19.39,/,125.5GiB,15.45%,36.8TB,/,36.7TB,837GB,/,226GB,313
2022-09-29 15:16:29,c816071a941c,hadoop-slave6.1.jyquyq8eoldtbvk9z2h8twuih,0.57%,19.39,/,125.5GiB,15.45%,36.8TB,/,36.7TB,837GB,/,226GB,313
2022-9-29 15:16:30,c816071a941c,hadoop-slave6.1.jyquyq8eoldtbvk9z2h8twuih,0.56%,19.39,/,125.5GiB,15.45%,36.8TB,/,36.7TB,837GB,/,226GB,313
2022-09-29 15:16:31,c816071a941c,hadoop-slave6.1.jyquyq8eoldtbvk9z2h8twuih,0.6%,19.39,/,125.5GiB,15.45%,36.8TB,/,36.7TB,837GB,/,226GB,313
2022-9-29 15:16:32,c816071a941c,hadoop-slave6.1.jyquyq8eoldtbvk9z2h8twuih,0.64%,19.39,/,125.5GiB,15.45%,36.8TB,/,36.7TB,837GB,/,226GB,313
2022-09-29 15:16:33,c816071a941c,hadoop-slave6.1.jyquyq8eoldtbvk9z2h8twuih,0.59%,19.39,/,125.5GiB,15.45%,36.8TB,/,36.7TB,837GB,/,226GB,313
2022-9-29 15:16:34,c816071a941c,hadoop-slave6.1.jyquyq8eoldtbvk9z2h8twuih,0.55%,19.39,/,125.5GiB,15.45%,36.8TB,/,36.7TB,837GB,/,226GB,313
2022-09-29 15:16:35,c816071a941c,hadoop-slave6.1.jyquyq8eoldtbvk9z2h8twuih,0.57%,19.39,/,125.5GiB,15.45%,36.8TB,/,36.7TB,837GB,/,226GB,313
2022-9-29 15:16:36,c816071a941c,hadoop-slave6.1.jyquyq8eoldtbvk9z2h8twuih,0.60%,19.39,/,125.5GiB,15.45%,36.8TB,/,36.7TB,837GB,/,226GB,313
2022-09-29 15:16:37,c816071a941c,hadoop-slave6.1.jyquyq8eoldtbvk9z2h8twuih,0.59%,19.39,/,125.5GiB,15.45%,36.8TB,/,36.7TB,837GB,/,226GB,313
2022-9-29 15:16:38,c816071a941c,hadoop-slave6.1.jyquyq8eoldtbvk9z2h8twuih,0.59%,19.39,/,125.5GiB,15.45%,36.8TB,/,36.7TB,837GB,/,226GB,313
2022-09-29 15:16:39,c816071a941c,hadoop-slave6.1.jyquyq8eoldtbvk9z2h8twuih,0.6%,19.39,/,125.5GiB,15.45%,36.8TB,/,36.7TB,837GB,/,226GB,313
2022-9-29 15:16:40,c816071a941c,hadoop-slave6.1.jyquyq8eoldtbvk9z2h8twuih,0.62%,19.39,/,125.5GiB,15.45%,36.8TB,/,36.7TB,837GB,/,226GB,313
2022-09-29 15:16:41,c816071a941c,hadoop-slave6.1.jyquyq8eoldtbvk9z2h8twuih,0.6%,19.39,/,125.5GiB,15.45%,36.8TB,/,36.7TB,837GB,/,226GB,313
2022-9-29 15:16:42,c816071a941c,hadoop-slave6.1.jyquyq8eoldtbvk9z2h8twuih,0.58%,19.39,/,125.5GiB,15.45%,36.8TB,/,36.7TB,837GB,/,226GB,303
2022-09-29 15:16:43,c816071a941c,hadoop-slave6.1.jyquyq8eoldtbvk9z2h8twuih,0.6%,19.39,/,125.5GiB,15.45%,36.8TB,/,36.7TB,837GB,/,226GB,303
2022-9-29 15:16:44,c816071a941c,hadoop-slave6.1.jyquyq8eoldtbvk9z2h8twuih,0.62%,19.39,/,125.5GiB,15.45%,36.8TB,/,36.7TB,837GB,/,226GB,301
2022-09-29 15:16:45,c816071a941c,hadoop-slave6.1.jyquyq8eoldtbvk9z2h8twuih,0.65%,19.39,/,125.5GiB,15.45%,36.8TB,/,36.7TB,837GB,/,226GB,301
2022-9-29 15:16:46,c816071a941c,hadoop-slave6.1.jyquyq8eoldtbvk9z2h8twuih,0.67%,19.39,/,125.5GiB,15.45%,36.8TB,/,36.7TB,837GB,/,226GB,301
2022-09-29 15:16:47,c816071a941c,hadoop-slave6.1.jyquyq8eoldtbvk9z2h8twuih,0.64%,19.39,/,125.5GiB,15.45%,36.8TB,/,36.7TB,837GB,/,226GB,301
2022-9-29 15:16:48,c816071a941c,hadoop-slave6.1.jyquyq8eoldtbvk9z2h8twuih,0.60%,19.39,/,125.5GiB,15.45%,36.8TB,/,36.7TB,837GB,/,226GB,301
2022-09-29 15:16:49,c816071a941c,hadoop-slave6.1.jyquyq8eoldtbvk9z2h8twuih,0.56%,19.39,/,125.5GiB,15.45%,36.8TB,/,36.7TB,837GB,/,226GB,301
2022-9-29 15:16:50,c816071a941c,hadoop-slave6.1.jyquyq8eoldtbvk9z2h8twuih,0.53%,19.39,/,125.5GiB,15.45%,36.8TB,/,36.7TB,837GB,/,226GB,301
2022-09-29 15:16:51,c816071a941c,hadoop-slave6.1.jyquyq8eoldtbvk9z2h8twuih,0.57%,19.39,/,125.5GiB,15.45%,36.8TB,/,36.7TB,837GB,/,226GB,301
2022-9-29 15:16:52,c816071a941c,hadoop-slave6.1.jyquyq8eoldtbvk9z2h8twuih,0.61%,19.39,/,125.5GiB,15.45%,36.8TB,/,36.7TB,837GB,/,226GB,301
2022-09-29 15:16:53,c816071a941c,hadoop-slave6.1.jyquyq8eoldtbvk9z2h8twuih,0.58%,19.39,/,125.5GiB,15.45%,36.8TB,/,36.7TB,837GB,/,226GB,301
2022-9-29 15:16:54,c816071a941c,hadoop-slave6.1.jyquyq8eoldtbvk9z2h8twuih,0.55%,19.39,/,125.5GiB,15.45%,36.8TB,/,36.7TB,837GB,/,226GB,301
2022-09-29 15:16:55,c816071a941c,hadoop-slave6.1.jyquyq8eoldtbvk9z2h8twuih,0.57%,19.39,/,125.5GiB,15.45%,36.8TB,/,36.7TB,837GB,/,226GB,301
2022-9-29 15:16:56,c816071a941c,hadoop-slave6.1.jyquyq8eoldtbvk9z2h8twuih,0.59%,19.39,/,125.5GiB,15.45%,36.8TB,/,36.7TB,837GB,/,226GB,301
2022-09-29 15:16:57,c816071a941c,hadoop-slave6.1.jyquyq8eoldtbvk9z2h8twuih,0.6%,19.39,/,125.5GiB,15.45%,36.8TB,/,36.7TB,837GB,/,226GB,301
2022-9-29 15:16:58,c816071a941c,hadoop-slave6.1.jyquyq8eoldtbvk9z2h8twuih,0.62%,19.39,/,125.5GiB,15.45%,36.8TB,/,36.7TB,837GB,/,226GB,301
2022-09-29 15:16:59,c816071a941c,hadoop-slave6.1.jyquyq8eoldtbvk9z2h8twuih,0.58%,19.39,/,125.5GiB,15.45%,36.8TB,/,36.7TB,837GB,/,226GB,301
2022-09-29 15:17:00,c816071a941c,hadoop-slave6.1.jyquyq8eoldtbvk9z2h8twuih,0.58%,19.39,/,125.5GiB,15.45%,36.8TB,/,36.7TB,837GB,/,226GB,301
2022-9-29 15:17:01,c816071a941c,hadoop-slave6.1.jyquyq8eoldtbvk9z2h8twuih,0.54%,19.39,/,125.5GiB,15.45%,36.8TB,/,36.7TB,837GB,/,226GB,301
2022-09-29 15:17:02,c816071a941c,hadoop-slave6.1.jyquyq8eoldtbvk9z2h8twuih,0.55%,19.39,/,125.5GiB,15.45%,36.8TB,/,36.7TB,837GB,/,226GB,301
2022-9-29 15:17:03,c816071a941c,hadoop-slave6.1.jyquyq8eoldtbvk9z2h8twuih,0.56%,19.39,/,125.5GiB,15.45%,36.8TB,/,36.7TB,837GB,/,226GB,301
2022-09-29 15:17:04,c816071a941c,hadoop-slave6.1.jyquyq8eoldtbvk9z2h8twuih,0.58%,19.39,/,125.5GiB,15.45%,36.8TB,/,36.7TB,837GB,/,226GB,301
2022-9-29 15:17:05,c816071a941c,hadoop-slave6.1.jyquyq8eoldtbvk9z2h8twuih,0.61%,19.39,/,125.5GiB,15.45%,36.8TB,/,36.7TB,837GB,/,226GB,301
2022-09-29 15:17:06,c816071a941c,hadoop-slave6.1.jyquyq8eoldtbvk9z2h8twuih,0.6%,19.39,/,125.5GiB,15.45%,36.8TB,/,36.7TB,837GB,/,226GB,301
2022-9-29 15:17:07,c816071a941c,hadoop-slave6.1.jyquyq8eoldtbvk9z2h8twuih,0.60%,19.39,/,125.5GiB,15.45%,36.8TB,/,36.7TB,837GB,/,226GB,301
2022-09-29 15:17:08,c816071a941c,hadoop-slave6.1.jyquyq8eoldtbvk9z2h8twuih,0.56%,19.39,/,125.5GiB,15.45%,36.8TB,/,36.7TB,837GB,/,226GB,301
2022-9-29 15:17:09,c816071a941c,hadoop-slave6.1.jyquyq8eoldtbvk9z2h8twuih,0.53%,19.39,/,125.5GiB,15.45%,36.8TB,/,36.7TB,837GB,/,226GB,301
2022-09-29 15:17:10,c816071a941c,hadoop-slave6.1.jyquyq8eoldtbvk9z2h8twuih,0.57%,19.39,/,125.5GiB,15.45%,36.8TB,/,36.7TB,837GB,/,226GB,301
2022-9-29 15:17:11,c816071a941c,hadoop-slave6.1.jyquyq8eoldtbvk9z2h8twuih,0.61%,19.39,/,125.5GiB,15.45%,36.8TB,/,36.7TB,837GB,/,226GB,301
2022-09-29 15:17:12,c816071a941c,hadoop-slave6.1.jyquyq8eoldtbvk9z2h8twuih,0.59%,19.39,/,125.5GiB,15.45%,36.8TB,/,36.7TB,837GB,/,226GB,301
2022-9-29 15:17:13,c816071a941c,hadoop-slave6.1.jyquyq8eoldtbvk9z2h8twuih,0.57%,19.39,/,125.5GiB,15.45%,36.8TB,/,36.7TB,837GB,/,226GB,301
2022-09-29 15:17:14,c816071a941c,hadoop-slave6.1.jyquyq8eoldtbvk9z2h8twuih,0.55%,19.39,/,125.5GiB,15.45%,36.8TB,/,36.7TB,837GB,/,226GB,301
2022-9-29 15:17:15,c816071a941c,hadoop-slave6.1.jyquyq8eoldtbvk9z2h8twuih,0.54%,19.39,/,125.5GiB,15.45%,36.8TB,/,36.7TB,837GB,/,226GB,301
2022-09-29 15:17:16,c816071a941c,hadoop-slave6.1.jyquyq8eoldtbvk9z2h8twuih,0.6%,19.39,/,125.5GiB,15.45%,36.8TB,/,36.7TB,837GB,/,226GB,301
2022-9-29 15:17:17,c816071a941c,hadoop-slave6.1.jyquyq8eoldtbvk9z2h8twuih,0.67%,19.39,/,125.5GiB,15.45%,36.8TB,/,36.7TB,837GB,/,226GB,301
2022-09-29 15:17:18,c816071a941c,hadoop-slave6.1.jyquyq8eoldtbvk9z2h8twuih,0.63%,19.39,/,125.5GiB,15.45%,36.8TB,/,36.7TB,837GB,/,226GB,301
2022-9-29 15:17:19,c816071a941c,hadoop-slave6.1.jyquyq8eoldtbvk9z2h8twuih,0.59%,19.39,/,125.5GiB,15.45%,36.8TB,/,36.7TB,837GB,/,226GB,301
2022-09-29 15:17:20,c816071a941c,hadoop-slave6.1.jyquyq8eoldtbvk9z2h8twuih,0.57%,19.39,/,125.5GiB,15.45%,36.8TB,/,36.7TB,837GB,/,226GB,301
2022-9-29 15:17:21,c816071a941c,hadoop-slave6.1.jyquyq8eoldtbvk9z2h8twuih,0.56%,19.39,/,125.5GiB,15.45%,36.8TB,/,36.7TB,837GB,/,226GB,301
2022-09-29 15:17:22,c816071a941c,hadoop-slave6.1.jyquyq8eoldtbvk9z2h8twuih,0.6%,19.39,/,125.5GiB,15.45%,36.8TB,/,36.7TB,837GB,/,226GB,301
2022-9-29 15:17:23,c816071a941c,hadoop-slave6.1.jyquyq8eoldtbvk9z2h8twuih,0.64%,19.39,/,125.5GiB,15.45%,36.8TB,/,36.7TB,837GB,/,226GB,301
2022-09-29 15:17:24,c816071a941c,hadoop-slave6.1.jyquyq8eoldtbvk9z2h8twuih,0.6%,19.39,/,125.5GiB,15.45%,36.8TB,/,36.7TB,837GB,/,226GB,301
