2022-9-29 15:07:25,c8b279d5dd26,hadoop-slave1.1.r6hm6j1kvfs2jh08r6y6g6lev,0.56%,11.08,/,125.5GiB,8.83%,65.3GB,/,69.6GB,9.59GB,/,140MB,300
2022-09-29 15:07:26,c8b279d5dd26,hadoop-slave1.1.r6hm6j1kvfs2jh08r6y6g6lev,0.55%,11.08,/,125.5GiB,8.83%,65.3GB,/,69.6GB,9.59GB,/,140MB,300
2022-9-29 15:07:27,c8b279d5dd26,hadoop-slave1.1.r6hm6j1kvfs2jh08r6y6g6lev,0.53%,11.08,/,125.5GiB,8.83%,65.3GB,/,69.6GB,9.59GB,/,140MB,300
2022-09-29 15:07:28,c8b279d5dd26,hadoop-slave1.1.r6hm6j1kvfs2jh08r6y6g6lev,0.56%,11.08,/,125.5GiB,8.83%,65.3GB,/,69.6GB,9.59GB,/,140MB,300
2022-9-29 15:07:29,c8b279d5dd26,hadoop-slave1.1.r6hm6j1kvfs2jh08r6y6g6lev,0.60%,11.08,/,125.5GiB,8.83%,65.3GB,/,69.6GB,9.59GB,/,140MB,300
2022-09-29 15:07:30,c8b279d5dd26,hadoop-slave1.1.r6hm6j1kvfs2jh08r6y6g6lev,9.46%,11.08,/,125.5GiB,8.83%,65.3GB,/,69.6GB,9.59GB,/,140MB,300
2022-9-29 15:07:31,c8b279d5dd26,hadoop-slave1.1.r6hm6j1kvfs2jh08r6y6g6lev,18.31%,11.08,/,125.5GiB,8.83%,65.3GB,/,69.6GB,9.59GB,/,140MB,302
2022-09-29 15:07:32,c8b279d5dd26,hadoop-slave1.1.r6hm6j1kvfs2jh08r6y6g6lev,44.72%,11.08,/,125.5GiB,8.83%,65.3GB,/,69.6GB,9.59GB,/,140MB,302
2022-9-29 15:07:33,c8b279d5dd26,hadoop-slave1.1.r6hm6j1kvfs2jh08r6y6g6lev,71.12%,11.08,/,125.5GiB,8.83%,65.4GB,/,69.6GB,9.59GB,/,140MB,302
2022-09-29 15:07:34,c8b279d5dd26,hadoop-slave1.1.r6hm6j1kvfs2jh08r6y6g6lev,75.8%,11.08,/,125.5GiB,8.83%,65.4GB,/,69.6GB,9.59GB,/,140MB,302
2022-9-29 15:07:35,c8b279d5dd26,hadoop-slave1.1.r6hm6j1kvfs2jh08r6y6g6lev,80.47%,11.08,/,125.5GiB,8.83%,65.5GB,/,69.6GB,9.59GB,/,140MB,304
2022-09-29 15:07:36,c8b279d5dd26,hadoop-slave1.1.r6hm6j1kvfs2jh08r6y6g6lev,43.44%,11.08,/,125.5GiB,8.83%,65.5GB,/,69.6GB,9.59GB,/,140MB,304
2022-9-29 15:07:37,c8b279d5dd26,hadoop-slave1.1.r6hm6j1kvfs2jh08r6y6g6lev,6.40%,11.08,/,125.5GiB,8.83%,65.6GB,/,69.7GB,9.59GB,/,140MB,301
2022-09-29 15:07:38,c8b279d5dd26,hadoop-slave1.1.r6hm6j1kvfs2jh08r6y6g6lev,27.92%,11.08,/,125.5GiB,8.83%,65.6GB,/,69.7GB,9.59GB,/,140MB,301
2022-9-29 15:07:39,c8b279d5dd26,hadoop-slave1.1.r6hm6j1kvfs2jh08r6y6g6lev,49.44%,11.09,/,125.5GiB,8.83%,65.6GB,/,69.9GB,9.59GB,/,140MB,311
2022-09-29 15:07:40,c8b279d5dd26,hadoop-slave1.1.r6hm6j1kvfs2jh08r6y6g6lev,42.22%,11.09,/,125.5GiB,8.83%,65.6GB,/,69.9GB,9.59GB,/,140MB,311
2022-9-29 15:07:41,c8b279d5dd26,hadoop-slave1.1.r6hm6j1kvfs2jh08r6y6g6lev,34.99%,11.08,/,125.5GiB,8.83%,65.7GB,/,69.9GB,9.59GB,/,140MB,316
2022-09-29 15:07:42,c8b279d5dd26,hadoop-slave1.1.r6hm6j1kvfs2jh08r6y6g6lev,35.75%,11.08,/,125.5GiB,8.83%,65.7GB,/,69.9GB,9.59GB,/,140MB,316
2022-9-29 15:07:43,c8b279d5dd26,hadoop-slave1.1.r6hm6j1kvfs2jh08r6y6g6lev,36.51%,11.09,/,125.5GiB,8.83%,65.7GB,/,69.9GB,9.59GB,/,140MB,320
2022-09-29 15:07:44,c8b279d5dd26,hadoop-slave1.1.r6hm6j1kvfs2jh08r6y6g6lev,70.62%,11.09,/,125.5GiB,8.87%,65.7GB,/,69.9GB,9.59GB,/,140MB,320
2022-9-29 15:07:45,c8b279d5dd26,hadoop-slave1.1.r6hm6j1kvfs2jh08r6y6g6lev,104.74%,11.17,/,125.5GiB,8.90%,65.9GB,/,70GB,9.59GB,/,140MB,323
2022-09-29 15:07:46,c8b279d5dd26,hadoop-slave1.1.r6hm6j1kvfs2jh08r6y6g6lev,446.33%,11.17,/,125.5GiB,9.16%,65.9GB,/,70GB,9.59GB,/,140MB,323
2022-9-29 15:07:47,c8b279d5dd26,hadoop-slave1.1.r6hm6j1kvfs2jh08r6y6g6lev,787.93%,11.84,/,125.5GiB,9.43%,66GB,/,70GB,9.59GB,/,140MB,657
2022-09-29 15:07:48,c8b279d5dd26,hadoop-slave1.1.r6hm6j1kvfs2jh08r6y6g6lev,537.76%,11.84,/,125.5GiB,9.66%,66GB,/,70GB,9.59GB,/,140MB,657
2022-9-29 15:07:49,c8b279d5dd26,hadoop-slave1.1.r6hm6j1kvfs2jh08r6y6g6lev,287.60%,12.43,/,125.5GiB,9.90%,66GB,/,70.2GB,9.59GB,/,140MB,756
2022-09-29 15:07:50,c8b279d5dd26,hadoop-slave1.1.r6hm6j1kvfs2jh08r6y6g6lev,684.31%,12.43,/,125.5GiB,10.32%,66GB,/,70.2GB,9.59GB,/,140MB,756
2022-9-29 15:07:51,c8b279d5dd26,hadoop-slave1.1.r6hm6j1kvfs2jh08r6y6g6lev,1081.01%,13.47,/,125.5GiB,10.73%,66GB,/,70.4GB,9.59GB,/,140MB,783
2022-09-29 15:07:52,c8b279d5dd26,hadoop-slave1.1.r6hm6j1kvfs2jh08r6y6g6lev,547.57%,13.47,/,125.5GiB,10.8%,66GB,/,70.4GB,9.59GB,/,140MB,783
2022-9-29 15:07:53,c8b279d5dd26,hadoop-slave1.1.r6hm6j1kvfs2jh08r6y6g6lev,14.13%,13.64,/,125.5GiB,10.87%,66GB,/,70.7GB,9.59GB,/,140MB,761
2022-09-29 15:07:54,c8b279d5dd26,hadoop-slave1.1.r6hm6j1kvfs2jh08r6y6g6lev,56.75%,13.64,/,125.5GiB,10.89%,66GB,/,70.7GB,9.59GB,/,140MB,761
2022-9-29 15:07:55,c8b279d5dd26,hadoop-slave1.1.r6hm6j1kvfs2jh08r6y6g6lev,99.37%,13.7,/,125.5GiB,10.91%,66GB,/,70.9GB,9.59GB,/,140MB,774
2022-09-29 15:07:56,c8b279d5dd26,hadoop-slave1.1.r6hm6j1kvfs2jh08r6y6g6lev,313.79%,13.7,/,125.5GiB,11.09%,66GB,/,70.9GB,9.59GB,/,140MB,774
2022-9-29 15:07:57,c8b279d5dd26,hadoop-slave1.1.r6hm6j1kvfs2jh08r6y6g6lev,528.20%,14.14,/,125.5GiB,11.26%,66GB,/,71.1GB,9.59GB,/,140MB,988
2022-09-29 15:07:58,c8b279d5dd26,hadoop-slave1.1.r6hm6j1kvfs2jh08r6y6g6lev,292.85%,14.14,/,125.5GiB,11.4%,66GB,/,71.1GB,9.59GB,/,140MB,988
2022-9-29 15:07:59,c8b279d5dd26,hadoop-slave1.1.r6hm6j1kvfs2jh08r6y6g6lev,57.50%,14.49,/,125.5GiB,11.54%,66GB,/,71.3GB,9.59GB,/,140MB,939
2022-09-29 15:08:00,c8b279d5dd26,hadoop-slave1.1.r6hm6j1kvfs2jh08r6y6g6lev,615.71%,14.49,/,125.5GiB,11.73%,66GB,/,71.3GB,9.59GB,/,140MB,939
2022-09-29 15:08:01,c8b279d5dd26,hadoop-slave1.1.r6hm6j1kvfs2jh08r6y6g6lev,615.71%,14.49,/,125.5GiB,11.73%,66GB,/,71.3GB,9.59GB,/,140MB,939
2022-9-29 15:08:02,c8b279d5dd26,hadoop-slave1.1.r6hm6j1kvfs2jh08r6y6g6lev,1173.92%,14.96,/,125.5GiB,11.92%,66GB,/,71.3GB,9.59GB,/,143MB,962
2022-09-29 15:08:03,c8b279d5dd26,hadoop-slave1.1.r6hm6j1kvfs2jh08r6y6g6lev,1576.89%,14.96,/,125.5GiB,12.45%,66GB,/,71.3GB,9.59GB,/,143MB,962
2022-9-29 15:08:04,c8b279d5dd26,hadoop-slave1.1.r6hm6j1kvfs2jh08r6y6g6lev,1979.86%,16.3,/,125.5GiB,12.98%,66GB,/,71.3GB,9.59GB,/,144MB,1010
2022-09-29 15:08:05,c8b279d5dd26,hadoop-slave1.1.r6hm6j1kvfs2jh08r6y6g6lev,2533.72%,16.3,/,125.5GiB,14.54%,66GB,/,71.3GB,9.59GB,/,144MB,1010
2022-9-29 15:08:06,c8b279d5dd26,hadoop-slave1.1.r6hm6j1kvfs2jh08r6y6g6lev,3087.59%,20.21,/,125.5GiB,16.10%,66GB,/,71.3GB,9.59GB,/,146MB,1060
2022-09-29 15:08:07,c8b279d5dd26,hadoop-slave1.1.r6hm6j1kvfs2jh08r6y6g6lev,3044.83%,20.21,/,125.5GiB,18.21%,66GB,/,71.3GB,9.59GB,/,146MB,1060
2022-9-29 15:08:08,c8b279d5dd26,hadoop-slave1.1.r6hm6j1kvfs2jh08r6y6g6lev,3002.07%,25.5,/,125.5GiB,20.32%,66GB,/,71.3GB,9.59GB,/,146MB,1077
2022-09-29 15:08:09,c8b279d5dd26,hadoop-slave1.1.r6hm6j1kvfs2jh08r6y6g6lev,3523.76%,25.5,/,125.5GiB,22.16%,66GB,/,71.3GB,9.59GB,/,146MB,1077
2022-9-29 15:08:10,c8b279d5dd26,hadoop-slave1.1.r6hm6j1kvfs2jh08r6y6g6lev,4045.45%,30.12,/,125.5GiB,24.00%,66GB,/,71.3GB,9.59GB,/,146MB,1131
2022-09-29 15:08:11,c8b279d5dd26,hadoop-slave1.1.r6hm6j1kvfs2jh08r6y6g6lev,4297.57%,30.12,/,125.5GiB,24.57%,66GB,/,71.3GB,9.59GB,/,146MB,1131
2022-9-29 15:08:12,c8b279d5dd26,hadoop-slave1.1.r6hm6j1kvfs2jh08r6y6g6lev,4549.69%,31.56,/,125.5GiB,25.15%,66GB,/,71.3GB,9.59GB,/,146MB,1124
2022-09-29 15:08:13,c8b279d5dd26,hadoop-slave1.1.r6hm6j1kvfs2jh08r6y6g6lev,3872.72%,31.56,/,125.5GiB,25.86%,66GB,/,71.3GB,9.59GB,/,146MB,1124
2022-9-29 15:08:14,c8b279d5dd26,hadoop-slave1.1.r6hm6j1kvfs2jh08r6y6g6lev,3195.75%,33.36,/,125.5GiB,26.58%,66GB,/,71.3GB,9.6GB,/,147MB,1099
2022-09-29 15:08:15,c8b279d5dd26,hadoop-slave1.1.r6hm6j1kvfs2jh08r6y6g6lev,1620.1%,33.36,/,125.5GiB,26.59%,66GB,/,71.3GB,9.6GB,/,147MB,1099
2022-9-29 15:08:16,c8b279d5dd26,hadoop-slave1.1.r6hm6j1kvfs2jh08r6y6g6lev,44.45%,33.37,/,125.5GiB,26.59%,66GB,/,71.3GB,9.6GB,/,147MB,1112
2022-09-29 15:08:17,c8b279d5dd26,hadoop-slave1.1.r6hm6j1kvfs2jh08r6y6g6lev,1320.14%,33.37,/,125.5GiB,23.15%,66GB,/,71.3GB,9.6GB,/,147MB,1112
2022-9-29 15:08:18,c8b279d5dd26,hadoop-slave1.1.r6hm6j1kvfs2jh08r6y6g6lev,2595.83%,24.74,/,125.5GiB,19.71%,66.1GB,/,71.4GB,9.6GB,/,147MB,843
2022-09-29 15:08:19,c8b279d5dd26,hadoop-slave1.1.r6hm6j1kvfs2jh08r6y6g6lev,1598.71%,24.74,/,125.5GiB,17.16%,66.1GB,/,71.4GB,9.6GB,/,147MB,843
2022-9-29 15:08:20,c8b279d5dd26,hadoop-slave1.1.r6hm6j1kvfs2jh08r6y6g6lev,601.59%,18.35,/,125.5GiB,14.62%,66.4GB,/,71.6GB,9.6GB,/,147MB,619
2022-09-29 15:08:21,c8b279d5dd26,hadoop-slave1.1.r6hm6j1kvfs2jh08r6y6g6lev,587.84%,18.35,/,125.5GiB,14.9%,66.4GB,/,71.6GB,9.6GB,/,147MB,619
2022-9-29 15:08:22,c8b279d5dd26,hadoop-slave1.1.r6hm6j1kvfs2jh08r6y6g6lev,574.08%,19.06,/,125.5GiB,15.19%,66.6GB,/,71.8GB,9.6GB,/,147MB,644
2022-09-29 15:08:23,c8b279d5dd26,hadoop-slave1.1.r6hm6j1kvfs2jh08r6y6g6lev,440.18%,19.06,/,125.5GiB,15.32%,66.6GB,/,71.8GB,9.6GB,/,147MB,644
2022-9-29 15:08:24,c8b279d5dd26,hadoop-slave1.1.r6hm6j1kvfs2jh08r6y6g6lev,306.27%,19.39,/,125.5GiB,15.45%,66.8GB,/,72GB,9.6GB,/,147MB,636
2022-09-29 15:08:25,c8b279d5dd26,hadoop-slave1.1.r6hm6j1kvfs2jh08r6y6g6lev,355.88%,19.39,/,125.5GiB,15.61%,66.8GB,/,72GB,9.6GB,/,147MB,636
2022-9-29 15:08:26,c8b279d5dd26,hadoop-slave1.1.r6hm6j1kvfs2jh08r6y6g6lev,405.49%,19.78,/,125.5GiB,15.76%,67.1GB,/,72.2GB,9.6GB,/,147MB,636
2022-09-29 15:08:27,c8b279d5dd26,hadoop-slave1.1.r6hm6j1kvfs2jh08r6y6g6lev,329.23%,19.78,/,125.5GiB,15.91%,67.1GB,/,72.2GB,9.6GB,/,147MB,636
2022-9-29 15:08:28,c8b279d5dd26,hadoop-slave1.1.r6hm6j1kvfs2jh08r6y6g6lev,252.97%,20.17,/,125.5GiB,16.07%,67.3GB,/,72.4GB,9.6GB,/,147MB,635
2022-09-29 15:08:29,c8b279d5dd26,hadoop-slave1.1.r6hm6j1kvfs2jh08r6y6g6lev,234.31%,20.17,/,125.5GiB,16.21%,67.3GB,/,72.4GB,9.6GB,/,147MB,635
2022-9-29 15:08:30,c8b279d5dd26,hadoop-slave1.1.r6hm6j1kvfs2jh08r6y6g6lev,215.65%,20.54,/,125.5GiB,16.36%,67.6GB,/,72.5GB,9.6GB,/,147MB,635
2022-09-29 15:08:31,c8b279d5dd26,hadoop-slave1.1.r6hm6j1kvfs2jh08r6y6g6lev,191.42%,20.54,/,125.5GiB,16.5%,67.6GB,/,72.5GB,9.6GB,/,147MB,635
2022-9-29 15:08:32,c8b279d5dd26,hadoop-slave1.1.r6hm6j1kvfs2jh08r6y6g6lev,167.19%,20.89,/,125.5GiB,16.64%,67.8GB,/,72.6GB,9.6GB,/,147MB,634
2022-09-29 15:08:33,c8b279d5dd26,hadoop-slave1.1.r6hm6j1kvfs2jh08r6y6g6lev,182.25%,20.89,/,125.5GiB,16.77%,67.8GB,/,72.6GB,9.6GB,/,147MB,634
2022-9-29 15:08:34,c8b279d5dd26,hadoop-slave1.1.r6hm6j1kvfs2jh08r6y6g6lev,197.32%,21.23,/,125.5GiB,16.91%,68GB,/,72.7GB,9.6GB,/,147MB,634
2022-09-29 15:08:35,c8b279d5dd26,hadoop-slave1.1.r6hm6j1kvfs2jh08r6y6g6lev,163.66%,21.23,/,125.5GiB,17.44%,68GB,/,72.7GB,9.6GB,/,147MB,634
2022-9-29 15:08:36,c8b279d5dd26,hadoop-slave1.1.r6hm6j1kvfs2jh08r6y6g6lev,130.01%,22.55,/,125.5GiB,17.96%,68.2GB,/,72.8GB,9.6GB,/,147MB,634
2022-09-29 15:08:37,c8b279d5dd26,hadoop-slave1.1.r6hm6j1kvfs2jh08r6y6g6lev,144.54%,22.55,/,125.5GiB,17.97%,68.2GB,/,72.8GB,9.6GB,/,147MB,634
2022-9-29 15:08:38,c8b279d5dd26,hadoop-slave1.1.r6hm6j1kvfs2jh08r6y6g6lev,159.07%,22.56,/,125.5GiB,17.98%,68.3GB,/,72.8GB,9.6GB,/,147MB,634
2022-09-29 15:08:39,c8b279d5dd26,hadoop-slave1.1.r6hm6j1kvfs2jh08r6y6g6lev,89.91%,22.56,/,125.5GiB,17.98%,68.3GB,/,72.8GB,9.6GB,/,147MB,634
2022-9-29 15:08:40,c8b279d5dd26,hadoop-slave1.1.r6hm6j1kvfs2jh08r6y6g6lev,20.76%,22.56,/,125.5GiB,17.98%,68.3GB,/,72.9GB,9.6GB,/,147MB,634
2022-09-29 15:08:41,c8b279d5dd26,hadoop-slave1.1.r6hm6j1kvfs2jh08r6y6g6lev,786.66%,22.56,/,125.5GiB,18.95%,68.3GB,/,72.9GB,9.6GB,/,147MB,634
2022-9-29 15:08:42,c8b279d5dd26,hadoop-slave1.1.r6hm6j1kvfs2jh08r6y6g6lev,1552.57%,25,/,125.5GiB,19.92%,68.3GB,/,73GB,9.6GB,/,147MB,634
2022-09-29 15:08:43,c8b279d5dd26,hadoop-slave1.1.r6hm6j1kvfs2jh08r6y6g6lev,2517.68%,25,/,125.5GiB,22.27%,68.3GB,/,73GB,9.6GB,/,147MB,634
2022-9-29 15:08:44,c8b279d5dd26,hadoop-slave1.1.r6hm6j1kvfs2jh08r6y6g6lev,3482.80%,30.91,/,125.5GiB,24.63%,68.4GB,/,73.2GB,9.6GB,/,147MB,634
2022-09-29 15:08:45,c8b279d5dd26,hadoop-slave1.1.r6hm6j1kvfs2jh08r6y6g6lev,3271.19%,30.91,/,125.5GiB,24.66%,68.4GB,/,73.2GB,9.6GB,/,147MB,634
2022-9-29 15:08:46,c8b279d5dd26,hadoop-slave1.1.r6hm6j1kvfs2jh08r6y6g6lev,3059.57%,30.98,/,125.5GiB,24.68%,68.6GB,/,73.4GB,9.6GB,/,147MB,634
2022-09-29 15:08:47,c8b279d5dd26,hadoop-slave1.1.r6hm6j1kvfs2jh08r6y6g6lev,2438.51%,30.98,/,125.5GiB,24.21%,68.6GB,/,73.4GB,9.6GB,/,147MB,634
2022-9-29 15:08:48,c8b279d5dd26,hadoop-slave1.1.r6hm6j1kvfs2jh08r6y6g6lev,1817.44%,29.79,/,125.5GiB,23.74%,68.8GB,/,73.6GB,9.6GB,/,147MB,634
2022-09-29 15:08:49,c8b279d5dd26,hadoop-slave1.1.r6hm6j1kvfs2jh08r6y6g6lev,1770.24%,29.79,/,125.5GiB,23.76%,68.8GB,/,73.6GB,9.6GB,/,147MB,634
2022-9-29 15:08:50,c8b279d5dd26,hadoop-slave1.1.r6hm6j1kvfs2jh08r6y6g6lev,1723.04%,29.84,/,125.5GiB,23.78%,69GB,/,73.9GB,9.6GB,/,147MB,634
2022-09-29 15:08:51,c8b279d5dd26,hadoop-slave1.1.r6hm6j1kvfs2jh08r6y6g6lev,1220.6%,29.84,/,125.5GiB,23.12%,69GB,/,73.9GB,9.6GB,/,147MB,634
2022-9-29 15:08:52,c8b279d5dd26,hadoop-slave1.1.r6hm6j1kvfs2jh08r6y6g6lev,718.15%,28.18,/,125.5GiB,22.45%,69.3GB,/,74.1GB,9.6GB,/,147MB,634
2022-09-29 15:08:53,c8b279d5dd26,hadoop-slave1.1.r6hm6j1kvfs2jh08r6y6g6lev,620.92%,28.18,/,125.5GiB,22.45%,69.3GB,/,74.1GB,9.6GB,/,147MB,634
2022-9-29 15:08:54,c8b279d5dd26,hadoop-slave1.1.r6hm6j1kvfs2jh08r6y6g6lev,523.69%,28.19,/,125.5GiB,22.46%,69.5GB,/,74.2GB,9.6GB,/,147MB,637
2022-09-29 15:08:55,c8b279d5dd26,hadoop-slave1.1.r6hm6j1kvfs2jh08r6y6g6lev,524.72%,28.19,/,125.5GiB,22.46%,69.5GB,/,74.2GB,9.6GB,/,147MB,637
2022-9-29 15:08:56,c8b279d5dd26,hadoop-slave1.1.r6hm6j1kvfs2jh08r6y6g6lev,525.75%,28.19,/,125.5GiB,22.47%,69.7GB,/,74.3GB,9.6GB,/,147MB,637
2022-09-29 15:08:57,c8b279d5dd26,hadoop-slave1.1.r6hm6j1kvfs2jh08r6y6g6lev,512.91%,28.19,/,125.5GiB,22.47%,69.7GB,/,74.3GB,9.6GB,/,147MB,637
2022-9-29 15:08:58,c8b279d5dd26,hadoop-slave1.1.r6hm6j1kvfs2jh08r6y6g6lev,500.08%,28.19,/,125.5GiB,22.47%,70GB,/,74.4GB,9.6GB,/,147MB,635
2022-09-29 15:08:59,c8b279d5dd26,hadoop-slave1.1.r6hm6j1kvfs2jh08r6y6g6lev,474.28%,28.19,/,125.5GiB,22.47%,70GB,/,74.4GB,9.6GB,/,147MB,635
2022-9-29 15:09:00,c8b279d5dd26,hadoop-slave1.1.r6hm6j1kvfs2jh08r6y6g6lev,448.48%,28.2,/,125.5GiB,22.47%,70.2GB,/,74.4GB,9.6GB,/,147MB,635
2022-09-29 15:09:01,c8b279d5dd26,hadoop-slave1.1.r6hm6j1kvfs2jh08r6y6g6lev,433.93%,28.2,/,125.5GiB,22.47%,70.2GB,/,74.4GB,9.6GB,/,147MB,635
2022-9-29 15:09:02,c8b279d5dd26,hadoop-slave1.1.r6hm6j1kvfs2jh08r6y6g6lev,419.37%,28.2,/,125.5GiB,22.47%,70.5GB,/,74.5GB,9.6GB,/,147MB,634
2022-09-29 15:09:03,c8b279d5dd26,hadoop-slave1.1.r6hm6j1kvfs2jh08r6y6g6lev,457.08%,28.2,/,125.5GiB,22.47%,70.5GB,/,74.5GB,9.6GB,/,147MB,634
2022-09-29 15:09:04,c8b279d5dd26,hadoop-slave1.1.r6hm6j1kvfs2jh08r6y6g6lev,457.08%,28.2,/,125.5GiB,22.47%,70.5GB,/,74.5GB,9.6GB,/,147MB,634
2022-9-29 15:09:05,c8b279d5dd26,hadoop-slave1.1.r6hm6j1kvfs2jh08r6y6g6lev,494.79%,28.2,/,125.5GiB,22.47%,70.7GB,/,74.5GB,9.6GB,/,147MB,634
2022-09-29 15:09:06,c8b279d5dd26,hadoop-slave1.1.r6hm6j1kvfs2jh08r6y6g6lev,481.77%,28.2,/,125.5GiB,22.47%,70.7GB,/,74.5GB,9.6GB,/,147MB,634
2022-9-29 15:09:07,c8b279d5dd26,hadoop-slave1.1.r6hm6j1kvfs2jh08r6y6g6lev,468.75%,28.2,/,125.5GiB,22.47%,70.9GB,/,74.5GB,9.6GB,/,147MB,634
2022-09-29 15:09:08,c8b279d5dd26,hadoop-slave1.1.r6hm6j1kvfs2jh08r6y6g6lev,309.99%,28.2,/,125.5GiB,22.47%,70.9GB,/,74.5GB,9.6GB,/,147MB,634
2022-9-29 15:09:09,c8b279d5dd26,hadoop-slave1.1.r6hm6j1kvfs2jh08r6y6g6lev,151.23%,28.2,/,125.5GiB,22.47%,71.1GB,/,74.6GB,9.6GB,/,147MB,634
2022-09-29 15:09:10,c8b279d5dd26,hadoop-slave1.1.r6hm6j1kvfs2jh08r6y6g6lev,141.16%,28.2,/,125.5GiB,22.47%,71.1GB,/,74.6GB,9.6GB,/,147MB,634
2022-9-29 15:09:11,c8b279d5dd26,hadoop-slave1.1.r6hm6j1kvfs2jh08r6y6g6lev,131.09%,28.2,/,125.5GiB,22.47%,71.2GB,/,74.6GB,9.6GB,/,147MB,633
2022-09-29 15:09:12,c8b279d5dd26,hadoop-slave1.1.r6hm6j1kvfs2jh08r6y6g6lev,66.17%,28.2,/,125.5GiB,22.47%,71.2GB,/,74.6GB,9.6GB,/,147MB,633
2022-9-29 15:09:13,c8b279d5dd26,hadoop-slave1.1.r6hm6j1kvfs2jh08r6y6g6lev,1.26%,28.2,/,125.5GiB,22.47%,71.2GB,/,74.6GB,9.6GB,/,147MB,633
2022-09-29 15:09:14,c8b279d5dd26,hadoop-slave1.1.r6hm6j1kvfs2jh08r6y6g6lev,407.86%,28.2,/,125.5GiB,22.58%,71.2GB,/,74.6GB,9.6GB,/,147MB,633
2022-9-29 15:09:15,c8b279d5dd26,hadoop-slave1.1.r6hm6j1kvfs2jh08r6y6g6lev,814.46%,28.48,/,125.5GiB,22.69%,71.2GB,/,74.6GB,9.6GB,/,147MB,639
2022-09-29 15:09:16,c8b279d5dd26,hadoop-slave1.1.r6hm6j1kvfs2jh08r6y6g6lev,463.47%,28.48,/,125.5GiB,22.71%,71.2GB,/,74.6GB,9.6GB,/,147MB,639
2022-9-29 15:09:17,c8b279d5dd26,hadoop-slave1.1.r6hm6j1kvfs2jh08r6y6g6lev,112.47%,28.53,/,125.5GiB,22.73%,71.2GB,/,74.6GB,9.6GB,/,147MB,655
2022-09-29 15:09:18,c8b279d5dd26,hadoop-slave1.1.r6hm6j1kvfs2jh08r6y6g6lev,84.65%,28.53,/,125.5GiB,22.39%,71.2GB,/,74.6GB,9.6GB,/,147MB,655
2022-9-29 15:09:19,c8b279d5dd26,hadoop-slave1.1.r6hm6j1kvfs2jh08r6y6g6lev,56.83%,27.67,/,125.5GiB,22.05%,71.2GB,/,74.6GB,9.6GB,/,147MB,493
2022-09-29 15:09:20,c8b279d5dd26,hadoop-slave1.1.r6hm6j1kvfs2jh08r6y6g6lev,31.12%,27.67,/,125.5GiB,16.02%,71.2GB,/,74.6GB,9.6GB,/,147MB,493
2022-9-29 15:09:21,c8b279d5dd26,hadoop-slave1.1.r6hm6j1kvfs2jh08r6y6g6lev,5.42%,12.55,/,125.5GiB,10.00%,71.2GB,/,74.6GB,9.6GB,/,147MB,311
2022-09-29 15:09:22,c8b279d5dd26,hadoop-slave1.1.r6hm6j1kvfs2jh08r6y6g6lev,3.05%,12.55,/,125.5GiB,10.0%,71.2GB,/,74.6GB,9.6GB,/,147MB,311
2022-9-29 15:09:23,c8b279d5dd26,hadoop-slave1.1.r6hm6j1kvfs2jh08r6y6g6lev,0.68%,12.55,/,125.5GiB,10.00%,71.2GB,/,74.6GB,9.6GB,/,147MB,310
2022-09-29 15:09:24,c8b279d5dd26,hadoop-slave1.1.r6hm6j1kvfs2jh08r6y6g6lev,0.61%,12.55,/,125.5GiB,10.0%,71.2GB,/,74.6GB,9.6GB,/,147MB,310
2022-9-29 15:09:25,c8b279d5dd26,hadoop-slave1.1.r6hm6j1kvfs2jh08r6y6g6lev,0.55%,12.55,/,125.5GiB,10.00%,71.2GB,/,74.6GB,9.6GB,/,147MB,310
2022-09-29 15:09:26,c8b279d5dd26,hadoop-slave1.1.r6hm6j1kvfs2jh08r6y6g6lev,0.54%,12.55,/,125.5GiB,9.91%,71.2GB,/,74.6GB,9.6GB,/,147MB,310
2022-9-29 15:09:27,c8b279d5dd26,hadoop-slave1.1.r6hm6j1kvfs2jh08r6y6g6lev,0.53%,12.33,/,125.5GiB,9.82%,71.2GB,/,74.6GB,9.6GB,/,147MB,311
2022-09-29 15:09:28,c8b279d5dd26,hadoop-slave1.1.r6hm6j1kvfs2jh08r6y6g6lev,0.56%,12.33,/,125.5GiB,9.82%,71.2GB,/,74.6GB,9.6GB,/,147MB,311
2022-9-29 15:09:29,c8b279d5dd26,hadoop-slave1.1.r6hm6j1kvfs2jh08r6y6g6lev,0.60%,12.33,/,125.5GiB,9.82%,71.2GB,/,74.6GB,9.6GB,/,147MB,311
2022-09-29 15:09:30,c8b279d5dd26,hadoop-slave1.1.r6hm6j1kvfs2jh08r6y6g6lev,0.6%,12.33,/,125.5GiB,9.82%,71.2GB,/,74.6GB,9.6GB,/,147MB,311
2022-9-29 15:09:31,c8b279d5dd26,hadoop-slave1.1.r6hm6j1kvfs2jh08r6y6g6lev,0.61%,12.33,/,125.5GiB,9.82%,71.2GB,/,74.6GB,9.6GB,/,147MB,310
2022-09-29 15:09:32,c8b279d5dd26,hadoop-slave1.1.r6hm6j1kvfs2jh08r6y6g6lev,0.59%,12.33,/,125.5GiB,9.82%,71.2GB,/,74.6GB,9.6GB,/,147MB,310
2022-9-29 15:09:33,c8b279d5dd26,hadoop-slave1.1.r6hm6j1kvfs2jh08r6y6g6lev,0.58%,12.33,/,125.5GiB,9.82%,71.2GB,/,74.6GB,9.6GB,/,147MB,310
2022-09-29 15:09:34,c8b279d5dd26,hadoop-slave1.1.r6hm6j1kvfs2jh08r6y6g6lev,0.6%,12.33,/,125.5GiB,9.82%,71.2GB,/,74.6GB,9.6GB,/,147MB,310
2022-9-29 15:09:35,c8b279d5dd26,hadoop-slave1.1.r6hm6j1kvfs2jh08r6y6g6lev,0.62%,12.33,/,125.5GiB,9.82%,71.2GB,/,74.6GB,9.6GB,/,147MB,310
2022-09-29 15:09:36,c8b279d5dd26,hadoop-slave1.1.r6hm6j1kvfs2jh08r6y6g6lev,0.6%,12.33,/,125.5GiB,9.82%,71.2GB,/,74.6GB,9.6GB,/,147MB,310
2022-9-29 15:09:37,c8b279d5dd26,hadoop-slave1.1.r6hm6j1kvfs2jh08r6y6g6lev,0.58%,12.33,/,125.5GiB,9.82%,71.2GB,/,74.6GB,9.6GB,/,147MB,310
2022-09-29 15:09:38,c8b279d5dd26,hadoop-slave1.1.r6hm6j1kvfs2jh08r6y6g6lev,0.57%,12.33,/,125.5GiB,9.82%,71.2GB,/,74.6GB,9.6GB,/,147MB,310
2022-9-29 15:09:39,c8b279d5dd26,hadoop-slave1.1.r6hm6j1kvfs2jh08r6y6g6lev,0.56%,12.33,/,125.5GiB,9.82%,71.2GB,/,74.6GB,9.6GB,/,147MB,310
2022-09-29 15:09:40,c8b279d5dd26,hadoop-slave1.1.r6hm6j1kvfs2jh08r6y6g6lev,0.64%,12.33,/,125.5GiB,9.82%,71.2GB,/,74.6GB,9.6GB,/,147MB,310
2022-9-29 15:09:41,c8b279d5dd26,hadoop-slave1.1.r6hm6j1kvfs2jh08r6y6g6lev,0.71%,12.33,/,125.5GiB,9.82%,71.2GB,/,74.6GB,9.6GB,/,147MB,310
2022-09-29 15:09:42,c8b279d5dd26,hadoop-slave1.1.r6hm6j1kvfs2jh08r6y6g6lev,0.66%,12.33,/,125.5GiB,9.82%,71.2GB,/,74.6GB,9.6GB,/,147MB,310
2022-9-29 15:09:43,c8b279d5dd26,hadoop-slave1.1.r6hm6j1kvfs2jh08r6y6g6lev,0.61%,12.33,/,125.5GiB,9.82%,71.2GB,/,74.6GB,9.6GB,/,147MB,310
2022-09-29 15:09:44,c8b279d5dd26,hadoop-slave1.1.r6hm6j1kvfs2jh08r6y6g6lev,0.58%,12.33,/,125.5GiB,9.82%,71.2GB,/,74.6GB,9.6GB,/,147MB,310
2022-9-29 15:09:45,c8b279d5dd26,hadoop-slave1.1.r6hm6j1kvfs2jh08r6y6g6lev,0.55%,12.33,/,125.5GiB,9.82%,71.2GB,/,74.6GB,9.6GB,/,147MB,310
2022-09-29 15:09:46,c8b279d5dd26,hadoop-slave1.1.r6hm6j1kvfs2jh08r6y6g6lev,0.54%,12.33,/,125.5GiB,9.82%,71.2GB,/,74.6GB,9.6GB,/,147MB,310
2022-9-29 15:09:47,c8b279d5dd26,hadoop-slave1.1.r6hm6j1kvfs2jh08r6y6g6lev,0.53%,12.33,/,125.5GiB,9.82%,71.2GB,/,74.6GB,9.6GB,/,147MB,310
2022-09-29 15:09:48,c8b279d5dd26,hadoop-slave1.1.r6hm6j1kvfs2jh08r6y6g6lev,0.56%,12.33,/,125.5GiB,9.82%,71.2GB,/,74.6GB,9.6GB,/,147MB,310
2022-9-29 15:09:49,c8b279d5dd26,hadoop-slave1.1.r6hm6j1kvfs2jh08r6y6g6lev,0.60%,12.33,/,125.5GiB,9.82%,71.2GB,/,74.6GB,9.6GB,/,147MB,310
2022-09-29 15:09:50,c8b279d5dd26,hadoop-slave1.1.r6hm6j1kvfs2jh08r6y6g6lev,0.58%,12.33,/,125.5GiB,9.82%,71.2GB,/,74.6GB,9.6GB,/,147MB,310
2022-9-29 15:09:51,c8b279d5dd26,hadoop-slave1.1.r6hm6j1kvfs2jh08r6y6g6lev,0.57%,12.33,/,125.5GiB,9.82%,71.2GB,/,74.6GB,9.6GB,/,147MB,310
2022-09-29 15:09:52,c8b279d5dd26,hadoop-slave1.1.r6hm6j1kvfs2jh08r6y6g6lev,0.57%,12.33,/,125.5GiB,9.82%,71.2GB,/,74.6GB,9.6GB,/,147MB,310
2022-9-29 15:09:53,c8b279d5dd26,hadoop-slave1.1.r6hm6j1kvfs2jh08r6y6g6lev,0.57%,12.33,/,125.5GiB,9.82%,71.2GB,/,74.6GB,9.6GB,/,147MB,310
2022-09-29 15:09:54,c8b279d5dd26,hadoop-slave1.1.r6hm6j1kvfs2jh08r6y6g6lev,0.6%,12.33,/,125.5GiB,9.82%,71.2GB,/,74.6GB,9.6GB,/,147MB,310
2022-9-29 15:09:55,c8b279d5dd26,hadoop-slave1.1.r6hm6j1kvfs2jh08r6y6g6lev,0.63%,12.33,/,125.5GiB,9.82%,71.2GB,/,74.6GB,9.6GB,/,147MB,310
2022-09-29 15:09:56,c8b279d5dd26,hadoop-slave1.1.r6hm6j1kvfs2jh08r6y6g6lev,0.58%,12.33,/,125.5GiB,9.82%,71.2GB,/,74.6GB,9.6GB,/,147MB,310
2022-9-29 15:09:57,c8b279d5dd26,hadoop-slave1.1.r6hm6j1kvfs2jh08r6y6g6lev,0.54%,12.33,/,125.5GiB,9.82%,71.2GB,/,74.6GB,9.6GB,/,147MB,310
2022-09-29 15:09:58,c8b279d5dd26,hadoop-slave1.1.r6hm6j1kvfs2jh08r6y6g6lev,0.55%,12.33,/,125.5GiB,9.82%,71.2GB,/,74.6GB,9.6GB,/,147MB,310
2022-9-29 15:09:59,c8b279d5dd26,hadoop-slave1.1.r6hm6j1kvfs2jh08r6y6g6lev,0.55%,12.33,/,125.5GiB,9.82%,71.2GB,/,74.6GB,9.6GB,/,147MB,310
2022-09-29 15:10:00,c8b279d5dd26,hadoop-slave1.1.r6hm6j1kvfs2jh08r6y6g6lev,0.59%,12.33,/,125.5GiB,9.82%,71.2GB,/,74.6GB,9.6GB,/,147MB,310
2022-9-29 15:10:01,c8b279d5dd26,hadoop-slave1.1.r6hm6j1kvfs2jh08r6y6g6lev,0.63%,12.33,/,125.5GiB,9.82%,71.2GB,/,74.6GB,9.6GB,/,147MB,310
2022-09-29 15:10:02,c8b279d5dd26,hadoop-slave1.1.r6hm6j1kvfs2jh08r6y6g6lev,0.59%,12.33,/,125.5GiB,9.82%,71.2GB,/,74.6GB,9.6GB,/,147MB,310
2022-9-29 15:10:03,c8b279d5dd26,hadoop-slave1.1.r6hm6j1kvfs2jh08r6y6g6lev,0.55%,12.33,/,125.5GiB,9.82%,71.2GB,/,74.6GB,9.6GB,/,147MB,309
2022-09-29 15:10:04,c8b279d5dd26,hadoop-slave1.1.r6hm6j1kvfs2jh08r6y6g6lev,0.56%,12.33,/,125.5GiB,9.82%,71.2GB,/,74.6GB,9.6GB,/,147MB,309
2022-9-29 15:10:05,c8b279d5dd26,hadoop-slave1.1.r6hm6j1kvfs2jh08r6y6g6lev,0.57%,12.33,/,125.5GiB,9.82%,71.2GB,/,74.6GB,9.6GB,/,147MB,309
2022-09-29 15:10:06,c8b279d5dd26,hadoop-slave1.1.r6hm6j1kvfs2jh08r6y6g6lev,0.63%,12.33,/,125.5GiB,9.82%,71.2GB,/,74.6GB,9.6GB,/,147MB,309
2022-09-29 15:10:07,c8b279d5dd26,hadoop-slave1.1.r6hm6j1kvfs2jh08r6y6g6lev,0.63%,12.33,/,125.5GiB,9.82%,71.2GB,/,74.6GB,9.6GB,/,147MB,309
2022-9-29 15:10:08,c8b279d5dd26,hadoop-slave1.1.r6hm6j1kvfs2jh08r6y6g6lev,0.69%,12.33,/,125.5GiB,9.82%,71.2GB,/,74.6GB,9.6GB,/,147MB,309
2022-09-29 15:10:09,c8b279d5dd26,hadoop-slave1.1.r6hm6j1kvfs2jh08r6y6g6lev,0.62%,12.33,/,125.5GiB,9.82%,71.2GB,/,74.6GB,9.6GB,/,147MB,309
2022-9-29 15:10:10,c8b279d5dd26,hadoop-slave1.1.r6hm6j1kvfs2jh08r6y6g6lev,0.56%,12.33,/,125.5GiB,9.82%,71.2GB,/,74.6GB,9.6GB,/,147MB,309
2022-09-29 15:10:11,c8b279d5dd26,hadoop-slave1.1.r6hm6j1kvfs2jh08r6y6g6lev,0.58%,12.33,/,125.5GiB,9.82%,71.2GB,/,74.6GB,9.6GB,/,147MB,309
2022-9-29 15:10:12,c8b279d5dd26,hadoop-slave1.1.r6hm6j1kvfs2jh08r6y6g6lev,0.61%,12.33,/,125.5GiB,9.82%,71.2GB,/,74.6GB,9.6GB,/,147MB,309
2022-09-29 15:10:13,c8b279d5dd26,hadoop-slave1.1.r6hm6j1kvfs2jh08r6y6g6lev,0.61%,12.33,/,125.5GiB,9.82%,71.2GB,/,74.6GB,9.6GB,/,147MB,309
2022-9-29 15:10:14,c8b279d5dd26,hadoop-slave1.1.r6hm6j1kvfs2jh08r6y6g6lev,0.62%,12.33,/,125.5GiB,9.82%,71.2GB,/,74.6GB,9.6GB,/,147MB,309
2022-09-29 15:10:15,c8b279d5dd26,hadoop-slave1.1.r6hm6j1kvfs2jh08r6y6g6lev,0.59%,12.33,/,125.5GiB,9.82%,71.2GB,/,74.6GB,9.6GB,/,147MB,309
2022-9-29 15:10:16,c8b279d5dd26,hadoop-slave1.1.r6hm6j1kvfs2jh08r6y6g6lev,0.56%,12.33,/,125.5GiB,9.82%,71.2GB,/,74.6GB,9.6GB,/,147MB,309
2022-09-29 15:10:17,c8b279d5dd26,hadoop-slave1.1.r6hm6j1kvfs2jh08r6y6g6lev,0.58%,12.33,/,125.5GiB,9.82%,71.2GB,/,74.6GB,9.6GB,/,147MB,309
2022-9-29 15:10:18,c8b279d5dd26,hadoop-slave1.1.r6hm6j1kvfs2jh08r6y6g6lev,0.61%,12.33,/,125.5GiB,9.82%,71.2GB,/,74.6GB,9.6GB,/,147MB,309
2022-09-29 15:10:19,c8b279d5dd26,hadoop-slave1.1.r6hm6j1kvfs2jh08r6y6g6lev,0.67%,12.33,/,125.5GiB,9.82%,71.2GB,/,74.6GB,9.6GB,/,147MB,309
2022-9-29 15:10:20,c8b279d5dd26,hadoop-slave1.1.r6hm6j1kvfs2jh08r6y6g6lev,0.73%,12.33,/,125.5GiB,9.82%,71.2GB,/,74.6GB,9.6GB,/,147MB,304
2022-09-29 15:10:21,c8b279d5dd26,hadoop-slave1.1.r6hm6j1kvfs2jh08r6y6g6lev,0.69%,12.33,/,125.5GiB,9.82%,71.2GB,/,74.6GB,9.6GB,/,147MB,304
2022-9-29 15:10:22,c8b279d5dd26,hadoop-slave1.1.r6hm6j1kvfs2jh08r6y6g6lev,0.65%,12.33,/,125.5GiB,9.82%,71.2GB,/,74.6GB,9.6GB,/,147MB,301
2022-09-29 15:10:23,c8b279d5dd26,hadoop-slave1.1.r6hm6j1kvfs2jh08r6y6g6lev,0.59%,12.33,/,125.5GiB,9.82%,71.2GB,/,74.6GB,9.6GB,/,147MB,301
2022-9-29 15:10:24,c8b279d5dd26,hadoop-slave1.1.r6hm6j1kvfs2jh08r6y6g6lev,0.54%,12.33,/,125.5GiB,9.82%,71.2GB,/,74.6GB,9.6GB,/,147MB,301
2022-09-29 15:10:25,c8b279d5dd26,hadoop-slave1.1.r6hm6j1kvfs2jh08r6y6g6lev,0.61%,12.33,/,125.5GiB,9.82%,71.2GB,/,74.6GB,9.6GB,/,147MB,301
2022-9-29 15:10:26,c8b279d5dd26,hadoop-slave1.1.r6hm6j1kvfs2jh08r6y6g6lev,0.69%,12.33,/,125.5GiB,9.82%,71.2GB,/,74.6GB,9.6GB,/,147MB,300
2022-09-29 15:10:27,c8b279d5dd26,hadoop-slave1.1.r6hm6j1kvfs2jh08r6y6g6lev,0.64%,12.33,/,125.5GiB,9.82%,71.2GB,/,74.6GB,9.6GB,/,147MB,300
2022-9-29 15:10:28,c8b279d5dd26,hadoop-slave1.1.r6hm6j1kvfs2jh08r6y6g6lev,0.58%,12.33,/,125.5GiB,9.82%,71.2GB,/,74.6GB,9.6GB,/,147MB,300
2022-09-29 15:10:29,c8b279d5dd26,hadoop-slave1.1.r6hm6j1kvfs2jh08r6y6g6lev,0.56%,12.33,/,125.5GiB,9.82%,71.2GB,/,74.6GB,9.6GB,/,147MB,300
2022-9-29 15:10:30,c8b279d5dd26,hadoop-slave1.1.r6hm6j1kvfs2jh08r6y6g6lev,0.54%,12.33,/,125.5GiB,9.82%,71.2GB,/,74.6GB,9.6GB,/,147MB,300
2022-09-29 15:10:31,c8b279d5dd26,hadoop-slave1.1.r6hm6j1kvfs2jh08r6y6g6lev,0.57%,12.33,/,125.5GiB,9.82%,71.2GB,/,74.6GB,9.6GB,/,147MB,300
2022-9-29 15:10:32,c8b279d5dd26,hadoop-slave1.1.r6hm6j1kvfs2jh08r6y6g6lev,0.61%,12.33,/,125.5GiB,9.82%,71.2GB,/,74.6GB,9.6GB,/,147MB,300
2022-09-29 15:10:33,c8b279d5dd26,hadoop-slave1.1.r6hm6j1kvfs2jh08r6y6g6lev,0.58%,12.33,/,125.5GiB,9.82%,71.2GB,/,74.6GB,9.6GB,/,147MB,300
2022-9-29 15:10:34,c8b279d5dd26,hadoop-slave1.1.r6hm6j1kvfs2jh08r6y6g6lev,0.55%,12.33,/,125.5GiB,9.82%,71.2GB,/,74.6GB,9.6GB,/,147MB,300
2022-09-29 15:10:35,c8b279d5dd26,hadoop-slave1.1.r6hm6j1kvfs2jh08r6y6g6lev,0.56%,12.33,/,125.5GiB,9.82%,71.2GB,/,74.6GB,9.6GB,/,147MB,300
2022-9-29 15:10:36,c8b279d5dd26,hadoop-slave1.1.r6hm6j1kvfs2jh08r6y6g6lev,0.58%,12.33,/,125.5GiB,9.82%,71.2GB,/,74.6GB,9.6GB,/,147MB,300
2022-09-29 15:10:37,c8b279d5dd26,hadoop-slave1.1.r6hm6j1kvfs2jh08r6y6g6lev,0.62%,12.33,/,125.5GiB,9.82%,71.2GB,/,74.6GB,9.6GB,/,147MB,300
2022-9-29 15:10:38,c8b279d5dd26,hadoop-slave1.1.r6hm6j1kvfs2jh08r6y6g6lev,0.66%,12.33,/,125.5GiB,9.82%,71.2GB,/,74.6GB,9.6GB,/,147MB,300
2022-09-29 15:10:39,c8b279d5dd26,hadoop-slave1.1.r6hm6j1kvfs2jh08r6y6g6lev,0.61%,12.33,/,125.5GiB,9.82%,71.2GB,/,74.6GB,9.6GB,/,147MB,300
2022-9-29 15:10:40,c8b279d5dd26,hadoop-slave1.1.r6hm6j1kvfs2jh08r6y6g6lev,0.56%,12.33,/,125.5GiB,9.82%,71.2GB,/,74.6GB,9.6GB,/,147MB,300
2022-09-29 15:10:41,c8b279d5dd26,hadoop-slave1.1.r6hm6j1kvfs2jh08r6y6g6lev,0.56%,12.33,/,125.5GiB,9.82%,71.2GB,/,74.6GB,9.6GB,/,147MB,300
2022-9-29 15:10:42,c8b279d5dd26,hadoop-slave1.1.r6hm6j1kvfs2jh08r6y6g6lev,0.56%,12.33,/,125.5GiB,9.82%,71.2GB,/,74.6GB,9.6GB,/,147MB,300
2022-09-29 15:10:43,c8b279d5dd26,hadoop-slave1.1.r6hm6j1kvfs2jh08r6y6g6lev,0.62%,12.33,/,125.5GiB,9.82%,71.2GB,/,74.6GB,9.6GB,/,147MB,300
2022-9-29 15:10:44,c8b279d5dd26,hadoop-slave1.1.r6hm6j1kvfs2jh08r6y6g6lev,0.68%,12.33,/,125.5GiB,9.82%,71.2GB,/,74.6GB,9.6GB,/,147MB,300
2022-09-29 15:10:45,c8b279d5dd26,hadoop-slave1.1.r6hm6j1kvfs2jh08r6y6g6lev,0.67%,12.33,/,125.5GiB,9.82%,71.2GB,/,74.6GB,9.6GB,/,147MB,300
2022-9-29 15:10:46,c8b279d5dd26,hadoop-slave1.1.r6hm6j1kvfs2jh08r6y6g6lev,0.65%,12.33,/,125.5GiB,9.82%,71.2GB,/,74.6GB,9.6GB,/,147MB,300
2022-09-29 15:10:47,c8b279d5dd26,hadoop-slave1.1.r6hm6j1kvfs2jh08r6y6g6lev,0.63%,12.33,/,125.5GiB,9.82%,71.2GB,/,74.6GB,9.6GB,/,147MB,300
2022-9-29 15:10:48,c8b279d5dd26,hadoop-slave1.1.r6hm6j1kvfs2jh08r6y6g6lev,0.61%,12.33,/,125.5GiB,9.82%,71.2GB,/,74.6GB,9.6GB,/,147MB,300
2022-09-29 15:10:49,c8b279d5dd26,hadoop-slave1.1.r6hm6j1kvfs2jh08r6y6g6lev,0.58%,12.33,/,125.5GiB,9.82%,71.2GB,/,74.6GB,9.6GB,/,147MB,300
2022-9-29 15:10:50,c8b279d5dd26,hadoop-slave1.1.r6hm6j1kvfs2jh08r6y6g6lev,0.55%,12.33,/,125.5GiB,9.82%,71.2GB,/,74.6GB,9.6GB,/,147MB,300
2022-09-29 15:10:51,c8b279d5dd26,hadoop-slave1.1.r6hm6j1kvfs2jh08r6y6g6lev,22.03%,12.33,/,125.5GiB,9.82%,71.2GB,/,74.6GB,9.6GB,/,147MB,300
2022-9-29 15:10:52,c8b279d5dd26,hadoop-slave1.1.r6hm6j1kvfs2jh08r6y6g6lev,43.51%,12.33,/,125.5GiB,9.82%,71.3GB,/,74.6GB,9.6GB,/,147MB,302
2022-09-29 15:10:53,c8b279d5dd26,hadoop-slave1.1.r6hm6j1kvfs2jh08r6y6g6lev,35.96%,12.33,/,125.5GiB,9.82%,71.3GB,/,74.6GB,9.6GB,/,147MB,302
2022-9-29 15:10:54,c8b279d5dd26,hadoop-slave1.1.r6hm6j1kvfs2jh08r6y6g6lev,28.41%,12.33,/,125.5GiB,9.82%,71.3GB,/,74.6GB,9.6GB,/,147MB,308
2022-09-29 15:10:55,c8b279d5dd26,hadoop-slave1.1.r6hm6j1kvfs2jh08r6y6g6lev,35.51%,12.33,/,125.5GiB,9.82%,71.3GB,/,74.6GB,9.6GB,/,147MB,308
2022-9-29 15:10:56,c8b279d5dd26,hadoop-slave1.1.r6hm6j1kvfs2jh08r6y6g6lev,42.60%,12.33,/,125.5GiB,9.82%,71.4GB,/,74.6GB,9.6GB,/,147MB,309
2022-09-29 15:10:57,c8b279d5dd26,hadoop-slave1.1.r6hm6j1kvfs2jh08r6y6g6lev,113.97%,12.33,/,125.5GiB,9.86%,71.4GB,/,74.6GB,9.6GB,/,147MB,309
2022-9-29 15:10:58,c8b279d5dd26,hadoop-slave1.1.r6hm6j1kvfs2jh08r6y6g6lev,185.34%,12.41,/,125.5GiB,9.89%,71.5GB,/,74.7GB,9.6GB,/,147MB,370
2022-09-29 15:10:59,c8b279d5dd26,hadoop-slave1.1.r6hm6j1kvfs2jh08r6y6g6lev,270.6%,12.41,/,125.5GiB,9.98%,71.5GB,/,74.7GB,9.6GB,/,147MB,370
2022-9-29 15:11:00,c8b279d5dd26,hadoop-slave1.1.r6hm6j1kvfs2jh08r6y6g6lev,355.86%,12.65,/,125.5GiB,10.08%,71.5GB,/,74.7GB,9.6GB,/,147MB,380
2022-09-29 15:11:01,c8b279d5dd26,hadoop-slave1.1.r6hm6j1kvfs2jh08r6y6g6lev,203.78%,12.65,/,125.5GiB,10.11%,71.5GB,/,74.7GB,9.6GB,/,147MB,380
2022-9-29 15:11:02,c8b279d5dd26,hadoop-slave1.1.r6hm6j1kvfs2jh08r6y6g6lev,51.69%,12.73,/,125.5GiB,10.14%,71.6GB,/,74.8GB,9.6GB,/,147MB,393
2022-09-29 15:11:03,c8b279d5dd26,hadoop-slave1.1.r6hm6j1kvfs2jh08r6y6g6lev,43.91%,12.73,/,125.5GiB,10.14%,71.6GB,/,74.8GB,9.6GB,/,147MB,393
2022-9-29 15:11:04,c8b279d5dd26,hadoop-slave1.1.r6hm6j1kvfs2jh08r6y6g6lev,36.14%,12.73,/,125.5GiB,10.14%,71.6GB,/,74.8GB,9.6GB,/,147MB,394
2022-09-29 15:11:05,c8b279d5dd26,hadoop-slave1.1.r6hm6j1kvfs2jh08r6y6g6lev,86.38%,12.73,/,125.5GiB,10.14%,71.6GB,/,74.8GB,9.6GB,/,147MB,394
2022-9-29 15:11:06,c8b279d5dd26,hadoop-slave1.1.r6hm6j1kvfs2jh08r6y6g6lev,136.61%,12.73,/,125.5GiB,10.14%,71.7GB,/,74.9GB,9.6GB,/,147MB,407
2022-09-29 15:11:07,c8b279d5dd26,hadoop-slave1.1.r6hm6j1kvfs2jh08r6y6g6lev,660.11%,12.73,/,125.5GiB,10.58%,71.7GB,/,74.9GB,9.6GB,/,147MB,407
2022-09-29 15:11:08,c8b279d5dd26,hadoop-slave1.1.r6hm6j1kvfs2jh08r6y6g6lev,660.11%,12.73,/,125.5GiB,10.58%,71.7GB,/,74.9GB,9.6GB,/,147MB,407
2022-9-29 15:11:09,c8b279d5dd26,hadoop-slave1.1.r6hm6j1kvfs2jh08r6y6g6lev,1183.61%,13.83,/,125.5GiB,11.02%,71.7GB,/,75.1GB,9.6GB,/,147MB,918
2022-09-29 15:11:10,c8b279d5dd26,hadoop-slave1.1.r6hm6j1kvfs2jh08r6y6g6lev,688.54%,13.83,/,125.5GiB,11.37%,71.7GB,/,75.1GB,9.6GB,/,147MB,918
2022-9-29 15:11:11,c8b279d5dd26,hadoop-slave1.1.r6hm6j1kvfs2jh08r6y6g6lev,193.47%,14.69,/,125.5GiB,11.71%,71.7GB,/,75.1GB,9.6GB,/,147MB,840
2022-09-29 15:11:12,c8b279d5dd26,hadoop-slave1.1.r6hm6j1kvfs2jh08r6y6g6lev,116.13%,14.69,/,125.5GiB,11.69%,71.7GB,/,75.1GB,9.6GB,/,147MB,840
2022-9-29 15:11:13,c8b279d5dd26,hadoop-slave1.1.r6hm6j1kvfs2jh08r6y6g6lev,38.79%,14.65,/,125.5GiB,11.67%,71.7GB,/,75.1GB,9.6GB,/,147MB,838
2022-09-29 15:11:14,c8b279d5dd26,hadoop-slave1.1.r6hm6j1kvfs2jh08r6y6g6lev,196.31%,14.65,/,125.5GiB,11.81%,71.7GB,/,75.1GB,9.6GB,/,147MB,838
2022-9-29 15:11:15,c8b279d5dd26,hadoop-slave1.1.r6hm6j1kvfs2jh08r6y6g6lev,353.83%,14.99,/,125.5GiB,11.95%,71.7GB,/,75.1GB,9.6GB,/,147MB,881
2022-09-29 15:11:16,c8b279d5dd26,hadoop-slave1.1.r6hm6j1kvfs2jh08r6y6g6lev,178.02%,14.99,/,125.5GiB,11.96%,71.7GB,/,75.1GB,9.6GB,/,147MB,881
2022-9-29 15:11:17,c8b279d5dd26,hadoop-slave1.1.r6hm6j1kvfs2jh08r6y6g6lev,2.21%,15.01,/,125.5GiB,11.96%,71.7GB,/,75.1GB,9.6GB,/,147MB,875
2022-09-29 15:11:18,c8b279d5dd26,hadoop-slave1.1.r6hm6j1kvfs2jh08r6y6g6lev,1.82%,15.01,/,125.5GiB,11.95%,71.7GB,/,75.1GB,9.6GB,/,147MB,875
2022-9-29 15:11:19,c8b279d5dd26,hadoop-slave1.1.r6hm6j1kvfs2jh08r6y6g6lev,1.43%,14.99,/,125.5GiB,11.94%,71.7GB,/,75.1GB,9.6GB,/,147MB,872
2022-09-29 15:11:20,c8b279d5dd26,hadoop-slave1.1.r6hm6j1kvfs2jh08r6y6g6lev,2.55%,14.99,/,125.5GiB,11.94%,71.7GB,/,75.1GB,9.6GB,/,147MB,872
2022-9-29 15:11:21,c8b279d5dd26,hadoop-slave1.1.r6hm6j1kvfs2jh08r6y6g6lev,3.67%,14.99,/,125.5GiB,11.94%,71.7GB,/,75.1GB,9.6GB,/,147MB,872
2022-09-29 15:11:22,c8b279d5dd26,hadoop-slave1.1.r6hm6j1kvfs2jh08r6y6g6lev,732.25%,14.99,/,125.5GiB,12.29%,71.7GB,/,75.1GB,9.6GB,/,147MB,872
2022-9-29 15:11:23,c8b279d5dd26,hadoop-slave1.1.r6hm6j1kvfs2jh08r6y6g6lev,1460.84%,15.86,/,125.5GiB,12.64%,71.7GB,/,75.1GB,9.6GB,/,151MB,899
2022-09-29 15:11:24,c8b279d5dd26,hadoop-slave1.1.r6hm6j1kvfs2jh08r6y6g6lev,731.27%,15.86,/,125.5GiB,12.67%,71.7GB,/,75.1GB,9.6GB,/,151MB,899
2022-9-29 15:11:25,c8b279d5dd26,hadoop-slave1.1.r6hm6j1kvfs2jh08r6y6g6lev,1.71%,15.94,/,125.5GiB,12.70%,71.7GB,/,75.1GB,9.6GB,/,151MB,924
2022-09-29 15:11:26,c8b279d5dd26,hadoop-slave1.1.r6hm6j1kvfs2jh08r6y6g6lev,1405.86%,15.94,/,125.5GiB,13.75%,71.7GB,/,75.1GB,9.6GB,/,151MB,924
2022-9-29 15:11:27,c8b279d5dd26,hadoop-slave1.1.r6hm6j1kvfs2jh08r6y6g6lev,2810.01%,18.58,/,125.5GiB,14.80%,71.7GB,/,75.1GB,9.6GB,/,151MB,961
2022-09-29 15:11:28,c8b279d5dd26,hadoop-slave1.1.r6hm6j1kvfs2jh08r6y6g6lev,3556.25%,18.58,/,125.5GiB,16.07%,71.7GB,/,75.1GB,9.6GB,/,151MB,961
2022-9-29 15:11:29,c8b279d5dd26,hadoop-slave1.1.r6hm6j1kvfs2jh08r6y6g6lev,4302.49%,21.77,/,125.5GiB,17.34%,71.7GB,/,75.1GB,9.62GB,/,154MB,1028
2022-09-29 15:11:30,c8b279d5dd26,hadoop-slave1.1.r6hm6j1kvfs2jh08r6y6g6lev,4334.02%,21.77,/,125.5GiB,18.16%,71.7GB,/,75.1GB,9.62GB,/,154MB,1028
2022-9-29 15:11:31,c8b279d5dd26,hadoop-slave1.1.r6hm6j1kvfs2jh08r6y6g6lev,4365.55%,23.81,/,125.5GiB,18.97%,71.7GB,/,75.1GB,9.64GB,/,154MB,1099
2022-09-29 15:11:32,c8b279d5dd26,hadoop-slave1.1.r6hm6j1kvfs2jh08r6y6g6lev,4428.78%,23.81,/,125.5GiB,23.92%,71.7GB,/,75.1GB,9.64GB,/,154MB,1099
2022-9-29 15:11:33,c8b279d5dd26,hadoop-slave1.1.r6hm6j1kvfs2jh08r6y6g6lev,4492.01%,36.25,/,125.5GiB,28.88%,71.7GB,/,75.1GB,9.69GB,/,154MB,1105
2022-09-29 15:11:34,c8b279d5dd26,hadoop-slave1.1.r6hm6j1kvfs2jh08r6y6g6lev,4632.14%,36.25,/,125.5GiB,30.27%,71.7GB,/,75.1GB,9.69GB,/,154MB,1105
2022-9-29 15:11:35,c8b279d5dd26,hadoop-slave1.1.r6hm6j1kvfs2jh08r6y6g6lev,4772.26%,39.74,/,125.5GiB,31.67%,71.7GB,/,75.1GB,9.91GB,/,154MB,1110
2022-09-29 15:11:36,c8b279d5dd26,hadoop-slave1.1.r6hm6j1kvfs2jh08r6y6g6lev,4639.31%,39.74,/,125.5GiB,31.34%,71.7GB,/,75.1GB,9.91GB,/,154MB,1110
2022-9-29 15:11:37,c8b279d5dd26,hadoop-slave1.1.r6hm6j1kvfs2jh08r6y6g6lev,4506.35%,38.93,/,125.5GiB,31.02%,71.7GB,/,75.1GB,10GB,/,154MB,1066
2022-09-29 15:11:38,c8b279d5dd26,hadoop-slave1.1.r6hm6j1kvfs2jh08r6y6g6lev,4122.84%,38.93,/,125.5GiB,30.39%,71.7GB,/,75.1GB,10GB,/,154MB,1066
2022-9-29 15:11:39,c8b279d5dd26,hadoop-slave1.1.r6hm6j1kvfs2jh08r6y6g6lev,3739.32%,37.35,/,125.5GiB,29.76%,71.7GB,/,75.1GB,10GB,/,154MB,1095
2022-09-29 15:11:40,c8b279d5dd26,hadoop-slave1.1.r6hm6j1kvfs2jh08r6y6g6lev,3986.86%,37.35,/,125.5GiB,32.98%,71.7GB,/,75.1GB,10GB,/,154MB,1095
2022-9-29 15:11:41,c8b279d5dd26,hadoop-slave1.1.r6hm6j1kvfs2jh08r6y6g6lev,4234.40%,45.42,/,125.5GiB,36.19%,71.7GB,/,75.1GB,10GB,/,154MB,1112
2022-09-29 15:11:42,c8b279d5dd26,hadoop-slave1.1.r6hm6j1kvfs2jh08r6y6g6lev,4187.35%,45.42,/,125.5GiB,37.0%,71.7GB,/,75.1GB,10GB,/,154MB,1112
2022-9-29 15:11:43,c8b279d5dd26,hadoop-slave1.1.r6hm6j1kvfs2jh08r6y6g6lev,4140.31%,47.46,/,125.5GiB,37.82%,71.7GB,/,75.1GB,10.1GB,/,154MB,1101
2022-09-29 15:11:44,c8b279d5dd26,hadoop-slave1.1.r6hm6j1kvfs2jh08r6y6g6lev,4068.2%,47.46,/,125.5GiB,38.43%,71.7GB,/,75.1GB,10.1GB,/,154MB,1101
2022-9-29 15:11:45,c8b279d5dd26,hadoop-slave1.1.r6hm6j1kvfs2jh08r6y6g6lev,3996.08%,49,/,125.5GiB,39.04%,71.7GB,/,75.1GB,10.1GB,/,154MB,1107
2022-09-29 15:11:46,c8b279d5dd26,hadoop-slave1.1.r6hm6j1kvfs2jh08r6y6g6lev,4357.45%,49,/,125.5GiB,39.42%,71.7GB,/,75.1GB,10.1GB,/,154MB,1107
2022-9-29 15:11:47,c8b279d5dd26,hadoop-slave1.1.r6hm6j1kvfs2jh08r6y6g6lev,4718.82%,49.96,/,125.5GiB,39.81%,71.7GB,/,75.1GB,10.1GB,/,154MB,1103
2022-09-29 15:11:48,c8b279d5dd26,hadoop-slave1.1.r6hm6j1kvfs2jh08r6y6g6lev,4345.44%,49.96,/,125.5GiB,40.55%,71.7GB,/,75.1GB,10.1GB,/,154MB,1103
2022-9-29 15:11:49,c8b279d5dd26,hadoop-slave1.1.r6hm6j1kvfs2jh08r6y6g6lev,3972.06%,51.82,/,125.5GiB,41.29%,71.7GB,/,75.1GB,10.1GB,/,154MB,1093
2022-09-29 15:11:50,c8b279d5dd26,hadoop-slave1.1.r6hm6j1kvfs2jh08r6y6g6lev,3994.41%,51.82,/,125.5GiB,41.95%,71.7GB,/,75.1GB,10.1GB,/,154MB,1093
2022-9-29 15:11:51,c8b279d5dd26,hadoop-slave1.1.r6hm6j1kvfs2jh08r6y6g6lev,4016.77%,53.48,/,125.5GiB,42.61%,71.7GB,/,75.1GB,10.2GB,/,154MB,1104
2022-09-29 15:11:52,c8b279d5dd26,hadoop-slave1.1.r6hm6j1kvfs2jh08r6y6g6lev,4077.64%,53.48,/,125.5GiB,38.05%,71.7GB,/,75.1GB,10.2GB,/,154MB,1104
2022-9-29 15:11:53,c8b279d5dd26,hadoop-slave1.1.r6hm6j1kvfs2jh08r6y6g6lev,4138.50%,42.02,/,125.5GiB,33.49%,71.7GB,/,75.1GB,10.2GB,/,154MB,780
2022-09-29 15:11:54,c8b279d5dd26,hadoop-slave1.1.r6hm6j1kvfs2jh08r6y6g6lev,3999.59%,42.02,/,125.5GiB,33.69%,71.7GB,/,75.1GB,10.2GB,/,154MB,780
2022-9-29 15:11:55,c8b279d5dd26,hadoop-slave1.1.r6hm6j1kvfs2jh08r6y6g6lev,3860.68%,42.52,/,125.5GiB,33.88%,71.7GB,/,75.1GB,10.2GB,/,154MB,785
2022-09-29 15:11:56,c8b279d5dd26,hadoop-slave1.1.r6hm6j1kvfs2jh08r6y6g6lev,3717.51%,42.52,/,125.5GiB,34.12%,71.7GB,/,75.1GB,10.2GB,/,154MB,785
2022-9-29 15:11:57,c8b279d5dd26,hadoop-slave1.1.r6hm6j1kvfs2jh08r6y6g6lev,3574.35%,43.1,/,125.5GiB,34.35%,71.7GB,/,75.1GB,10.2GB,/,154MB,771
2022-09-29 15:11:58,c8b279d5dd26,hadoop-slave1.1.r6hm6j1kvfs2jh08r6y6g6lev,3676.79%,43.1,/,125.5GiB,34.37%,71.7GB,/,75.1GB,10.2GB,/,154MB,771
2022-9-29 15:11:59,c8b279d5dd26,hadoop-slave1.1.r6hm6j1kvfs2jh08r6y6g6lev,3779.23%,43.16,/,125.5GiB,34.39%,71.7GB,/,75.1GB,10.2GB,/,154MB,782
2022-09-29 15:12:00,c8b279d5dd26,hadoop-slave1.1.r6hm6j1kvfs2jh08r6y6g6lev,3711.67%,43.16,/,125.5GiB,34.39%,71.7GB,/,75.1GB,10.2GB,/,154MB,782
2022-9-29 15:12:01,c8b279d5dd26,hadoop-slave1.1.r6hm6j1kvfs2jh08r6y6g6lev,3644.11%,43.15,/,125.5GiB,34.38%,71.7GB,/,75.1GB,10.2GB,/,154MB,766
2022-09-29 15:12:02,c8b279d5dd26,hadoop-slave1.1.r6hm6j1kvfs2jh08r6y6g6lev,1961.27%,43.15,/,125.5GiB,33.87%,71.7GB,/,75.1GB,10.2GB,/,154MB,766
2022-9-29 15:12:03,c8b279d5dd26,hadoop-slave1.1.r6hm6j1kvfs2jh08r6y6g6lev,278.43%,41.85,/,125.5GiB,33.35%,71.7GB,/,75.1GB,10.2GB,/,154MB,746
2022-09-29 15:12:04,c8b279d5dd26,hadoop-slave1.1.r6hm6j1kvfs2jh08r6y6g6lev,139.6%,41.85,/,125.5GiB,33.35%,71.7GB,/,75.1GB,10.2GB,/,154MB,746
2022-9-29 15:12:05,c8b279d5dd26,hadoop-slave1.1.r6hm6j1kvfs2jh08r6y6g6lev,0.78%,41.85,/,125.5GiB,33.35%,71.7GB,/,75.1GB,10.2GB,/,154MB,745
2022-09-29 15:12:06,c8b279d5dd26,hadoop-slave1.1.r6hm6j1kvfs2jh08r6y6g6lev,1.28%,41.85,/,125.5GiB,33.35%,71.7GB,/,75.1GB,10.2GB,/,154MB,745
2022-09-29 15:12:07,c8b279d5dd26,hadoop-slave1.1.r6hm6j1kvfs2jh08r6y6g6lev,1.28%,41.85,/,125.5GiB,33.35%,71.7GB,/,75.1GB,10.2GB,/,154MB,745
2022-9-29 15:12:08,c8b279d5dd26,hadoop-slave1.1.r6hm6j1kvfs2jh08r6y6g6lev,1.78%,41.85,/,125.5GiB,33.35%,71.7GB,/,75.1GB,10.2GB,/,154MB,730
2022-09-29 15:12:09,c8b279d5dd26,hadoop-slave1.1.r6hm6j1kvfs2jh08r6y6g6lev,1.83%,41.85,/,125.5GiB,33.34%,71.7GB,/,75.1GB,10.2GB,/,154MB,730
2022-9-29 15:12:10,c8b279d5dd26,hadoop-slave1.1.r6hm6j1kvfs2jh08r6y6g6lev,1.87%,41.85,/,125.5GiB,33.34%,71.7GB,/,75.1GB,10.2GB,/,154MB,726
2022-09-29 15:12:11,c8b279d5dd26,hadoop-slave1.1.r6hm6j1kvfs2jh08r6y6g6lev,1.4%,41.85,/,125.5GiB,33.34%,71.7GB,/,75.1GB,10.2GB,/,154MB,726
2022-9-29 15:12:12,c8b279d5dd26,hadoop-slave1.1.r6hm6j1kvfs2jh08r6y6g6lev,0.93%,41.85,/,125.5GiB,33.34%,71.7GB,/,75.1GB,10.2GB,/,154MB,723
2022-09-29 15:12:13,c8b279d5dd26,hadoop-slave1.1.r6hm6j1kvfs2jh08r6y6g6lev,1.49%,41.85,/,125.5GiB,33.34%,71.7GB,/,75.1GB,10.2GB,/,154MB,723
2022-9-29 15:12:14,c8b279d5dd26,hadoop-slave1.1.r6hm6j1kvfs2jh08r6y6g6lev,2.04%,41.85,/,125.5GiB,33.34%,71.7GB,/,75.1GB,10.2GB,/,154MB,719
2022-09-29 15:12:15,c8b279d5dd26,hadoop-slave1.1.r6hm6j1kvfs2jh08r6y6g6lev,1604.0%,41.85,/,125.5GiB,33.44%,71.7GB,/,75.1GB,10.2GB,/,154MB,719
2022-9-29 15:12:16,c8b279d5dd26,hadoop-slave1.1.r6hm6j1kvfs2jh08r6y6g6lev,3205.97%,42.08,/,125.5GiB,33.53%,71.8GB,/,75.2GB,10.2GB,/,154MB,740
2022-09-29 15:12:17,c8b279d5dd26,hadoop-slave1.1.r6hm6j1kvfs2jh08r6y6g6lev,2256.86%,42.08,/,125.5GiB,33.83%,71.8GB,/,75.2GB,10.2GB,/,154MB,740
2022-9-29 15:12:18,c8b279d5dd26,hadoop-slave1.1.r6hm6j1kvfs2jh08r6y6g6lev,1307.75%,42.83,/,125.5GiB,34.13%,72GB,/,75.5GB,10.2GB,/,154MB,740
2022-09-29 15:12:19,c8b279d5dd26,hadoop-slave1.1.r6hm6j1kvfs2jh08r6y6g6lev,1395.82%,42.83,/,125.5GiB,34.77%,72GB,/,75.5GB,10.2GB,/,154MB,740
2022-9-29 15:12:20,c8b279d5dd26,hadoop-slave1.1.r6hm6j1kvfs2jh08r6y6g6lev,1483.89%,44.43,/,125.5GiB,35.40%,72.2GB,/,75.7GB,10.2GB,/,154MB,740
2022-09-29 15:12:21,c8b279d5dd26,hadoop-slave1.1.r6hm6j1kvfs2jh08r6y6g6lev,2001.6%,44.43,/,125.5GiB,35.98%,72.2GB,/,75.7GB,10.2GB,/,154MB,740
2022-9-29 15:12:22,c8b279d5dd26,hadoop-slave1.1.r6hm6j1kvfs2jh08r6y6g6lev,2519.31%,45.88,/,125.5GiB,36.56%,72.5GB,/,75.9GB,10.2GB,/,154MB,740
2022-09-29 15:12:23,c8b279d5dd26,hadoop-slave1.1.r6hm6j1kvfs2jh08r6y6g6lev,1782.57%,45.88,/,125.5GiB,36.58%,72.5GB,/,75.9GB,10.2GB,/,154MB,740
2022-9-29 15:12:24,c8b279d5dd26,hadoop-slave1.1.r6hm6j1kvfs2jh08r6y6g6lev,1045.82%,45.91,/,125.5GiB,36.59%,72.7GB,/,76.2GB,10.2GB,/,154MB,740
2022-09-29 15:12:25,c8b279d5dd26,hadoop-slave1.1.r6hm6j1kvfs2jh08r6y6g6lev,889.13%,45.91,/,125.5GiB,36.88%,72.7GB,/,76.2GB,10.2GB,/,154MB,740
2022-9-29 15:12:26,c8b279d5dd26,hadoop-slave1.1.r6hm6j1kvfs2jh08r6y6g6lev,732.45%,46.64,/,125.5GiB,37.16%,72.9GB,/,76.4GB,10.2GB,/,154MB,740
2022-09-29 15:12:27,c8b279d5dd26,hadoop-slave1.1.r6hm6j1kvfs2jh08r6y6g6lev,2454.7%,46.64,/,125.5GiB,38.2%,72.9GB,/,76.4GB,10.2GB,/,154MB,740
2022-9-29 15:12:28,c8b279d5dd26,hadoop-slave1.1.r6hm6j1kvfs2jh08r6y6g6lev,4176.95%,49.24,/,125.5GiB,39.24%,73.1GB,/,76.6GB,10.2GB,/,154MB,738
2022-09-29 15:12:29,c8b279d5dd26,hadoop-slave1.1.r6hm6j1kvfs2jh08r6y6g6lev,3322.1%,49.24,/,125.5GiB,39.44%,73.1GB,/,76.6GB,10.2GB,/,154MB,738
2022-9-29 15:12:30,c8b279d5dd26,hadoop-slave1.1.r6hm6j1kvfs2jh08r6y6g6lev,2467.25%,49.74,/,125.5GiB,39.63%,73.3GB,/,76.8GB,10.2GB,/,154MB,737
2022-09-29 15:12:31,c8b279d5dd26,hadoop-slave1.1.r6hm6j1kvfs2jh08r6y6g6lev,2753.1%,49.74,/,125.5GiB,39.94%,73.3GB,/,76.8GB,10.2GB,/,154MB,737
2022-9-29 15:12:32,c8b279d5dd26,hadoop-slave1.1.r6hm6j1kvfs2jh08r6y6g6lev,3038.95%,50.51,/,125.5GiB,40.25%,73.6GB,/,77GB,10.2GB,/,154MB,736
2022-09-29 15:12:33,c8b279d5dd26,hadoop-slave1.1.r6hm6j1kvfs2jh08r6y6g6lev,2016.54%,50.51,/,125.5GiB,40.66%,73.6GB,/,77GB,10.2GB,/,154MB,736
2022-9-29 15:12:34,c8b279d5dd26,hadoop-slave1.1.r6hm6j1kvfs2jh08r6y6g6lev,994.14%,51.53,/,125.5GiB,41.06%,73.8GB,/,77.2GB,10.2GB,/,154MB,736
2022-09-29 15:12:35,c8b279d5dd26,hadoop-slave1.1.r6hm6j1kvfs2jh08r6y6g6lev,865.64%,51.53,/,125.5GiB,41.17%,73.8GB,/,77.2GB,10.2GB,/,154MB,736
2022-9-29 15:12:36,c8b279d5dd26,hadoop-slave1.1.r6hm6j1kvfs2jh08r6y6g6lev,737.15%,51.8,/,125.5GiB,41.27%,74GB,/,77.3GB,10.2GB,/,154MB,736
2022-09-29 15:12:37,c8b279d5dd26,hadoop-slave1.1.r6hm6j1kvfs2jh08r6y6g6lev,1477.86%,51.8,/,125.5GiB,41.58%,74GB,/,77.3GB,10.2GB,/,154MB,736
2022-9-29 15:12:38,c8b279d5dd26,hadoop-slave1.1.r6hm6j1kvfs2jh08r6y6g6lev,2218.56%,52.58,/,125.5GiB,41.89%,74.2GB,/,77.5GB,10.2GB,/,154MB,736
2022-09-29 15:12:39,c8b279d5dd26,hadoop-slave1.1.r6hm6j1kvfs2jh08r6y6g6lev,1696.67%,52.58,/,125.5GiB,42.03%,74.2GB,/,77.5GB,10.2GB,/,154MB,736
2022-9-29 15:12:40,c8b279d5dd26,hadoop-slave1.1.r6hm6j1kvfs2jh08r6y6g6lev,1174.78%,52.94,/,125.5GiB,42.18%,74.4GB,/,77.7GB,10.2GB,/,154MB,735
2022-09-29 15:12:41,c8b279d5dd26,hadoop-slave1.1.r6hm6j1kvfs2jh08r6y6g6lev,1472.05%,52.94,/,125.5GiB,42.39%,74.4GB,/,77.7GB,10.2GB,/,154MB,735
2022-9-29 15:12:42,c8b279d5dd26,hadoop-slave1.1.r6hm6j1kvfs2jh08r6y6g6lev,1769.32%,53.45,/,125.5GiB,42.59%,74.6GB,/,77.9GB,10.2GB,/,154MB,735
2022-09-29 15:12:43,c8b279d5dd26,hadoop-slave1.1.r6hm6j1kvfs2jh08r6y6g6lev,1619.21%,53.45,/,125.5GiB,42.61%,74.6GB,/,77.9GB,10.2GB,/,154MB,735
2022-9-29 15:12:44,c8b279d5dd26,hadoop-slave1.1.r6hm6j1kvfs2jh08r6y6g6lev,1469.10%,53.48,/,125.5GiB,42.62%,74.7GB,/,78.1GB,10.2GB,/,154MB,735
2022-09-29 15:12:45,c8b279d5dd26,hadoop-slave1.1.r6hm6j1kvfs2jh08r6y6g6lev,1464.14%,53.48,/,125.5GiB,42.63%,74.7GB,/,78.1GB,10.2GB,/,154MB,735
2022-9-29 15:12:46,c8b279d5dd26,hadoop-slave1.1.r6hm6j1kvfs2jh08r6y6g6lev,1459.18%,53.51,/,125.5GiB,42.64%,74.7GB,/,78.2GB,10.2GB,/,154MB,735
2022-09-29 15:12:47,c8b279d5dd26,hadoop-slave1.1.r6hm6j1kvfs2jh08r6y6g6lev,1451.78%,53.51,/,125.5GiB,42.66%,74.7GB,/,78.2GB,10.2GB,/,154MB,735
2022-9-29 15:12:48,c8b279d5dd26,hadoop-slave1.1.r6hm6j1kvfs2jh08r6y6g6lev,1444.37%,53.56,/,125.5GiB,42.68%,74.8GB,/,78.3GB,10.2GB,/,154MB,735
2022-09-29 15:12:49,c8b279d5dd26,hadoop-slave1.1.r6hm6j1kvfs2jh08r6y6g6lev,1461.62%,53.56,/,125.5GiB,42.71%,74.8GB,/,78.3GB,10.2GB,/,154MB,735
2022-9-29 15:12:50,c8b279d5dd26,hadoop-slave1.1.r6hm6j1kvfs2jh08r6y6g6lev,1478.88%,53.64,/,125.5GiB,42.74%,74.8GB,/,78.4GB,10.2GB,/,154MB,735
2022-09-29 15:12:51,c8b279d5dd26,hadoop-slave1.1.r6hm6j1kvfs2jh08r6y6g6lev,1722.34%,53.64,/,125.5GiB,42.97%,74.8GB,/,78.4GB,10.2GB,/,154MB,735
2022-9-29 15:12:52,c8b279d5dd26,hadoop-slave1.1.r6hm6j1kvfs2jh08r6y6g6lev,1965.80%,54.2,/,125.5GiB,43.19%,74.8GB,/,78.4GB,10.2GB,/,154MB,735
2022-09-29 15:12:53,c8b279d5dd26,hadoop-slave1.1.r6hm6j1kvfs2jh08r6y6g6lev,2107.96%,54.2,/,125.5GiB,43.12%,74.8GB,/,78.4GB,10.2GB,/,154MB,735
2022-9-29 15:12:54,c8b279d5dd26,hadoop-slave1.1.r6hm6j1kvfs2jh08r6y6g6lev,2250.12%,54.04,/,125.5GiB,43.06%,74.9GB,/,78.5GB,10.2GB,/,154MB,728
2022-09-29 15:12:55,c8b279d5dd26,hadoop-slave1.1.r6hm6j1kvfs2jh08r6y6g6lev,2108.53%,54.04,/,125.5GiB,43.17%,74.9GB,/,78.5GB,10.2GB,/,154MB,728
2022-9-29 15:12:56,c8b279d5dd26,hadoop-slave1.1.r6hm6j1kvfs2jh08r6y6g6lev,1966.95%,54.33,/,125.5GiB,43.29%,74.9GB,/,78.5GB,10.2GB,/,154MB,720
2022-09-29 15:12:57,c8b279d5dd26,hadoop-slave1.1.r6hm6j1kvfs2jh08r6y6g6lev,2032.8%,54.33,/,125.5GiB,43.47%,74.9GB,/,78.5GB,10.2GB,/,154MB,720
2022-9-29 15:12:58,c8b279d5dd26,hadoop-slave1.1.r6hm6j1kvfs2jh08r6y6g6lev,2098.66%,54.77,/,125.5GiB,43.64%,74.9GB,/,78.5GB,10.2GB,/,154MB,719
2022-09-29 15:12:59,c8b279d5dd26,hadoop-slave1.1.r6hm6j1kvfs2jh08r6y6g6lev,2009.75%,54.77,/,125.5GiB,43.75%,74.9GB,/,78.5GB,10.2GB,/,154MB,719
2022-9-29 15:13:00,c8b279d5dd26,hadoop-slave1.1.r6hm6j1kvfs2jh08r6y6g6lev,1920.85%,55.05,/,125.5GiB,43.86%,74.9GB,/,78.5GB,10.2GB,/,154MB,718
2022-09-29 15:13:01,c8b279d5dd26,hadoop-slave1.1.r6hm6j1kvfs2jh08r6y6g6lev,1518.65%,55.05,/,125.5GiB,43.75%,74.9GB,/,78.5GB,10.2GB,/,154MB,718
2022-9-29 15:13:02,c8b279d5dd26,hadoop-slave1.1.r6hm6j1kvfs2jh08r6y6g6lev,1116.46%,54.76,/,125.5GiB,43.64%,74.9GB,/,78.5GB,10.2GB,/,154MB,694
2022-09-29 15:13:03,c8b279d5dd26,hadoop-slave1.1.r6hm6j1kvfs2jh08r6y6g6lev,820.28%,54.76,/,125.5GiB,43.55%,74.9GB,/,78.5GB,10.2GB,/,154MB,694
2022-09-29 15:13:04,c8b279d5dd26,hadoop-slave1.1.r6hm6j1kvfs2jh08r6y6g6lev,820.28%,54.76,/,125.5GiB,43.55%,74.9GB,/,78.5GB,10.2GB,/,154MB,694
2022-9-29 15:13:05,c8b279d5dd26,hadoop-slave1.1.r6hm6j1kvfs2jh08r6y6g6lev,524.09%,54.55,/,125.5GiB,43.47%,74.9GB,/,78.5GB,10.2GB,/,154MB,694
2022-09-29 15:13:06,c8b279d5dd26,hadoop-slave1.1.r6hm6j1kvfs2jh08r6y6g6lev,398.88%,54.55,/,125.5GiB,43.7%,74.9GB,/,78.5GB,10.2GB,/,154MB,694
2022-9-29 15:13:07,c8b279d5dd26,hadoop-slave1.1.r6hm6j1kvfs2jh08r6y6g6lev,273.67%,55.12,/,125.5GiB,43.92%,74.9GB,/,78.5GB,10.2GB,/,154MB,694
2022-09-29 15:13:08,c8b279d5dd26,hadoop-slave1.1.r6hm6j1kvfs2jh08r6y6g6lev,287.94%,55.12,/,125.5GiB,43.92%,74.9GB,/,78.5GB,10.2GB,/,154MB,694
2022-9-29 15:13:09,c8b279d5dd26,hadoop-slave1.1.r6hm6j1kvfs2jh08r6y6g6lev,302.21%,55.13,/,125.5GiB,43.93%,74.9GB,/,78.5GB,10.2GB,/,154MB,694
2022-09-29 15:13:10,c8b279d5dd26,hadoop-slave1.1.r6hm6j1kvfs2jh08r6y6g6lev,299.24%,55.13,/,125.5GiB,43.93%,74.9GB,/,78.5GB,10.2GB,/,154MB,694
2022-9-29 15:13:11,c8b279d5dd26,hadoop-slave1.1.r6hm6j1kvfs2jh08r6y6g6lev,296.27%,55.13,/,125.5GiB,43.93%,74.9GB,/,78.5GB,10.2GB,/,154MB,694
2022-09-29 15:13:12,c8b279d5dd26,hadoop-slave1.1.r6hm6j1kvfs2jh08r6y6g6lev,237.86%,55.13,/,125.5GiB,43.93%,74.9GB,/,78.5GB,10.2GB,/,154MB,694
2022-9-29 15:13:13,c8b279d5dd26,hadoop-slave1.1.r6hm6j1kvfs2jh08r6y6g6lev,179.45%,55.14,/,125.5GiB,43.93%,74.9GB,/,78.5GB,10.2GB,/,154MB,694
2022-09-29 15:13:14,c8b279d5dd26,hadoop-slave1.1.r6hm6j1kvfs2jh08r6y6g6lev,90.23%,55.14,/,125.5GiB,43.93%,74.9GB,/,78.5GB,10.2GB,/,154MB,694
2022-9-29 15:13:15,c8b279d5dd26,hadoop-slave1.1.r6hm6j1kvfs2jh08r6y6g6lev,1.01%,55.14,/,125.5GiB,43.93%,74.9GB,/,78.5GB,10.2GB,/,154MB,694
2022-09-29 15:13:16,c8b279d5dd26,hadoop-slave1.1.r6hm6j1kvfs2jh08r6y6g6lev,1.1%,55.14,/,125.5GiB,43.93%,74.9GB,/,78.5GB,10.2GB,/,154MB,694
2022-9-29 15:13:17,c8b279d5dd26,hadoop-slave1.1.r6hm6j1kvfs2jh08r6y6g6lev,1.20%,55.14,/,125.5GiB,43.93%,74.9GB,/,78.5GB,10.2GB,/,154MB,694
2022-09-29 15:13:18,c8b279d5dd26,hadoop-slave1.1.r6hm6j1kvfs2jh08r6y6g6lev,1.39%,55.14,/,125.5GiB,43.93%,74.9GB,/,78.5GB,10.2GB,/,154MB,694
2022-9-29 15:13:19,c8b279d5dd26,hadoop-slave1.1.r6hm6j1kvfs2jh08r6y6g6lev,1.57%,55.14,/,125.5GiB,43.93%,74.9GB,/,78.5GB,10.2GB,/,154MB,694
2022-09-29 15:13:20,c8b279d5dd26,hadoop-slave1.1.r6hm6j1kvfs2jh08r6y6g6lev,1.18%,55.14,/,125.5GiB,43.93%,74.9GB,/,78.5GB,10.2GB,/,154MB,694
2022-9-29 15:13:21,c8b279d5dd26,hadoop-slave1.1.r6hm6j1kvfs2jh08r6y6g6lev,0.79%,55.14,/,125.5GiB,43.93%,74.9GB,/,78.5GB,10.2GB,/,154MB,694
2022-09-29 15:13:22,c8b279d5dd26,hadoop-slave1.1.r6hm6j1kvfs2jh08r6y6g6lev,0.97%,55.14,/,125.5GiB,43.93%,74.9GB,/,78.5GB,10.2GB,/,154MB,694
2022-9-29 15:13:23,c8b279d5dd26,hadoop-slave1.1.r6hm6j1kvfs2jh08r6y6g6lev,1.16%,55.14,/,125.5GiB,43.93%,74.9GB,/,78.5GB,10.2GB,/,154MB,694
2022-09-29 15:13:24,c8b279d5dd26,hadoop-slave1.1.r6hm6j1kvfs2jh08r6y6g6lev,1.15%,55.14,/,125.5GiB,43.93%,74.9GB,/,78.5GB,10.2GB,/,154MB,694
2022-9-29 15:13:25,c8b279d5dd26,hadoop-slave1.1.r6hm6j1kvfs2jh08r6y6g6lev,1.13%,55.14,/,125.5GiB,43.93%,74.9GB,/,78.5GB,10.2GB,/,154MB,694
2022-09-29 15:13:26,c8b279d5dd26,hadoop-slave1.1.r6hm6j1kvfs2jh08r6y6g6lev,0.96%,55.14,/,125.5GiB,43.93%,74.9GB,/,78.5GB,10.2GB,/,154MB,694
2022-9-29 15:13:27,c8b279d5dd26,hadoop-slave1.1.r6hm6j1kvfs2jh08r6y6g6lev,0.80%,55.14,/,125.5GiB,43.93%,74.9GB,/,78.5GB,10.2GB,/,154MB,694
2022-09-29 15:13:28,c8b279d5dd26,hadoop-slave1.1.r6hm6j1kvfs2jh08r6y6g6lev,0.99%,55.14,/,125.5GiB,43.93%,74.9GB,/,78.5GB,10.2GB,/,154MB,694
2022-9-29 15:13:29,c8b279d5dd26,hadoop-slave1.1.r6hm6j1kvfs2jh08r6y6g6lev,1.19%,55.14,/,125.5GiB,43.93%,74.9GB,/,78.5GB,10.2GB,/,154MB,694
2022-09-29 15:13:30,c8b279d5dd26,hadoop-slave1.1.r6hm6j1kvfs2jh08r6y6g6lev,1.17%,55.14,/,125.5GiB,43.93%,74.9GB,/,78.5GB,10.2GB,/,154MB,694
2022-9-29 15:13:31,c8b279d5dd26,hadoop-slave1.1.r6hm6j1kvfs2jh08r6y6g6lev,1.16%,55.14,/,125.5GiB,43.93%,74.9GB,/,78.5GB,10.2GB,/,154MB,694
2022-09-29 15:13:32,c8b279d5dd26,hadoop-slave1.1.r6hm6j1kvfs2jh08r6y6g6lev,1.38%,55.14,/,125.5GiB,43.93%,74.9GB,/,78.5GB,10.2GB,/,154MB,694
2022-9-29 15:13:33,c8b279d5dd26,hadoop-slave1.1.r6hm6j1kvfs2jh08r6y6g6lev,1.59%,55.14,/,125.5GiB,43.93%,74.9GB,/,78.5GB,10.2GB,/,154MB,694
2022-09-29 15:13:34,c8b279d5dd26,hadoop-slave1.1.r6hm6j1kvfs2jh08r6y6g6lev,1.45%,55.14,/,125.5GiB,43.93%,74.9GB,/,78.5GB,10.2GB,/,154MB,694
2022-9-29 15:13:35,c8b279d5dd26,hadoop-slave1.1.r6hm6j1kvfs2jh08r6y6g6lev,1.30%,55.13,/,125.5GiB,43.93%,74.9GB,/,78.5GB,10.2GB,/,154MB,685
2022-09-29 15:13:36,c8b279d5dd26,hadoop-slave1.1.r6hm6j1kvfs2jh08r6y6g6lev,1.75%,55.13,/,125.5GiB,43.93%,74.9GB,/,78.5GB,10.2GB,/,154MB,685
2022-9-29 15:13:37,c8b279d5dd26,hadoop-slave1.1.r6hm6j1kvfs2jh08r6y6g6lev,2.19%,55.13,/,125.5GiB,43.93%,74.9GB,/,78.5GB,10.2GB,/,154MB,685
2022-09-29 15:13:38,c8b279d5dd26,hadoop-slave1.1.r6hm6j1kvfs2jh08r6y6g6lev,1.78%,55.13,/,125.5GiB,43.93%,74.9GB,/,78.5GB,10.2GB,/,154MB,685
2022-9-29 15:13:39,c8b279d5dd26,hadoop-slave1.1.r6hm6j1kvfs2jh08r6y6g6lev,1.38%,55.13,/,125.5GiB,43.93%,74.9GB,/,78.5GB,10.2GB,/,154MB,685
2022-09-29 15:13:40,c8b279d5dd26,hadoop-slave1.1.r6hm6j1kvfs2jh08r6y6g6lev,1.09%,55.13,/,125.5GiB,43.93%,74.9GB,/,78.5GB,10.2GB,/,154MB,685
2022-9-29 15:13:41,c8b279d5dd26,hadoop-slave1.1.r6hm6j1kvfs2jh08r6y6g6lev,0.80%,55.13,/,125.5GiB,43.93%,74.9GB,/,78.5GB,10.2GB,/,154MB,685
2022-09-29 15:13:42,c8b279d5dd26,hadoop-slave1.1.r6hm6j1kvfs2jh08r6y6g6lev,1.15%,55.13,/,125.5GiB,43.93%,74.9GB,/,78.5GB,10.2GB,/,154MB,685
2022-9-29 15:13:43,c8b279d5dd26,hadoop-slave1.1.r6hm6j1kvfs2jh08r6y6g6lev,1.49%,55.13,/,125.5GiB,43.93%,74.9GB,/,78.5GB,10.2GB,/,154MB,685
2022-09-29 15:13:44,c8b279d5dd26,hadoop-slave1.1.r6hm6j1kvfs2jh08r6y6g6lev,1.12%,55.13,/,125.5GiB,43.93%,74.9GB,/,78.5GB,10.2GB,/,154MB,685
2022-9-29 15:13:45,c8b279d5dd26,hadoop-slave1.1.r6hm6j1kvfs2jh08r6y6g6lev,0.76%,55.13,/,125.5GiB,43.93%,74.9GB,/,78.5GB,10.2GB,/,154MB,685
2022-09-29 15:13:46,c8b279d5dd26,hadoop-slave1.1.r6hm6j1kvfs2jh08r6y6g6lev,0.98%,55.13,/,125.5GiB,43.93%,74.9GB,/,78.5GB,10.2GB,/,154MB,685
2022-9-29 15:13:47,c8b279d5dd26,hadoop-slave1.1.r6hm6j1kvfs2jh08r6y6g6lev,1.21%,55.13,/,125.5GiB,43.93%,74.9GB,/,78.5GB,10.2GB,/,154MB,685
2022-09-29 15:13:48,c8b279d5dd26,hadoop-slave1.1.r6hm6j1kvfs2jh08r6y6g6lev,1.64%,55.13,/,125.5GiB,43.93%,74.9GB,/,78.5GB,10.2GB,/,154MB,685
2022-9-29 15:13:49,c8b279d5dd26,hadoop-slave1.1.r6hm6j1kvfs2jh08r6y6g6lev,2.06%,55.13,/,125.5GiB,43.93%,74.9GB,/,78.5GB,10.2GB,/,154MB,685
2022-09-29 15:13:50,c8b279d5dd26,hadoop-slave1.1.r6hm6j1kvfs2jh08r6y6g6lev,1.47%,55.13,/,125.5GiB,43.93%,74.9GB,/,78.5GB,10.2GB,/,154MB,685
2022-9-29 15:13:51,c8b279d5dd26,hadoop-slave1.1.r6hm6j1kvfs2jh08r6y6g6lev,0.88%,55.13,/,125.5GiB,43.93%,74.9GB,/,78.5GB,10.2GB,/,154MB,685
2022-09-29 15:13:52,c8b279d5dd26,hadoop-slave1.1.r6hm6j1kvfs2jh08r6y6g6lev,0.92%,55.13,/,125.5GiB,43.93%,74.9GB,/,78.5GB,10.2GB,/,154MB,685
2022-9-29 15:13:53,c8b279d5dd26,hadoop-slave1.1.r6hm6j1kvfs2jh08r6y6g6lev,0.96%,55.13,/,125.5GiB,43.93%,74.9GB,/,78.5GB,10.2GB,/,154MB,685
2022-09-29 15:13:54,c8b279d5dd26,hadoop-slave1.1.r6hm6j1kvfs2jh08r6y6g6lev,0.95%,55.13,/,125.5GiB,43.93%,74.9GB,/,78.5GB,10.2GB,/,154MB,685
2022-9-29 15:13:55,c8b279d5dd26,hadoop-slave1.1.r6hm6j1kvfs2jh08r6y6g6lev,0.95%,55.13,/,125.5GiB,43.93%,74.9GB,/,78.5GB,10.2GB,/,154MB,685
2022-09-29 15:13:56,c8b279d5dd26,hadoop-slave1.1.r6hm6j1kvfs2jh08r6y6g6lev,0.86%,55.13,/,125.5GiB,43.93%,74.9GB,/,78.5GB,10.2GB,/,154MB,685
2022-9-29 15:13:57,c8b279d5dd26,hadoop-slave1.1.r6hm6j1kvfs2jh08r6y6g6lev,0.78%,55.13,/,125.5GiB,43.93%,74.9GB,/,78.5GB,10.2GB,/,154MB,685
2022-09-29 15:13:58,c8b279d5dd26,hadoop-slave1.1.r6hm6j1kvfs2jh08r6y6g6lev,0.89%,55.13,/,125.5GiB,43.93%,74.9GB,/,78.5GB,10.2GB,/,154MB,685
2022-9-29 15:13:59,c8b279d5dd26,hadoop-slave1.1.r6hm6j1kvfs2jh08r6y6g6lev,1.00%,55.13,/,125.5GiB,43.93%,74.9GB,/,78.5GB,10.2GB,/,154MB,685
2022-09-29 15:14:00,c8b279d5dd26,hadoop-slave1.1.r6hm6j1kvfs2jh08r6y6g6lev,1.19%,55.13,/,125.5GiB,43.93%,74.9GB,/,78.5GB,10.2GB,/,154MB,685
2022-9-29 15:14:01,c8b279d5dd26,hadoop-slave1.1.r6hm6j1kvfs2jh08r6y6g6lev,1.37%,55.13,/,125.5GiB,43.93%,74.9GB,/,78.5GB,10.2GB,/,154MB,679
2022-09-29 15:14:02,c8b279d5dd26,hadoop-slave1.1.r6hm6j1kvfs2jh08r6y6g6lev,1.39%,55.13,/,125.5GiB,43.93%,74.9GB,/,78.5GB,10.2GB,/,154MB,679
2022-9-29 15:14:03,c8b279d5dd26,hadoop-slave1.1.r6hm6j1kvfs2jh08r6y6g6lev,1.41%,55.13,/,125.5GiB,43.93%,74.9GB,/,78.5GB,10.2GB,/,154MB,675
2022-09-29 15:14:04,c8b279d5dd26,hadoop-slave1.1.r6hm6j1kvfs2jh08r6y6g6lev,1.09%,55.13,/,125.5GiB,43.93%,74.9GB,/,78.5GB,10.2GB,/,154MB,675
2022-9-29 15:14:05,c8b279d5dd26,hadoop-slave1.1.r6hm6j1kvfs2jh08r6y6g6lev,0.78%,55.13,/,125.5GiB,43.93%,74.9GB,/,78.5GB,10.2GB,/,154MB,671
2022-09-29 15:14:06,c8b279d5dd26,hadoop-slave1.1.r6hm6j1kvfs2jh08r6y6g6lev,0.88%,55.13,/,125.5GiB,43.93%,74.9GB,/,78.5GB,10.2GB,/,154MB,671
2022-09-29 15:14:07,c8b279d5dd26,hadoop-slave1.1.r6hm6j1kvfs2jh08r6y6g6lev,0.88%,55.13,/,125.5GiB,43.93%,74.9GB,/,78.5GB,10.2GB,/,154MB,671
2022-9-29 15:14:08,c8b279d5dd26,hadoop-slave1.1.r6hm6j1kvfs2jh08r6y6g6lev,0.98%,55.13,/,125.5GiB,43.93%,74.9GB,/,78.5GB,10.2GB,/,154MB,671
2022-09-29 15:14:09,c8b279d5dd26,hadoop-slave1.1.r6hm6j1kvfs2jh08r6y6g6lev,423.24%,55.13,/,125.5GiB,43.96%,74.9GB,/,78.5GB,10.2GB,/,154MB,671
2022-9-29 15:14:10,c8b279d5dd26,hadoop-slave1.1.r6hm6j1kvfs2jh08r6y6g6lev,845.50%,55.21,/,125.5GiB,43.99%,75GB,/,78.6GB,10.2GB,/,154MB,683
2022-09-29 15:14:11,c8b279d5dd26,hadoop-slave1.1.r6hm6j1kvfs2jh08r6y6g6lev,642.36%,55.21,/,125.5GiB,44.06%,75GB,/,78.6GB,10.2GB,/,154MB,683
2022-9-29 15:14:12,c8b279d5dd26,hadoop-slave1.1.r6hm6j1kvfs2jh08r6y6g6lev,439.22%,55.39,/,125.5GiB,44.14%,75.2GB,/,78.9GB,10.2GB,/,154MB,683
2022-09-29 15:14:13,c8b279d5dd26,hadoop-slave1.1.r6hm6j1kvfs2jh08r6y6g6lev,335.44%,55.39,/,125.5GiB,44.19%,75.2GB,/,78.9GB,10.2GB,/,154MB,683
2022-9-29 15:14:14,c8b279d5dd26,hadoop-slave1.1.r6hm6j1kvfs2jh08r6y6g6lev,231.65%,55.51,/,125.5GiB,44.23%,75.5GB,/,79.1GB,10.2GB,/,154MB,683
2022-09-29 15:14:15,c8b279d5dd26,hadoop-slave1.1.r6hm6j1kvfs2jh08r6y6g6lev,226.7%,55.51,/,125.5GiB,44.27%,75.5GB,/,79.1GB,10.2GB,/,154MB,683
2022-9-29 15:14:16,c8b279d5dd26,hadoop-slave1.1.r6hm6j1kvfs2jh08r6y6g6lev,221.75%,55.6,/,125.5GiB,44.31%,75.7GB,/,79.3GB,10.2GB,/,154MB,683
2022-09-29 15:14:17,c8b279d5dd26,hadoop-slave1.1.r6hm6j1kvfs2jh08r6y6g6lev,491.89%,55.6,/,125.5GiB,44.34%,75.7GB,/,79.3GB,10.2GB,/,154MB,683
2022-9-29 15:14:18,c8b279d5dd26,hadoop-slave1.1.r6hm6j1kvfs2jh08r6y6g6lev,762.04%,55.67,/,125.5GiB,44.36%,75.8GB,/,79.5GB,10.2GB,/,154MB,683
2022-09-29 15:14:19,c8b279d5dd26,hadoop-slave1.1.r6hm6j1kvfs2jh08r6y6g6lev,1506.04%,55.67,/,125.5GiB,44.37%,75.8GB,/,79.5GB,10.2GB,/,154MB,683
2022-9-29 15:14:20,c8b279d5dd26,hadoop-slave1.1.r6hm6j1kvfs2jh08r6y6g6lev,2250.04%,55.7,/,125.5GiB,44.38%,75.9GB,/,79.6GB,10.2GB,/,154MB,683
2022-09-29 15:14:21,c8b279d5dd26,hadoop-slave1.1.r6hm6j1kvfs2jh08r6y6g6lev,2492.65%,55.7,/,125.5GiB,44.38%,75.9GB,/,79.6GB,10.2GB,/,154MB,683
2022-9-29 15:14:22,c8b279d5dd26,hadoop-slave1.1.r6hm6j1kvfs2jh08r6y6g6lev,2735.26%,55.68,/,125.5GiB,44.37%,75.9GB,/,79.7GB,10.2GB,/,154MB,683
2022-09-29 15:14:23,c8b279d5dd26,hadoop-slave1.1.r6hm6j1kvfs2jh08r6y6g6lev,3137.24%,55.68,/,125.5GiB,44.37%,75.9GB,/,79.7GB,10.2GB,/,154MB,683
2022-9-29 15:14:24,c8b279d5dd26,hadoop-slave1.1.r6hm6j1kvfs2jh08r6y6g6lev,3539.22%,55.69,/,125.5GiB,44.37%,75.9GB,/,79.7GB,10.2GB,/,154MB,683
2022-09-29 15:14:25,c8b279d5dd26,hadoop-slave1.1.r6hm6j1kvfs2jh08r6y6g6lev,2530.68%,55.69,/,125.5GiB,44.37%,75.9GB,/,79.7GB,10.2GB,/,154MB,683
2022-9-29 15:14:26,c8b279d5dd26,hadoop-slave1.1.r6hm6j1kvfs2jh08r6y6g6lev,1522.13%,55.69,/,125.5GiB,44.37%,75.9GB,/,79.8GB,10.2GB,/,154MB,683
2022-09-29 15:14:27,c8b279d5dd26,hadoop-slave1.1.r6hm6j1kvfs2jh08r6y6g6lev,1525.79%,55.69,/,125.5GiB,44.38%,75.9GB,/,79.8GB,10.2GB,/,154MB,683
2022-9-29 15:14:28,c8b279d5dd26,hadoop-slave1.1.r6hm6j1kvfs2jh08r6y6g6lev,1529.45%,55.69,/,125.5GiB,44.38%,75.9GB,/,79.8GB,10.2GB,/,154MB,683
2022-09-29 15:14:29,c8b279d5dd26,hadoop-slave1.1.r6hm6j1kvfs2jh08r6y6g6lev,938.21%,55.69,/,125.5GiB,44.42%,75.9GB,/,79.8GB,10.2GB,/,154MB,683
2022-9-29 15:14:30,c8b279d5dd26,hadoop-slave1.1.r6hm6j1kvfs2jh08r6y6g6lev,346.96%,55.81,/,125.5GiB,44.47%,76GB,/,79.8GB,10.2GB,/,154MB,695
2022-09-29 15:14:31,c8b279d5dd26,hadoop-slave1.1.r6hm6j1kvfs2jh08r6y6g6lev,190.55%,55.81,/,125.5GiB,44.47%,76GB,/,79.8GB,10.2GB,/,154MB,695
2022-9-29 15:14:32,c8b279d5dd26,hadoop-slave1.1.r6hm6j1kvfs2jh08r6y6g6lev,34.14%,55.81,/,125.5GiB,44.47%,76.1GB,/,79.8GB,10.2GB,/,154MB,697
2022-09-29 15:14:33,c8b279d5dd26,hadoop-slave1.1.r6hm6j1kvfs2jh08r6y6g6lev,69.27%,55.81,/,125.5GiB,44.49%,76.1GB,/,79.8GB,10.2GB,/,154MB,697
2022-9-29 15:14:34,c8b279d5dd26,hadoop-slave1.1.r6hm6j1kvfs2jh08r6y6g6lev,104.40%,55.86,/,125.5GiB,44.51%,76.1GB,/,79.8GB,10.2GB,/,154MB,825
2022-09-29 15:14:35,c8b279d5dd26,hadoop-slave1.1.r6hm6j1kvfs2jh08r6y6g6lev,602.71%,55.86,/,125.5GiB,44.91%,76.1GB,/,79.8GB,10.2GB,/,154MB,825
2022-9-29 15:14:36,c8b279d5dd26,hadoop-slave1.1.r6hm6j1kvfs2jh08r6y6g6lev,1101.01%,56.87,/,125.5GiB,45.31%,76.1GB,/,79.8GB,10.2GB,/,154MB,949
2022-09-29 15:14:37,c8b279d5dd26,hadoop-slave1.1.r6hm6j1kvfs2jh08r6y6g6lev,552.7%,56.87,/,125.5GiB,45.36%,76.1GB,/,79.8GB,10.2GB,/,154MB,949
2022-9-29 15:14:38,c8b279d5dd26,hadoop-slave1.1.r6hm6j1kvfs2jh08r6y6g6lev,4.39%,56.98,/,125.5GiB,45.40%,76.1GB,/,79.8GB,10.2GB,/,154MB,928
2022-09-29 15:14:39,c8b279d5dd26,hadoop-slave1.1.r6hm6j1kvfs2jh08r6y6g6lev,99.9%,56.98,/,125.5GiB,45.44%,76.1GB,/,79.8GB,10.2GB,/,154MB,928
2022-9-29 15:14:40,c8b279d5dd26,hadoop-slave1.1.r6hm6j1kvfs2jh08r6y6g6lev,195.41%,57.06,/,125.5GiB,45.47%,76.1GB,/,79.8GB,10.2GB,/,155MB,930
2022-09-29 15:14:41,c8b279d5dd26,hadoop-slave1.1.r6hm6j1kvfs2jh08r6y6g6lev,344.94%,57.06,/,125.5GiB,45.38%,76.1GB,/,79.8GB,10.2GB,/,155MB,930
2022-9-29 15:14:42,c8b279d5dd26,hadoop-slave1.1.r6hm6j1kvfs2jh08r6y6g6lev,494.47%,56.83,/,125.5GiB,45.28%,76.1GB,/,79.8GB,10.2GB,/,155MB,959
2022-09-29 15:14:43,c8b279d5dd26,hadoop-slave1.1.r6hm6j1kvfs2jh08r6y6g6lev,1423.47%,56.83,/,125.5GiB,34.59%,76.1GB,/,79.8GB,10.2GB,/,155MB,959
2022-9-29 15:14:44,c8b279d5dd26,hadoop-slave1.1.r6hm6j1kvfs2jh08r6y6g6lev,2352.47%,30,/,125.5GiB,23.90%,76.1GB,/,79.8GB,10.2GB,/,156MB,647
2022-09-29 15:14:45,c8b279d5dd26,hadoop-slave1.1.r6hm6j1kvfs2jh08r6y6g6lev,2968.94%,30,/,125.5GiB,20.72%,76.1GB,/,79.8GB,10.2GB,/,156MB,647
2022-9-29 15:14:46,c8b279d5dd26,hadoop-slave1.1.r6hm6j1kvfs2jh08r6y6g6lev,3585.41%,22.01,/,125.5GiB,17.54%,76.1GB,/,79.8GB,10.2GB,/,157MB,669
2022-09-29 15:14:47,c8b279d5dd26,hadoop-slave1.1.r6hm6j1kvfs2jh08r6y6g6lev,4003.26%,22.01,/,125.5GiB,19.23%,76.1GB,/,79.8GB,10.2GB,/,157MB,669
2022-9-29 15:14:48,c8b279d5dd26,hadoop-slave1.1.r6hm6j1kvfs2jh08r6y6g6lev,4421.12%,26.27,/,125.5GiB,20.93%,76.1GB,/,79.8GB,10.2GB,/,157MB,668
2022-09-29 15:14:49,c8b279d5dd26,hadoop-slave1.1.r6hm6j1kvfs2jh08r6y6g6lev,3992.03%,26.27,/,125.5GiB,21.68%,76.1GB,/,79.8GB,10.2GB,/,157MB,668
2022-9-29 15:14:50,c8b279d5dd26,hadoop-slave1.1.r6hm6j1kvfs2jh08r6y6g6lev,3562.95%,28.15,/,125.5GiB,22.43%,76.2GB,/,79.8GB,10.2GB,/,157MB,647
2022-09-29 15:14:51,c8b279d5dd26,hadoop-slave1.1.r6hm6j1kvfs2jh08r6y6g6lev,1781.92%,28.15,/,125.5GiB,22.31%,76.2GB,/,79.8GB,10.2GB,/,157MB,647
2022-9-29 15:14:52,c8b279d5dd26,hadoop-slave1.1.r6hm6j1kvfs2jh08r6y6g6lev,0.89%,27.87,/,125.5GiB,22.20%,76.2GB,/,79.8GB,10.2GB,/,157MB,631
2022-09-29 15:14:53,c8b279d5dd26,hadoop-slave1.1.r6hm6j1kvfs2jh08r6y6g6lev,1.12%,27.87,/,125.5GiB,22.2%,76.2GB,/,79.8GB,10.2GB,/,157MB,631
2022-9-29 15:14:54,c8b279d5dd26,hadoop-slave1.1.r6hm6j1kvfs2jh08r6y6g6lev,1.36%,27.85,/,125.5GiB,22.19%,76.2GB,/,79.8GB,10.2GB,/,157MB,631
2022-09-29 15:14:55,c8b279d5dd26,hadoop-slave1.1.r6hm6j1kvfs2jh08r6y6g6lev,1.93%,27.85,/,125.5GiB,22.19%,76.2GB,/,79.8GB,10.2GB,/,157MB,631
2022-9-29 15:14:56,c8b279d5dd26,hadoop-slave1.1.r6hm6j1kvfs2jh08r6y6g6lev,2.50%,27.85,/,125.5GiB,22.19%,76.2GB,/,79.8GB,10.2GB,/,157MB,630
2022-09-29 15:14:57,c8b279d5dd26,hadoop-slave1.1.r6hm6j1kvfs2jh08r6y6g6lev,1.68%,27.85,/,125.5GiB,22.19%,76.2GB,/,79.8GB,10.2GB,/,157MB,630
2022-9-29 15:14:58,c8b279d5dd26,hadoop-slave1.1.r6hm6j1kvfs2jh08r6y6g6lev,0.86%,27.85,/,125.5GiB,22.19%,76.2GB,/,79.8GB,10.2GB,/,157MB,630
2022-09-29 15:14:59,c8b279d5dd26,hadoop-slave1.1.r6hm6j1kvfs2jh08r6y6g6lev,1.22%,27.85,/,125.5GiB,22.19%,76.2GB,/,79.8GB,10.2GB,/,157MB,630
2022-9-29 15:15:00,c8b279d5dd26,hadoop-slave1.1.r6hm6j1kvfs2jh08r6y6g6lev,1.57%,27.85,/,125.5GiB,22.19%,76.2GB,/,79.8GB,10.2GB,/,157MB,627
2022-09-29 15:15:01,c8b279d5dd26,hadoop-slave1.1.r6hm6j1kvfs2jh08r6y6g6lev,1.17%,27.85,/,125.5GiB,22.19%,76.2GB,/,79.8GB,10.2GB,/,157MB,627
2022-9-29 15:15:02,c8b279d5dd26,hadoop-slave1.1.r6hm6j1kvfs2jh08r6y6g6lev,0.77%,27.85,/,125.5GiB,22.19%,76.2GB,/,79.8GB,10.2GB,/,157MB,627
2022-09-29 15:15:03,c8b279d5dd26,hadoop-slave1.1.r6hm6j1kvfs2jh08r6y6g6lev,0.91%,27.85,/,125.5GiB,22.19%,76.2GB,/,79.8GB,10.2GB,/,157MB,627
2022-9-29 15:15:04,c8b279d5dd26,hadoop-slave1.1.r6hm6j1kvfs2jh08r6y6g6lev,1.05%,27.85,/,125.5GiB,22.19%,76.2GB,/,79.8GB,10.2GB,/,157MB,627
2022-09-29 15:15:05,c8b279d5dd26,hadoop-slave1.1.r6hm6j1kvfs2jh08r6y6g6lev,11.25%,27.85,/,125.5GiB,22.2%,76.2GB,/,79.8GB,10.2GB,/,157MB,627
2022-9-29 15:15:06,c8b279d5dd26,hadoop-slave1.1.r6hm6j1kvfs2jh08r6y6g6lev,21.44%,27.86,/,125.5GiB,22.20%,76.2GB,/,79.8GB,10.2GB,/,157MB,638
2022-09-29 15:15:07,c8b279d5dd26,hadoop-slave1.1.r6hm6j1kvfs2jh08r6y6g6lev,402.86%,27.86,/,125.5GiB,22.21%,76.2GB,/,79.8GB,10.2GB,/,157MB,638
2022-09-29 15:15:08,c8b279d5dd26,hadoop-slave1.1.r6hm6j1kvfs2jh08r6y6g6lev,402.86%,27.86,/,125.5GiB,22.21%,76.2GB,/,79.8GB,10.2GB,/,157MB,638
2022-9-29 15:15:09,c8b279d5dd26,hadoop-slave1.1.r6hm6j1kvfs2jh08r6y6g6lev,784.27%,27.9,/,125.5GiB,22.23%,76.2GB,/,79.9GB,10.2GB,/,157MB,651
2022-09-29 15:15:10,c8b279d5dd26,hadoop-slave1.1.r6hm6j1kvfs2jh08r6y6g6lev,1069.47%,27.9,/,125.5GiB,23.08%,76.2GB,/,79.9GB,10.2GB,/,157MB,651
2022-9-29 15:15:11,c8b279d5dd26,hadoop-slave1.1.r6hm6j1kvfs2jh08r6y6g6lev,1354.66%,30.02,/,125.5GiB,23.92%,76.4GB,/,80.1GB,10.2GB,/,157MB,651
2022-09-29 15:15:12,c8b279d5dd26,hadoop-slave1.1.r6hm6j1kvfs2jh08r6y6g6lev,863.12%,30.02,/,125.5GiB,24.04%,76.4GB,/,80.1GB,10.2GB,/,157MB,651
2022-9-29 15:15:13,c8b279d5dd26,hadoop-slave1.1.r6hm6j1kvfs2jh08r6y6g6lev,371.57%,30.31,/,125.5GiB,24.16%,76.6GB,/,80.3GB,10.2GB,/,157MB,651
2022-09-29 15:15:14,c8b279d5dd26,hadoop-slave1.1.r6hm6j1kvfs2jh08r6y6g6lev,421.71%,30.31,/,125.5GiB,24.27%,76.6GB,/,80.3GB,10.2GB,/,157MB,651
2022-9-29 15:15:15,c8b279d5dd26,hadoop-slave1.1.r6hm6j1kvfs2jh08r6y6g6lev,471.85%,30.61,/,125.5GiB,24.39%,76.9GB,/,80.6GB,10.2GB,/,157MB,651
2022-09-29 15:15:16,c8b279d5dd26,hadoop-slave1.1.r6hm6j1kvfs2jh08r6y6g6lev,631.72%,30.61,/,125.5GiB,24.55%,76.9GB,/,80.6GB,10.2GB,/,157MB,651
2022-9-29 15:15:17,c8b279d5dd26,hadoop-slave1.1.r6hm6j1kvfs2jh08r6y6g6lev,791.59%,31.01,/,125.5GiB,24.71%,77.1GB,/,80.8GB,10.2GB,/,157MB,651
2022-09-29 15:15:18,c8b279d5dd26,hadoop-slave1.1.r6hm6j1kvfs2jh08r6y6g6lev,1365.24%,31.01,/,125.5GiB,24.97%,77.1GB,/,80.8GB,10.2GB,/,157MB,651
2022-9-29 15:15:19,c8b279d5dd26,hadoop-slave1.1.r6hm6j1kvfs2jh08r6y6g6lev,1938.88%,31.66,/,125.5GiB,25.23%,77.2GB,/,80.9GB,10.2GB,/,157MB,651
2022-09-29 15:15:20,c8b279d5dd26,hadoop-slave1.1.r6hm6j1kvfs2jh08r6y6g6lev,1951.74%,31.66,/,125.5GiB,25.62%,77.2GB,/,80.9GB,10.2GB,/,157MB,651
2022-9-29 15:15:21,c8b279d5dd26,hadoop-slave1.1.r6hm6j1kvfs2jh08r6y6g6lev,1964.59%,32.63,/,125.5GiB,26.00%,77.4GB,/,81GB,10.2GB,/,157MB,651
2022-09-29 15:15:22,c8b279d5dd26,hadoop-slave1.1.r6hm6j1kvfs2jh08r6y6g6lev,2093.5%,32.63,/,125.5GiB,26.02%,77.4GB,/,81GB,10.2GB,/,157MB,651
2022-9-29 15:15:23,c8b279d5dd26,hadoop-slave1.1.r6hm6j1kvfs2jh08r6y6g6lev,2222.41%,32.67,/,125.5GiB,26.04%,77.5GB,/,81.1GB,10.2GB,/,157MB,651
2022-09-29 15:15:24,c8b279d5dd26,hadoop-slave1.1.r6hm6j1kvfs2jh08r6y6g6lev,1869.42%,32.67,/,125.5GiB,26.0%,77.5GB,/,81.1GB,10.2GB,/,157MB,651
2022-9-29 15:15:25,c8b279d5dd26,hadoop-slave1.1.r6hm6j1kvfs2jh08r6y6g6lev,1516.43%,32.59,/,125.5GiB,25.97%,77.6GB,/,81.2GB,10.2GB,/,157MB,651
2022-09-29 15:15:26,c8b279d5dd26,hadoop-slave1.1.r6hm6j1kvfs2jh08r6y6g6lev,899.64%,32.59,/,125.5GiB,25.87%,77.6GB,/,81.2GB,10.2GB,/,157MB,651
2022-9-29 15:15:27,c8b279d5dd26,hadoop-slave1.1.r6hm6j1kvfs2jh08r6y6g6lev,282.85%,32.33,/,125.5GiB,25.76%,77.6GB,/,81.2GB,10.2GB,/,157MB,651
2022-09-29 15:15:28,c8b279d5dd26,hadoop-slave1.1.r6hm6j1kvfs2jh08r6y6g6lev,147.92%,32.33,/,125.5GiB,25.77%,77.6GB,/,81.2GB,10.2GB,/,157MB,651
2022-9-29 15:15:29,c8b279d5dd26,hadoop-slave1.1.r6hm6j1kvfs2jh08r6y6g6lev,12.98%,32.35,/,125.5GiB,25.78%,77.6GB,/,81.3GB,10.2GB,/,157MB,651
2022-09-29 15:15:30,c8b279d5dd26,hadoop-slave1.1.r6hm6j1kvfs2jh08r6y6g6lev,11.65%,32.35,/,125.5GiB,25.79%,77.6GB,/,81.3GB,10.2GB,/,157MB,651
2022-9-29 15:15:31,c8b279d5dd26,hadoop-slave1.1.r6hm6j1kvfs2jh08r6y6g6lev,10.32%,32.37,/,125.5GiB,25.79%,77.6GB,/,81.3GB,10.2GB,/,157MB,651
2022-09-29 15:15:32,c8b279d5dd26,hadoop-slave1.1.r6hm6j1kvfs2jh08r6y6g6lev,13.62%,32.37,/,125.5GiB,25.8%,77.6GB,/,81.3GB,10.2GB,/,157MB,651
2022-9-29 15:15:33,c8b279d5dd26,hadoop-slave1.1.r6hm6j1kvfs2jh08r6y6g6lev,16.91%,32.39,/,125.5GiB,25.81%,77.6GB,/,81.4GB,10.2GB,/,157MB,651
2022-09-29 15:15:34,c8b279d5dd26,hadoop-slave1.1.r6hm6j1kvfs2jh08r6y6g6lev,10.89%,32.39,/,125.5GiB,25.82%,77.6GB,/,81.4GB,10.2GB,/,157MB,651
2022-9-29 15:15:35,c8b279d5dd26,hadoop-slave1.1.r6hm6j1kvfs2jh08r6y6g6lev,4.88%,32.41,/,125.5GiB,25.83%,77.6GB,/,81.5GB,10.2GB,/,157MB,651
2022-09-29 15:15:36,c8b279d5dd26,hadoop-slave1.1.r6hm6j1kvfs2jh08r6y6g6lev,8.13%,32.41,/,125.5GiB,25.84%,77.6GB,/,81.5GB,10.2GB,/,157MB,651
2022-9-29 15:15:37,c8b279d5dd26,hadoop-slave1.1.r6hm6j1kvfs2jh08r6y6g6lev,11.38%,32.43,/,125.5GiB,25.84%,77.6GB,/,81.5GB,10.2GB,/,157MB,648
2022-09-29 15:15:38,c8b279d5dd26,hadoop-slave1.1.r6hm6j1kvfs2jh08r6y6g6lev,25.05%,32.43,/,125.5GiB,25.85%,77.6GB,/,81.5GB,10.2GB,/,157MB,648
2022-9-29 15:15:39,c8b279d5dd26,hadoop-slave1.1.r6hm6j1kvfs2jh08r6y6g6lev,38.73%,32.45,/,125.5GiB,25.86%,77.6GB,/,81.6GB,10.2GB,/,157MB,657
2022-09-29 15:15:40,c8b279d5dd26,hadoop-slave1.1.r6hm6j1kvfs2jh08r6y6g6lev,139.45%,32.45,/,125.5GiB,19.31%,77.6GB,/,81.6GB,10.2GB,/,157MB,657
2022-9-29 15:15:41,c8b279d5dd26,hadoop-slave1.1.r6hm6j1kvfs2jh08r6y6g6lev,240.17%,16.02,/,125.5GiB,12.76%,77.6GB,/,81.6GB,10.2GB,/,157MB,331
2022-09-29 15:15:42,c8b279d5dd26,hadoop-slave1.1.r6hm6j1kvfs2jh08r6y6g6lev,122.67%,16.02,/,125.5GiB,12.49%,77.6GB,/,81.6GB,10.2GB,/,157MB,331
2022-9-29 15:15:43,c8b279d5dd26,hadoop-slave1.1.r6hm6j1kvfs2jh08r6y6g6lev,5.17%,15.34,/,125.5GiB,12.22%,77.6GB,/,81.6GB,10.2GB,/,157MB,320
2022-09-29 15:15:44,c8b279d5dd26,hadoop-slave1.1.r6hm6j1kvfs2jh08r6y6g6lev,3.16%,15.34,/,125.5GiB,12.22%,77.6GB,/,81.6GB,10.2GB,/,157MB,320
2022-9-29 15:15:45,c8b279d5dd26,hadoop-slave1.1.r6hm6j1kvfs2jh08r6y6g6lev,1.15%,15.34,/,125.5GiB,12.22%,77.6GB,/,81.6GB,10.2GB,/,157MB,311
2022-09-29 15:15:46,c8b279d5dd26,hadoop-slave1.1.r6hm6j1kvfs2jh08r6y6g6lev,0.89%,15.34,/,125.5GiB,12.22%,77.6GB,/,81.6GB,10.2GB,/,157MB,311
2022-9-29 15:15:47,c8b279d5dd26,hadoop-slave1.1.r6hm6j1kvfs2jh08r6y6g6lev,0.63%,15.34,/,125.5GiB,12.22%,77.6GB,/,81.6GB,10.2GB,/,157MB,309
2022-09-29 15:15:48,c8b279d5dd26,hadoop-slave1.1.r6hm6j1kvfs2jh08r6y6g6lev,0.62%,15.34,/,125.5GiB,12.22%,77.6GB,/,81.6GB,10.2GB,/,157MB,309
2022-9-29 15:15:49,c8b279d5dd26,hadoop-slave1.1.r6hm6j1kvfs2jh08r6y6g6lev,0.61%,15.34,/,125.5GiB,12.22%,77.6GB,/,81.6GB,10.2GB,/,157MB,309
2022-09-29 15:15:50,c8b279d5dd26,hadoop-slave1.1.r6hm6j1kvfs2jh08r6y6g6lev,0.58%,15.34,/,125.5GiB,12.22%,77.6GB,/,81.6GB,10.2GB,/,157MB,309
2022-9-29 15:15:51,c8b279d5dd26,hadoop-slave1.1.r6hm6j1kvfs2jh08r6y6g6lev,0.56%,15.34,/,125.5GiB,12.22%,77.6GB,/,81.6GB,10.2GB,/,157MB,309
2022-09-29 15:15:52,c8b279d5dd26,hadoop-slave1.1.r6hm6j1kvfs2jh08r6y6g6lev,0.58%,15.34,/,125.5GiB,12.22%,77.6GB,/,81.6GB,10.2GB,/,157MB,309
2022-9-29 15:15:53,c8b279d5dd26,hadoop-slave1.1.r6hm6j1kvfs2jh08r6y6g6lev,0.61%,15.34,/,125.5GiB,12.22%,77.6GB,/,81.6GB,10.2GB,/,157MB,308
2022-09-29 15:15:54,c8b279d5dd26,hadoop-slave1.1.r6hm6j1kvfs2jh08r6y6g6lev,0.62%,15.34,/,125.5GiB,12.22%,77.6GB,/,81.6GB,10.2GB,/,157MB,308
2022-9-29 15:15:55,c8b279d5dd26,hadoop-slave1.1.r6hm6j1kvfs2jh08r6y6g6lev,0.63%,15.34,/,125.5GiB,12.22%,77.6GB,/,81.6GB,10.2GB,/,157MB,308
2022-09-29 15:15:56,c8b279d5dd26,hadoop-slave1.1.r6hm6j1kvfs2jh08r6y6g6lev,0.58%,15.34,/,125.5GiB,12.22%,77.6GB,/,81.6GB,10.2GB,/,157MB,308
2022-9-29 15:15:57,c8b279d5dd26,hadoop-slave1.1.r6hm6j1kvfs2jh08r6y6g6lev,0.53%,15.34,/,125.5GiB,12.22%,77.6GB,/,81.6GB,10.2GB,/,157MB,308
2022-09-29 15:15:58,c8b279d5dd26,hadoop-slave1.1.r6hm6j1kvfs2jh08r6y6g6lev,0.55%,15.34,/,125.5GiB,12.22%,77.6GB,/,81.6GB,10.2GB,/,157MB,308
2022-9-29 15:15:59,c8b279d5dd26,hadoop-slave1.1.r6hm6j1kvfs2jh08r6y6g6lev,0.57%,15.34,/,125.5GiB,12.22%,77.6GB,/,81.6GB,10.2GB,/,157MB,308
2022-09-29 15:16:00,c8b279d5dd26,hadoop-slave1.1.r6hm6j1kvfs2jh08r6y6g6lev,0.61%,15.34,/,125.5GiB,12.22%,77.6GB,/,81.6GB,10.2GB,/,157MB,308
2022-9-29 15:16:01,c8b279d5dd26,hadoop-slave1.1.r6hm6j1kvfs2jh08r6y6g6lev,0.66%,15.34,/,125.5GiB,12.22%,77.6GB,/,81.6GB,10.2GB,/,157MB,308
2022-09-29 15:16:02,c8b279d5dd26,hadoop-slave1.1.r6hm6j1kvfs2jh08r6y6g6lev,0.65%,15.34,/,125.5GiB,12.22%,77.6GB,/,81.6GB,10.2GB,/,157MB,308
2022-9-29 15:16:03,c8b279d5dd26,hadoop-slave1.1.r6hm6j1kvfs2jh08r6y6g6lev,0.63%,15.34,/,125.5GiB,12.22%,77.6GB,/,81.6GB,10.2GB,/,157MB,308
2022-09-29 15:16:04,c8b279d5dd26,hadoop-slave1.1.r6hm6j1kvfs2jh08r6y6g6lev,0.6%,15.34,/,125.5GiB,12.22%,77.6GB,/,81.6GB,10.2GB,/,157MB,308
2022-9-29 15:16:05,c8b279d5dd26,hadoop-slave1.1.r6hm6j1kvfs2jh08r6y6g6lev,0.58%,15.34,/,125.5GiB,12.22%,77.6GB,/,81.6GB,10.2GB,/,157MB,308
2022-09-29 15:16:06,c8b279d5dd26,hadoop-slave1.1.r6hm6j1kvfs2jh08r6y6g6lev,0.61%,15.34,/,125.5GiB,12.22%,77.6GB,/,81.6GB,10.2GB,/,157MB,308
2022-9-29 15:16:07,c8b279d5dd26,hadoop-slave1.1.r6hm6j1kvfs2jh08r6y6g6lev,0.64%,15.34,/,125.5GiB,12.22%,77.6GB,/,81.6GB,10.2GB,/,157MB,308
2022-09-29 15:16:08,c8b279d5dd26,hadoop-slave1.1.r6hm6j1kvfs2jh08r6y6g6lev,0.6%,15.34,/,125.5GiB,12.22%,77.6GB,/,81.6GB,10.2GB,/,157MB,308
2022-09-29 15:16:09,c8b279d5dd26,hadoop-slave1.1.r6hm6j1kvfs2jh08r6y6g6lev,0.6%,15.34,/,125.5GiB,12.22%,77.6GB,/,81.6GB,10.2GB,/,157MB,308
2022-9-29 15:16:10,c8b279d5dd26,hadoop-slave1.1.r6hm6j1kvfs2jh08r6y6g6lev,0.57%,15.34,/,125.5GiB,12.22%,77.6GB,/,81.6GB,10.2GB,/,157MB,308
2022-09-29 15:16:11,c8b279d5dd26,hadoop-slave1.1.r6hm6j1kvfs2jh08r6y6g6lev,0.58%,15.34,/,125.5GiB,12.22%,77.6GB,/,81.6GB,10.2GB,/,157MB,308
2022-9-29 15:16:12,c8b279d5dd26,hadoop-slave1.1.r6hm6j1kvfs2jh08r6y6g6lev,0.60%,15.34,/,125.5GiB,12.22%,77.6GB,/,81.6GB,10.2GB,/,157MB,308
2022-09-29 15:16:13,c8b279d5dd26,hadoop-slave1.1.r6hm6j1kvfs2jh08r6y6g6lev,0.64%,15.34,/,125.5GiB,12.22%,77.6GB,/,81.6GB,10.2GB,/,157MB,308
2022-9-29 15:16:14,c8b279d5dd26,hadoop-slave1.1.r6hm6j1kvfs2jh08r6y6g6lev,0.67%,15.34,/,125.5GiB,12.22%,77.6GB,/,81.6GB,10.2GB,/,157MB,308
2022-09-29 15:16:15,c8b279d5dd26,hadoop-slave1.1.r6hm6j1kvfs2jh08r6y6g6lev,0.61%,15.34,/,125.5GiB,12.22%,77.6GB,/,81.6GB,10.2GB,/,157MB,308
2022-9-29 15:16:16,c8b279d5dd26,hadoop-slave1.1.r6hm6j1kvfs2jh08r6y6g6lev,0.56%,15.34,/,125.5GiB,12.22%,77.6GB,/,81.6GB,10.2GB,/,157MB,308
2022-09-29 15:16:17,c8b279d5dd26,hadoop-slave1.1.r6hm6j1kvfs2jh08r6y6g6lev,0.58%,15.34,/,125.5GiB,12.22%,77.6GB,/,81.6GB,10.2GB,/,157MB,308
2022-9-29 15:16:18,c8b279d5dd26,hadoop-slave1.1.r6hm6j1kvfs2jh08r6y6g6lev,0.60%,15.34,/,125.5GiB,12.22%,77.6GB,/,81.6GB,10.2GB,/,157MB,308
2022-09-29 15:16:19,c8b279d5dd26,hadoop-slave1.1.r6hm6j1kvfs2jh08r6y6g6lev,0.61%,15.34,/,125.5GiB,12.22%,77.6GB,/,81.6GB,10.2GB,/,157MB,308
2022-9-29 15:16:20,c8b279d5dd26,hadoop-slave1.1.r6hm6j1kvfs2jh08r6y6g6lev,0.62%,15.34,/,125.5GiB,12.22%,77.6GB,/,81.6GB,10.2GB,/,157MB,308
2022-09-29 15:16:21,c8b279d5dd26,hadoop-slave1.1.r6hm6j1kvfs2jh08r6y6g6lev,0.6%,15.34,/,125.5GiB,12.22%,77.6GB,/,81.6GB,10.2GB,/,157MB,308
2022-9-29 15:16:22,c8b279d5dd26,hadoop-slave1.1.r6hm6j1kvfs2jh08r6y6g6lev,0.59%,15.34,/,125.5GiB,12.22%,77.6GB,/,81.6GB,10.2GB,/,157MB,308
2022-09-29 15:16:23,c8b279d5dd26,hadoop-slave1.1.r6hm6j1kvfs2jh08r6y6g6lev,0.57%,15.34,/,125.5GiB,12.22%,77.6GB,/,81.6GB,10.2GB,/,157MB,308
2022-9-29 15:16:24,c8b279d5dd26,hadoop-slave1.1.r6hm6j1kvfs2jh08r6y6g6lev,0.55%,15.34,/,125.5GiB,12.22%,77.6GB,/,81.6GB,10.2GB,/,157MB,308
2022-09-29 15:16:25,c8b279d5dd26,hadoop-slave1.1.r6hm6j1kvfs2jh08r6y6g6lev,0.59%,15.34,/,125.5GiB,12.22%,77.6GB,/,81.6GB,10.2GB,/,157MB,308
2022-9-29 15:16:26,c8b279d5dd26,hadoop-slave1.1.r6hm6j1kvfs2jh08r6y6g6lev,0.64%,15.34,/,125.5GiB,12.22%,77.6GB,/,81.6GB,10.2GB,/,157MB,308
2022-09-29 15:16:27,c8b279d5dd26,hadoop-slave1.1.r6hm6j1kvfs2jh08r6y6g6lev,0.65%,15.34,/,125.5GiB,12.22%,77.6GB,/,81.6GB,10.2GB,/,157MB,308
2022-9-29 15:16:28,c8b279d5dd26,hadoop-slave1.1.r6hm6j1kvfs2jh08r6y6g6lev,0.66%,15.34,/,125.5GiB,12.22%,77.6GB,/,81.6GB,10.2GB,/,157MB,308
2022-09-29 15:16:29,c8b279d5dd26,hadoop-slave1.1.r6hm6j1kvfs2jh08r6y6g6lev,0.6%,15.34,/,125.5GiB,12.22%,77.6GB,/,81.6GB,10.2GB,/,157MB,308
2022-9-29 15:16:30,c8b279d5dd26,hadoop-slave1.1.r6hm6j1kvfs2jh08r6y6g6lev,0.55%,15.34,/,125.5GiB,12.22%,77.6GB,/,81.6GB,10.2GB,/,157MB,308
2022-09-29 15:16:31,c8b279d5dd26,hadoop-slave1.1.r6hm6j1kvfs2jh08r6y6g6lev,0.61%,15.34,/,125.5GiB,12.22%,77.6GB,/,81.6GB,10.2GB,/,157MB,308
2022-9-29 15:16:32,c8b279d5dd26,hadoop-slave1.1.r6hm6j1kvfs2jh08r6y6g6lev,0.67%,15.34,/,125.5GiB,12.22%,77.6GB,/,81.6GB,10.2GB,/,157MB,308
2022-09-29 15:16:33,c8b279d5dd26,hadoop-slave1.1.r6hm6j1kvfs2jh08r6y6g6lev,0.62%,15.34,/,125.5GiB,12.22%,77.6GB,/,81.6GB,10.2GB,/,157MB,308
2022-9-29 15:16:34,c8b279d5dd26,hadoop-slave1.1.r6hm6j1kvfs2jh08r6y6g6lev,0.57%,15.34,/,125.5GiB,12.22%,77.6GB,/,81.6GB,10.2GB,/,157MB,308
2022-09-29 15:16:35,c8b279d5dd26,hadoop-slave1.1.r6hm6j1kvfs2jh08r6y6g6lev,0.58%,15.34,/,125.5GiB,12.22%,77.6GB,/,81.6GB,10.2GB,/,157MB,308
2022-9-29 15:16:36,c8b279d5dd26,hadoop-slave1.1.r6hm6j1kvfs2jh08r6y6g6lev,0.60%,15.34,/,125.5GiB,12.22%,77.6GB,/,81.6GB,10.2GB,/,157MB,308
2022-09-29 15:16:37,c8b279d5dd26,hadoop-slave1.1.r6hm6j1kvfs2jh08r6y6g6lev,0.65%,15.34,/,125.5GiB,12.22%,77.6GB,/,81.6GB,10.2GB,/,157MB,308
2022-9-29 15:16:38,c8b279d5dd26,hadoop-slave1.1.r6hm6j1kvfs2jh08r6y6g6lev,0.70%,15.34,/,125.5GiB,12.22%,77.6GB,/,81.6GB,10.2GB,/,157MB,308
2022-09-29 15:16:39,c8b279d5dd26,hadoop-slave1.1.r6hm6j1kvfs2jh08r6y6g6lev,0.63%,15.34,/,125.5GiB,12.22%,77.6GB,/,81.6GB,10.2GB,/,157MB,308
2022-9-29 15:16:40,c8b279d5dd26,hadoop-slave1.1.r6hm6j1kvfs2jh08r6y6g6lev,0.56%,15.34,/,125.5GiB,12.22%,77.6GB,/,81.6GB,10.2GB,/,157MB,308
2022-09-29 15:16:41,c8b279d5dd26,hadoop-slave1.1.r6hm6j1kvfs2jh08r6y6g6lev,0.64%,15.34,/,125.5GiB,12.22%,77.6GB,/,81.6GB,10.2GB,/,157MB,308
2022-9-29 15:16:42,c8b279d5dd26,hadoop-slave1.1.r6hm6j1kvfs2jh08r6y6g6lev,0.72%,15.34,/,125.5GiB,12.22%,77.6GB,/,81.6GB,10.2GB,/,157MB,302
2022-09-29 15:16:43,c8b279d5dd26,hadoop-slave1.1.r6hm6j1kvfs2jh08r6y6g6lev,0.67%,15.34,/,125.5GiB,12.22%,77.6GB,/,81.6GB,10.2GB,/,157MB,302
2022-9-29 15:16:44,c8b279d5dd26,hadoop-slave1.1.r6hm6j1kvfs2jh08r6y6g6lev,0.62%,15.33,/,125.5GiB,12.22%,77.6GB,/,81.6GB,10.2GB,/,157MB,300
2022-09-29 15:16:45,c8b279d5dd26,hadoop-slave1.1.r6hm6j1kvfs2jh08r6y6g6lev,0.59%,15.33,/,125.5GiB,12.22%,77.6GB,/,81.6GB,10.2GB,/,157MB,300
2022-9-29 15:16:46,c8b279d5dd26,hadoop-slave1.1.r6hm6j1kvfs2jh08r6y6g6lev,0.57%,15.33,/,125.5GiB,12.22%,77.6GB,/,81.6GB,10.2GB,/,157MB,300
2022-09-29 15:16:47,c8b279d5dd26,hadoop-slave1.1.r6hm6j1kvfs2jh08r6y6g6lev,0.63%,15.33,/,125.5GiB,12.22%,77.6GB,/,81.6GB,10.2GB,/,157MB,300
2022-9-29 15:16:48,c8b279d5dd26,hadoop-slave1.1.r6hm6j1kvfs2jh08r6y6g6lev,0.69%,15.33,/,125.5GiB,12.22%,77.6GB,/,81.6GB,10.2GB,/,157MB,300
2022-09-29 15:16:49,c8b279d5dd26,hadoop-slave1.1.r6hm6j1kvfs2jh08r6y6g6lev,0.61%,15.33,/,125.5GiB,12.22%,77.6GB,/,81.6GB,10.2GB,/,157MB,300
2022-9-29 15:16:50,c8b279d5dd26,hadoop-slave1.1.r6hm6j1kvfs2jh08r6y6g6lev,0.54%,15.33,/,125.5GiB,12.22%,77.6GB,/,81.6GB,10.2GB,/,157MB,300
2022-09-29 15:16:51,c8b279d5dd26,hadoop-slave1.1.r6hm6j1kvfs2jh08r6y6g6lev,0.57%,15.33,/,125.5GiB,12.22%,77.6GB,/,81.6GB,10.2GB,/,157MB,300
2022-9-29 15:16:52,c8b279d5dd26,hadoop-slave1.1.r6hm6j1kvfs2jh08r6y6g6lev,0.60%,15.33,/,125.5GiB,12.22%,77.6GB,/,81.6GB,10.2GB,/,157MB,300
2022-09-29 15:16:53,c8b279d5dd26,hadoop-slave1.1.r6hm6j1kvfs2jh08r6y6g6lev,0.57%,15.33,/,125.5GiB,12.22%,77.6GB,/,81.6GB,10.2GB,/,157MB,300
2022-9-29 15:16:54,c8b279d5dd26,hadoop-slave1.1.r6hm6j1kvfs2jh08r6y6g6lev,0.55%,15.33,/,125.5GiB,12.22%,77.6GB,/,81.6GB,10.2GB,/,157MB,300
2022-09-29 15:16:55,c8b279d5dd26,hadoop-slave1.1.r6hm6j1kvfs2jh08r6y6g6lev,0.58%,15.33,/,125.5GiB,12.22%,77.6GB,/,81.6GB,10.2GB,/,157MB,300
2022-9-29 15:16:56,c8b279d5dd26,hadoop-slave1.1.r6hm6j1kvfs2jh08r6y6g6lev,0.61%,15.33,/,125.5GiB,12.22%,77.6GB,/,81.6GB,10.2GB,/,157MB,300
2022-09-29 15:16:57,c8b279d5dd26,hadoop-slave1.1.r6hm6j1kvfs2jh08r6y6g6lev,0.64%,15.33,/,125.5GiB,12.22%,77.6GB,/,81.6GB,10.2GB,/,157MB,300
2022-9-29 15:16:58,c8b279d5dd26,hadoop-slave1.1.r6hm6j1kvfs2jh08r6y6g6lev,0.66%,15.33,/,125.5GiB,12.22%,77.6GB,/,81.6GB,10.2GB,/,157MB,300
2022-09-29 15:16:59,c8b279d5dd26,hadoop-slave1.1.r6hm6j1kvfs2jh08r6y6g6lev,0.6%,15.33,/,125.5GiB,12.22%,77.6GB,/,81.6GB,10.2GB,/,157MB,300
2022-9-29 15:17:00,c8b279d5dd26,hadoop-slave1.1.r6hm6j1kvfs2jh08r6y6g6lev,0.54%,15.33,/,125.5GiB,12.22%,77.6GB,/,81.6GB,10.2GB,/,157MB,300
2022-09-29 15:17:01,c8b279d5dd26,hadoop-slave1.1.r6hm6j1kvfs2jh08r6y6g6lev,0.54%,15.33,/,125.5GiB,12.22%,77.6GB,/,81.6GB,10.2GB,/,157MB,300
2022-9-29 15:17:02,c8b279d5dd26,hadoop-slave1.1.r6hm6j1kvfs2jh08r6y6g6lev,0.54%,15.33,/,125.5GiB,12.22%,77.6GB,/,81.6GB,10.2GB,/,157MB,300
2022-09-29 15:17:03,c8b279d5dd26,hadoop-slave1.1.r6hm6j1kvfs2jh08r6y6g6lev,0.57%,15.33,/,125.5GiB,12.22%,77.6GB,/,81.6GB,10.2GB,/,157MB,300
2022-9-29 15:17:04,c8b279d5dd26,hadoop-slave1.1.r6hm6j1kvfs2jh08r6y6g6lev,0.60%,15.33,/,125.5GiB,12.22%,77.6GB,/,81.6GB,10.2GB,/,157MB,300
2022-09-29 15:17:05,c8b279d5dd26,hadoop-slave1.1.r6hm6j1kvfs2jh08r6y6g6lev,0.59%,15.33,/,125.5GiB,12.22%,77.6GB,/,81.6GB,10.2GB,/,157MB,300
2022-9-29 15:17:06,c8b279d5dd26,hadoop-slave1.1.r6hm6j1kvfs2jh08r6y6g6lev,0.59%,15.33,/,125.5GiB,12.22%,77.6GB,/,81.6GB,10.2GB,/,157MB,300
2022-09-29 15:17:07,c8b279d5dd26,hadoop-slave1.1.r6hm6j1kvfs2jh08r6y6g6lev,0.58%,15.33,/,125.5GiB,12.22%,77.6GB,/,81.6GB,10.2GB,/,157MB,300
2022-9-29 15:17:08,c8b279d5dd26,hadoop-slave1.1.r6hm6j1kvfs2jh08r6y6g6lev,0.58%,15.33,/,125.5GiB,12.22%,77.6GB,/,81.6GB,10.2GB,/,157MB,300
2022-09-29 15:17:09,c8b279d5dd26,hadoop-slave1.1.r6hm6j1kvfs2jh08r6y6g6lev,0.6%,15.33,/,125.5GiB,12.22%,77.6GB,/,81.6GB,10.2GB,/,157MB,300
2022-9-29 15:17:10,c8b279d5dd26,hadoop-slave1.1.r6hm6j1kvfs2jh08r6y6g6lev,0.62%,15.33,/,125.5GiB,12.22%,77.6GB,/,81.6GB,10.2GB,/,157MB,300
2022-09-29 15:17:11,c8b279d5dd26,hadoop-slave1.1.r6hm6j1kvfs2jh08r6y6g6lev,0.59%,15.33,/,125.5GiB,12.22%,77.6GB,/,81.6GB,10.2GB,/,157MB,300
2022-09-29 15:17:12,c8b279d5dd26,hadoop-slave1.1.r6hm6j1kvfs2jh08r6y6g6lev,0.59%,15.33,/,125.5GiB,12.22%,77.6GB,/,81.6GB,10.2GB,/,157MB,300
2022-9-29 15:17:13,c8b279d5dd26,hadoop-slave1.1.r6hm6j1kvfs2jh08r6y6g6lev,0.56%,15.33,/,125.5GiB,12.22%,77.6GB,/,81.6GB,10.2GB,/,157MB,300
2022-09-29 15:17:14,c8b279d5dd26,hadoop-slave1.1.r6hm6j1kvfs2jh08r6y6g6lev,0.55%,15.33,/,125.5GiB,12.22%,77.6GB,/,81.6GB,10.2GB,/,157MB,300
2022-9-29 15:17:15,c8b279d5dd26,hadoop-slave1.1.r6hm6j1kvfs2jh08r6y6g6lev,0.54%,15.33,/,125.5GiB,12.22%,77.6GB,/,81.6GB,10.2GB,/,157MB,300
2022-09-29 15:17:16,c8b279d5dd26,hadoop-slave1.1.r6hm6j1kvfs2jh08r6y6g6lev,0.61%,15.33,/,125.5GiB,12.22%,77.6GB,/,81.6GB,10.2GB,/,157MB,300
2022-9-29 15:17:17,c8b279d5dd26,hadoop-slave1.1.r6hm6j1kvfs2jh08r6y6g6lev,0.68%,15.33,/,125.5GiB,12.22%,77.6GB,/,81.6GB,10.2GB,/,157MB,300
2022-09-29 15:17:18,c8b279d5dd26,hadoop-slave1.1.r6hm6j1kvfs2jh08r6y6g6lev,0.61%,15.33,/,125.5GiB,12.22%,77.6GB,/,81.6GB,10.2GB,/,157MB,300
2022-9-29 15:17:19,c8b279d5dd26,hadoop-slave1.1.r6hm6j1kvfs2jh08r6y6g6lev,0.55%,15.33,/,125.5GiB,12.22%,77.6GB,/,81.6GB,10.2GB,/,157MB,300
2022-09-29 15:17:20,c8b279d5dd26,hadoop-slave1.1.r6hm6j1kvfs2jh08r6y6g6lev,0.55%,15.33,/,125.5GiB,12.22%,77.6GB,/,81.6GB,10.2GB,/,157MB,300
2022-9-29 15:17:21,c8b279d5dd26,hadoop-slave1.1.r6hm6j1kvfs2jh08r6y6g6lev,0.54%,15.33,/,125.5GiB,12.22%,77.6GB,/,81.6GB,10.2GB,/,157MB,300
2022-09-29 15:17:22,c8b279d5dd26,hadoop-slave1.1.r6hm6j1kvfs2jh08r6y6g6lev,0.59%,15.33,/,125.5GiB,12.22%,77.6GB,/,81.6GB,10.2GB,/,157MB,300
2022-9-29 15:17:23,c8b279d5dd26,hadoop-slave1.1.r6hm6j1kvfs2jh08r6y6g6lev,0.65%,15.33,/,125.5GiB,12.22%,77.6GB,/,81.6GB,10.2GB,/,157MB,300
2022-09-29 15:17:24,c8b279d5dd26,hadoop-slave1.1.r6hm6j1kvfs2jh08r6y6g6lev,0.62%,15.33,/,125.5GiB,12.22%,77.6GB,/,81.6GB,10.2GB,/,157MB,300
