2022-9-27 16:52:48,b02ff2144fbc,hadoop-slave1.1.slzc5rgbb7ehb49aydq7bdnwo,0.71%,12.65,/,125.5GiB,10.08%,631GB,/,877GB,131GB,/,1.77GB,400
2022-09-27 16:52:49,b02ff2144fbc,hadoop-slave1.1.slzc5rgbb7ehb49aydq7bdnwo,1.91%,12.65,/,125.5GiB,10.09%,631GB,/,877GB,131GB,/,1.77GB,400
2022-9-27 16:52:50,b02ff2144fbc,hadoop-slave1.1.slzc5rgbb7ehb49aydq7bdnwo,3.11%,12.66,/,125.5GiB,10.09%,631GB,/,877GB,131GB,/,1.77GB,402
2022-09-27 16:52:51,b02ff2144fbc,hadoop-slave1.1.slzc5rgbb7ehb49aydq7bdnwo,67.25%,12.66,/,125.5GiB,10.18%,631GB,/,877GB,131GB,/,1.77GB,402
2022-9-27 16:52:52,b02ff2144fbc,hadoop-slave1.1.slzc5rgbb7ehb49aydq7bdnwo,131.38%,12.88,/,125.5GiB,10.26%,631GB,/,877GB,131GB,/,1.77GB,412
2022-09-27 16:52:53,b02ff2144fbc,hadoop-slave1.1.slzc5rgbb7ehb49aydq7bdnwo,509.76%,12.88,/,125.5GiB,10.52%,631GB,/,877GB,131GB,/,1.77GB,412
2022-9-27 16:52:54,b02ff2144fbc,hadoop-slave1.1.slzc5rgbb7ehb49aydq7bdnwo,888.15%,13.54,/,125.5GiB,10.79%,631GB,/,877GB,131GB,/,1.77GB,608
2022-09-27 16:52:55,b02ff2144fbc,hadoop-slave1.1.slzc5rgbb7ehb49aydq7bdnwo,508.08%,13.54,/,125.5GiB,10.99%,631GB,/,877GB,131GB,/,1.77GB,608
2022-9-27 16:52:56,b02ff2144fbc,hadoop-slave1.1.slzc5rgbb7ehb49aydq7bdnwo,128.01%,14.04,/,125.5GiB,11.19%,631GB,/,877GB,131GB,/,1.77GB,651
2022-09-27 16:52:57,b02ff2144fbc,hadoop-slave1.1.slzc5rgbb7ehb49aydq7bdnwo,69.45%,14.04,/,125.5GiB,11.17%,631GB,/,877GB,131GB,/,1.77GB,651
2022-9-27 16:52:58,b02ff2144fbc,hadoop-slave1.1.slzc5rgbb7ehb49aydq7bdnwo,10.90%,13.99,/,125.5GiB,11.15%,631GB,/,877GB,131GB,/,1.77GB,627
2022-09-27 16:52:59,b02ff2144fbc,hadoop-slave1.1.slzc5rgbb7ehb49aydq7bdnwo,5.92%,13.99,/,125.5GiB,11.15%,631GB,/,877GB,131GB,/,1.77GB,627
2022-9-27 16:53:00,b02ff2144fbc,hadoop-slave1.1.slzc5rgbb7ehb49aydq7bdnwo,0.93%,13.99,/,125.5GiB,11.15%,631GB,/,877GB,131GB,/,1.77GB,627
2022-09-27 16:53:01,b02ff2144fbc,hadoop-slave1.1.slzc5rgbb7ehb49aydq7bdnwo,1.04%,13.99,/,125.5GiB,11.15%,631GB,/,877GB,131GB,/,1.77GB,627
2022-9-27 16:53:02,b02ff2144fbc,hadoop-slave1.1.slzc5rgbb7ehb49aydq7bdnwo,1.16%,13.99,/,125.5GiB,11.15%,631GB,/,877GB,131GB,/,1.77GB,622
2022-09-27 16:53:03,b02ff2144fbc,hadoop-slave1.1.slzc5rgbb7ehb49aydq7bdnwo,1.11%,13.99,/,125.5GiB,11.15%,631GB,/,877GB,131GB,/,1.77GB,622
2022-9-27 16:53:04,b02ff2144fbc,hadoop-slave1.1.slzc5rgbb7ehb49aydq7bdnwo,1.07%,13.99,/,125.5GiB,11.15%,631GB,/,877GB,131GB,/,1.77GB,619
2022-09-27 16:53:05,b02ff2144fbc,hadoop-slave1.1.slzc5rgbb7ehb49aydq7bdnwo,2.21%,13.99,/,125.5GiB,11.15%,631GB,/,877GB,131GB,/,1.77GB,619
2022-9-27 16:53:06,b02ff2144fbc,hadoop-slave1.1.slzc5rgbb7ehb49aydq7bdnwo,3.34%,13.99,/,125.5GiB,11.15%,631GB,/,877GB,131GB,/,1.77GB,619
2022-09-27 16:53:07,b02ff2144fbc,hadoop-slave1.1.slzc5rgbb7ehb49aydq7bdnwo,3.3%,13.99,/,125.5GiB,11.15%,631GB,/,877GB,131GB,/,1.77GB,619
2022-9-27 16:53:08,b02ff2144fbc,hadoop-slave1.1.slzc5rgbb7ehb49aydq7bdnwo,3.27%,13.99,/,125.5GiB,11.15%,631GB,/,877GB,131GB,/,1.77GB,619
2022-09-27 16:53:09,b02ff2144fbc,hadoop-slave1.1.slzc5rgbb7ehb49aydq7bdnwo,2.11%,13.99,/,125.5GiB,11.15%,631GB,/,877GB,131GB,/,1.77GB,619
2022-9-27 16:53:10,b02ff2144fbc,hadoop-slave1.1.slzc5rgbb7ehb49aydq7bdnwo,0.95%,13.99,/,125.5GiB,11.15%,631GB,/,877GB,131GB,/,1.77GB,619
2022-09-27 16:53:11,b02ff2144fbc,hadoop-slave1.1.slzc5rgbb7ehb49aydq7bdnwo,0.94%,13.99,/,125.5GiB,11.15%,631GB,/,877GB,131GB,/,1.77GB,619
2022-09-27 16:53:12,b02ff2144fbc,hadoop-slave1.1.slzc5rgbb7ehb49aydq7bdnwo,0.94%,13.99,/,125.5GiB,11.15%,631GB,/,877GB,131GB,/,1.77GB,619
2022-9-27 16:53:13,b02ff2144fbc,hadoop-slave1.1.slzc5rgbb7ehb49aydq7bdnwo,0.92%,13.99,/,125.5GiB,11.15%,631GB,/,877GB,131GB,/,1.77GB,619
2022-09-27 16:53:14,b02ff2144fbc,hadoop-slave1.1.slzc5rgbb7ehb49aydq7bdnwo,2.2%,13.99,/,125.5GiB,11.15%,631GB,/,877GB,131GB,/,1.77GB,619
2022-9-27 16:53:15,b02ff2144fbc,hadoop-slave1.1.slzc5rgbb7ehb49aydq7bdnwo,3.47%,13.99,/,125.5GiB,11.15%,631GB,/,877GB,131GB,/,1.77GB,619
2022-09-27 16:53:16,b02ff2144fbc,hadoop-slave1.1.slzc5rgbb7ehb49aydq7bdnwo,864.7%,13.99,/,125.5GiB,11.49%,631GB,/,877GB,131GB,/,1.77GB,619
2022-9-27 16:53:17,b02ff2144fbc,hadoop-slave1.1.slzc5rgbb7ehb49aydq7bdnwo,1725.92%,14.84,/,125.5GiB,11.83%,631GB,/,877GB,131GB,/,1.77GB,640
2022-09-27 16:53:18,b02ff2144fbc,hadoop-slave1.1.slzc5rgbb7ehb49aydq7bdnwo,1706.59%,14.84,/,125.5GiB,12.0%,631GB,/,877GB,131GB,/,1.77GB,640
2022-9-27 16:53:19,b02ff2144fbc,hadoop-slave1.1.slzc5rgbb7ehb49aydq7bdnwo,1687.26%,15.29,/,125.5GiB,12.18%,631GB,/,877GB,131GB,/,1.77GB,680
2022-09-27 16:53:20,b02ff2144fbc,hadoop-slave1.1.slzc5rgbb7ehb49aydq7bdnwo,1960.64%,15.29,/,125.5GiB,12.75%,631GB,/,877GB,131GB,/,1.77GB,680
2022-9-27 16:53:21,b02ff2144fbc,hadoop-slave1.1.slzc5rgbb7ehb49aydq7bdnwo,2234.03%,16.72,/,125.5GiB,13.32%,631GB,/,877GB,131GB,/,1.77GB,701
2022-09-27 16:53:22,b02ff2144fbc,hadoop-slave1.1.slzc5rgbb7ehb49aydq7bdnwo,2033.47%,16.72,/,125.5GiB,13.68%,631GB,/,877GB,131GB,/,1.77GB,701
2022-9-27 16:53:23,b02ff2144fbc,hadoop-slave1.1.slzc5rgbb7ehb49aydq7bdnwo,1832.91%,17.63,/,125.5GiB,14.04%,631GB,/,878GB,131GB,/,1.77GB,708
2022-09-27 16:53:24,b02ff2144fbc,hadoop-slave1.1.slzc5rgbb7ehb49aydq7bdnwo,2458.51%,17.63,/,125.5GiB,14.54%,631GB,/,878GB,131GB,/,1.77GB,708
2022-9-27 16:53:25,b02ff2144fbc,hadoop-slave1.1.slzc5rgbb7ehb49aydq7bdnwo,3084.12%,18.88,/,125.5GiB,15.04%,631GB,/,878GB,131GB,/,1.77GB,708
2022-09-27 16:53:26,b02ff2144fbc,hadoop-slave1.1.slzc5rgbb7ehb49aydq7bdnwo,2338.36%,18.88,/,125.5GiB,15.18%,631GB,/,878GB,131GB,/,1.77GB,708
2022-9-27 16:53:27,b02ff2144fbc,hadoop-slave1.1.slzc5rgbb7ehb49aydq7bdnwo,1592.61%,19.21,/,125.5GiB,15.31%,631GB,/,878GB,131GB,/,1.77GB,693
2022-09-27 16:53:28,b02ff2144fbc,hadoop-slave1.1.slzc5rgbb7ehb49aydq7bdnwo,1130.93%,19.21,/,125.5GiB,15.34%,631GB,/,878GB,131GB,/,1.77GB,693
2022-9-27 16:53:29,b02ff2144fbc,hadoop-slave1.1.slzc5rgbb7ehb49aydq7bdnwo,669.25%,19.27,/,125.5GiB,15.36%,631GB,/,878GB,131GB,/,1.77GB,693
2022-09-27 16:53:30,b02ff2144fbc,hadoop-slave1.1.slzc5rgbb7ehb49aydq7bdnwo,775.84%,19.27,/,125.5GiB,15.61%,631GB,/,878GB,131GB,/,1.77GB,693
2022-9-27 16:53:31,b02ff2144fbc,hadoop-slave1.1.slzc5rgbb7ehb49aydq7bdnwo,882.42%,19.92,/,125.5GiB,15.87%,631GB,/,878GB,131GB,/,1.77GB,693
2022-09-27 16:53:32,b02ff2144fbc,hadoop-slave1.1.slzc5rgbb7ehb49aydq7bdnwo,787.98%,19.92,/,125.5GiB,16.14%,631GB,/,878GB,131GB,/,1.77GB,693
2022-9-27 16:53:33,b02ff2144fbc,hadoop-slave1.1.slzc5rgbb7ehb49aydq7bdnwo,693.55%,20.61,/,125.5GiB,16.42%,631GB,/,878GB,131GB,/,1.77GB,693
2022-09-27 16:53:34,b02ff2144fbc,hadoop-slave1.1.slzc5rgbb7ehb49aydq7bdnwo,506.75%,20.61,/,125.5GiB,16.51%,631GB,/,878GB,131GB,/,1.77GB,693
2022-9-27 16:53:35,b02ff2144fbc,hadoop-slave1.1.slzc5rgbb7ehb49aydq7bdnwo,319.94%,20.82,/,125.5GiB,16.59%,631GB,/,878GB,131GB,/,1.77GB,693
2022-09-27 16:53:36,b02ff2144fbc,hadoop-slave1.1.slzc5rgbb7ehb49aydq7bdnwo,1300.97%,20.82,/,125.5GiB,17.11%,631GB,/,878GB,131GB,/,1.77GB,693
2022-9-27 16:53:37,b02ff2144fbc,hadoop-slave1.1.slzc5rgbb7ehb49aydq7bdnwo,2282.00%,22.11,/,125.5GiB,17.62%,631GB,/,878GB,131GB,/,1.77GB,691
2022-09-27 16:53:38,b02ff2144fbc,hadoop-slave1.1.slzc5rgbb7ehb49aydq7bdnwo,1528.42%,22.11,/,125.5GiB,18.16%,631GB,/,878GB,131GB,/,1.77GB,691
2022-9-27 16:53:39,b02ff2144fbc,hadoop-slave1.1.slzc5rgbb7ehb49aydq7bdnwo,774.85%,23.48,/,125.5GiB,18.71%,632GB,/,879GB,131GB,/,1.77GB,690
2022-09-27 16:53:40,b02ff2144fbc,hadoop-slave1.1.slzc5rgbb7ehb49aydq7bdnwo,911.27%,23.48,/,125.5GiB,19.23%,632GB,/,879GB,131GB,/,1.77GB,690
2022-9-27 16:53:41,b02ff2144fbc,hadoop-slave1.1.slzc5rgbb7ehb49aydq7bdnwo,1047.69%,24.8,/,125.5GiB,19.76%,632GB,/,879GB,131GB,/,1.77GB,690
2022-09-27 16:53:42,b02ff2144fbc,hadoop-slave1.1.slzc5rgbb7ehb49aydq7bdnwo,1500.65%,24.8,/,125.5GiB,19.52%,632GB,/,879GB,131GB,/,1.77GB,690
2022-9-27 16:53:43,b02ff2144fbc,hadoop-slave1.1.slzc5rgbb7ehb49aydq7bdnwo,1953.61%,24.19,/,125.5GiB,19.27%,632GB,/,879GB,131GB,/,1.77GB,690
2022-09-27 16:53:44,b02ff2144fbc,hadoop-slave1.1.slzc5rgbb7ehb49aydq7bdnwo,1587.63%,24.19,/,125.5GiB,20.12%,632GB,/,879GB,131GB,/,1.77GB,690
2022-9-27 16:53:45,b02ff2144fbc,hadoop-slave1.1.slzc5rgbb7ehb49aydq7bdnwo,1221.65%,26.3,/,125.5GiB,20.96%,632GB,/,879GB,131GB,/,1.77GB,690
2022-09-27 16:53:46,b02ff2144fbc,hadoop-slave1.1.slzc5rgbb7ehb49aydq7bdnwo,661.42%,26.3,/,125.5GiB,20.95%,632GB,/,879GB,131GB,/,1.77GB,690
2022-9-27 16:53:47,b02ff2144fbc,hadoop-slave1.1.slzc5rgbb7ehb49aydq7bdnwo,101.19%,26.3,/,125.5GiB,20.95%,632GB,/,879GB,131GB,/,1.77GB,690
2022-09-27 16:53:48,b02ff2144fbc,hadoop-slave1.1.slzc5rgbb7ehb49aydq7bdnwo,241.59%,26.3,/,125.5GiB,20.95%,632GB,/,879GB,131GB,/,1.77GB,690
2022-9-27 16:53:49,b02ff2144fbc,hadoop-slave1.1.slzc5rgbb7ehb49aydq7bdnwo,381.98%,26.29,/,125.5GiB,20.95%,632GB,/,879GB,131GB,/,1.77GB,690
2022-09-27 16:53:50,b02ff2144fbc,hadoop-slave1.1.slzc5rgbb7ehb49aydq7bdnwo,529.64%,26.29,/,125.5GiB,20.94%,632GB,/,879GB,131GB,/,1.77GB,690
2022-9-27 16:53:51,b02ff2144fbc,hadoop-slave1.1.slzc5rgbb7ehb49aydq7bdnwo,677.30%,26.25,/,125.5GiB,20.92%,632GB,/,879GB,131GB,/,1.77GB,690
2022-09-27 16:53:52,b02ff2144fbc,hadoop-slave1.1.slzc5rgbb7ehb49aydq7bdnwo,481.14%,26.25,/,125.5GiB,20.94%,632GB,/,879GB,131GB,/,1.77GB,690
2022-9-27 16:53:53,b02ff2144fbc,hadoop-slave1.1.slzc5rgbb7ehb49aydq7bdnwo,284.98%,26.29,/,125.5GiB,20.95%,632GB,/,879GB,131GB,/,1.77GB,690
2022-09-27 16:53:54,b02ff2144fbc,hadoop-slave1.1.slzc5rgbb7ehb49aydq7bdnwo,262.38%,26.29,/,125.5GiB,21.11%,632GB,/,879GB,131GB,/,1.77GB,690
2022-9-27 16:53:55,b02ff2144fbc,hadoop-slave1.1.slzc5rgbb7ehb49aydq7bdnwo,239.77%,26.68,/,125.5GiB,21.26%,632GB,/,879GB,131GB,/,1.77GB,693
2022-09-27 16:53:56,b02ff2144fbc,hadoop-slave1.1.slzc5rgbb7ehb49aydq7bdnwo,608.05%,26.68,/,125.5GiB,21.37%,632GB,/,879GB,131GB,/,1.77GB,693
2022-9-27 16:53:57,b02ff2144fbc,hadoop-slave1.1.slzc5rgbb7ehb49aydq7bdnwo,976.32%,26.96,/,125.5GiB,21.48%,632GB,/,879GB,131GB,/,1.77GB,693
2022-09-27 16:53:58,b02ff2144fbc,hadoop-slave1.1.slzc5rgbb7ehb49aydq7bdnwo,1122.35%,26.96,/,125.5GiB,21.52%,632GB,/,879GB,131GB,/,1.77GB,693
2022-9-27 16:53:59,b02ff2144fbc,hadoop-slave1.1.slzc5rgbb7ehb49aydq7bdnwo,1268.38%,27.07,/,125.5GiB,21.57%,632GB,/,879GB,131GB,/,1.77GB,690
2022-09-27 16:54:00,b02ff2144fbc,hadoop-slave1.1.slzc5rgbb7ehb49aydq7bdnwo,746.67%,27.07,/,125.5GiB,21.74%,632GB,/,879GB,131GB,/,1.77GB,690
2022-9-27 16:54:01,b02ff2144fbc,hadoop-slave1.1.slzc5rgbb7ehb49aydq7bdnwo,224.95%,27.5,/,125.5GiB,21.91%,632GB,/,879GB,131GB,/,1.77GB,690
2022-09-27 16:54:02,b02ff2144fbc,hadoop-slave1.1.slzc5rgbb7ehb49aydq7bdnwo,230.18%,27.5,/,125.5GiB,22.09%,632GB,/,879GB,131GB,/,1.77GB,690
2022-9-27 16:54:03,b02ff2144fbc,hadoop-slave1.1.slzc5rgbb7ehb49aydq7bdnwo,235.41%,27.96,/,125.5GiB,22.28%,633GB,/,880GB,131GB,/,1.77GB,690
2022-09-27 16:54:04,b02ff2144fbc,hadoop-slave1.1.slzc5rgbb7ehb49aydq7bdnwo,237.91%,27.96,/,125.5GiB,22.46%,633GB,/,880GB,131GB,/,1.77GB,690
2022-9-27 16:54:05,b02ff2144fbc,hadoop-slave1.1.slzc5rgbb7ehb49aydq7bdnwo,240.40%,28.42,/,125.5GiB,22.64%,633GB,/,880GB,131GB,/,1.77GB,688
2022-09-27 16:54:06,b02ff2144fbc,hadoop-slave1.1.slzc5rgbb7ehb49aydq7bdnwo,223.98%,28.42,/,125.5GiB,22.82%,633GB,/,880GB,131GB,/,1.77GB,688
2022-9-27 16:54:07,b02ff2144fbc,hadoop-slave1.1.slzc5rgbb7ehb49aydq7bdnwo,207.56%,28.87,/,125.5GiB,23.00%,633GB,/,880GB,131GB,/,1.77GB,687
2022-09-27 16:54:08,b02ff2144fbc,hadoop-slave1.1.slzc5rgbb7ehb49aydq7bdnwo,187.7%,28.87,/,125.5GiB,23.11%,633GB,/,880GB,131GB,/,1.77GB,687
2022-9-27 16:54:09,b02ff2144fbc,hadoop-slave1.1.slzc5rgbb7ehb49aydq7bdnwo,167.85%,29.13,/,125.5GiB,23.21%,633GB,/,880GB,131GB,/,1.77GB,687
2022-09-27 16:54:10,b02ff2144fbc,hadoop-slave1.1.slzc5rgbb7ehb49aydq7bdnwo,211.78%,29.13,/,125.5GiB,23.27%,633GB,/,880GB,131GB,/,1.77GB,687
2022-9-27 16:54:11,b02ff2144fbc,hadoop-slave1.1.slzc5rgbb7ehb49aydq7bdnwo,255.71%,29.28,/,125.5GiB,23.33%,633GB,/,880GB,131GB,/,1.77GB,687
2022-09-27 16:54:12,b02ff2144fbc,hadoop-slave1.1.slzc5rgbb7ehb49aydq7bdnwo,1645.19%,29.28,/,125.5GiB,23.4%,633GB,/,880GB,131GB,/,1.77GB,687
2022-9-27 16:54:13,b02ff2144fbc,hadoop-slave1.1.slzc5rgbb7ehb49aydq7bdnwo,3034.68%,29.45,/,125.5GiB,23.47%,633GB,/,880GB,131GB,/,1.77GB,687
2022-09-27 16:54:14,b02ff2144fbc,hadoop-slave1.1.slzc5rgbb7ehb49aydq7bdnwo,3464.7%,29.45,/,125.5GiB,23.84%,633GB,/,880GB,131GB,/,1.77GB,687
2022-09-27 16:54:15,b02ff2144fbc,hadoop-slave1.1.slzc5rgbb7ehb49aydq7bdnwo,3464.7%,29.45,/,125.5GiB,23.84%,633GB,/,880GB,131GB,/,1.77GB,687
2022-9-27 16:54:16,b02ff2144fbc,hadoop-slave1.1.slzc5rgbb7ehb49aydq7bdnwo,3894.73%,30.38,/,125.5GiB,24.21%,634GB,/,880GB,131GB,/,1.77GB,685
2022-09-27 16:54:17,b02ff2144fbc,hadoop-slave1.1.slzc5rgbb7ehb49aydq7bdnwo,2694.03%,30.38,/,125.5GiB,24.5%,634GB,/,880GB,131GB,/,1.77GB,685
2022-9-27 16:54:18,b02ff2144fbc,hadoop-slave1.1.slzc5rgbb7ehb49aydq7bdnwo,1493.32%,31.09,/,125.5GiB,24.78%,634GB,/,881GB,131GB,/,1.77GB,684
2022-09-27 16:54:19,b02ff2144fbc,hadoop-slave1.1.slzc5rgbb7ehb49aydq7bdnwo,949.93%,31.09,/,125.5GiB,24.95%,634GB,/,881GB,131GB,/,1.77GB,684
2022-9-27 16:54:20,b02ff2144fbc,hadoop-slave1.1.slzc5rgbb7ehb49aydq7bdnwo,406.54%,31.52,/,125.5GiB,25.11%,634GB,/,881GB,131GB,/,1.77GB,684
2022-09-27 16:54:21,b02ff2144fbc,hadoop-slave1.1.slzc5rgbb7ehb49aydq7bdnwo,326.69%,31.52,/,125.5GiB,25.27%,634GB,/,881GB,131GB,/,1.77GB,684
2022-9-27 16:54:22,b02ff2144fbc,hadoop-slave1.1.slzc5rgbb7ehb49aydq7bdnwo,246.83%,31.9,/,125.5GiB,25.42%,634GB,/,881GB,131GB,/,1.77GB,683
2022-09-27 16:54:23,b02ff2144fbc,hadoop-slave1.1.slzc5rgbb7ehb49aydq7bdnwo,252.71%,31.9,/,125.5GiB,25.55%,634GB,/,881GB,131GB,/,1.77GB,683
2022-9-27 16:54:24,b02ff2144fbc,hadoop-slave1.1.slzc5rgbb7ehb49aydq7bdnwo,258.59%,32.23,/,125.5GiB,25.68%,634GB,/,881GB,131GB,/,1.77GB,682
2022-09-27 16:54:25,b02ff2144fbc,hadoop-slave1.1.slzc5rgbb7ehb49aydq7bdnwo,303.73%,32.23,/,125.5GiB,25.77%,634GB,/,881GB,131GB,/,1.77GB,682
2022-9-27 16:54:26,b02ff2144fbc,hadoop-slave1.1.slzc5rgbb7ehb49aydq7bdnwo,348.87%,32.44,/,125.5GiB,25.85%,635GB,/,881GB,131GB,/,1.77GB,682
2022-09-27 16:54:27,b02ff2144fbc,hadoop-slave1.1.slzc5rgbb7ehb49aydq7bdnwo,320.39%,32.44,/,125.5GiB,25.94%,635GB,/,881GB,131GB,/,1.77GB,682
