2022-9-27 18:46:52,b02ff2144fbc,hadoop-slave1.1.slzc5rgbb7ehb49aydq7bdnwo,29.55%,13.95,/,125.5GiB,11.12%,673GB,/,912GB,131GB,/,1.8GB,649
2022-09-27 18:46:53,b02ff2144fbc,hadoop-slave1.1.slzc5rgbb7ehb49aydq7bdnwo,15.67%,13.95,/,125.5GiB,11.1%,673GB,/,912GB,131GB,/,1.8GB,649
2022-9-27 18:46:54,b02ff2144fbc,hadoop-slave1.1.slzc5rgbb7ehb49aydq7bdnwo,1.79%,13.9,/,125.5GiB,11.08%,673GB,/,912GB,131GB,/,1.8GB,623
2022-09-27 18:46:55,b02ff2144fbc,hadoop-slave1.1.slzc5rgbb7ehb49aydq7bdnwo,1.35%,13.9,/,125.5GiB,11.08%,673GB,/,912GB,131GB,/,1.8GB,623
2022-9-27 18:46:56,b02ff2144fbc,hadoop-slave1.1.slzc5rgbb7ehb49aydq7bdnwo,0.91%,13.9,/,125.5GiB,11.08%,673GB,/,912GB,131GB,/,1.8GB,623
2022-09-27 18:46:57,b02ff2144fbc,hadoop-slave1.1.slzc5rgbb7ehb49aydq7bdnwo,1.04%,13.9,/,125.5GiB,11.08%,673GB,/,912GB,131GB,/,1.8GB,623
2022-9-27 18:46:58,b02ff2144fbc,hadoop-slave1.1.slzc5rgbb7ehb49aydq7bdnwo,1.17%,13.9,/,125.5GiB,11.08%,673GB,/,912GB,131GB,/,1.8GB,623
2022-09-27 18:46:59,b02ff2144fbc,hadoop-slave1.1.slzc5rgbb7ehb49aydq7bdnwo,1.09%,13.9,/,125.5GiB,11.08%,673GB,/,912GB,131GB,/,1.8GB,623
2022-9-27 18:47:00,b02ff2144fbc,hadoop-slave1.1.slzc5rgbb7ehb49aydq7bdnwo,1.02%,13.9,/,125.5GiB,11.08%,673GB,/,912GB,131GB,/,1.8GB,619
2022-09-27 18:47:01,b02ff2144fbc,hadoop-slave1.1.slzc5rgbb7ehb49aydq7bdnwo,0.97%,13.9,/,125.5GiB,11.08%,673GB,/,912GB,131GB,/,1.8GB,619
2022-9-27 18:47:02,b02ff2144fbc,hadoop-slave1.1.slzc5rgbb7ehb49aydq7bdnwo,0.91%,13.9,/,125.5GiB,11.08%,673GB,/,912GB,131GB,/,1.8GB,619
2022-09-27 18:47:03,b02ff2144fbc,hadoop-slave1.1.slzc5rgbb7ehb49aydq7bdnwo,2.08%,13.9,/,125.5GiB,11.08%,673GB,/,912GB,131GB,/,1.8GB,619
2022-9-27 18:47:04,b02ff2144fbc,hadoop-slave1.1.slzc5rgbb7ehb49aydq7bdnwo,3.25%,13.9,/,125.5GiB,11.08%,673GB,/,912GB,131GB,/,1.8GB,619
2022-09-27 18:47:05,b02ff2144fbc,hadoop-slave1.1.slzc5rgbb7ehb49aydq7bdnwo,498.74%,13.9,/,125.5GiB,11.24%,673GB,/,912GB,131GB,/,1.8GB,619
2022-9-27 18:47:06,b02ff2144fbc,hadoop-slave1.1.slzc5rgbb7ehb49aydq7bdnwo,994.22%,14.3,/,125.5GiB,11.40%,673GB,/,912GB,131GB,/,1.8GB,640
2022-09-27 18:47:07,b02ff2144fbc,hadoop-slave1.1.slzc5rgbb7ehb49aydq7bdnwo,1155.62%,14.3,/,125.5GiB,11.69%,673GB,/,912GB,131GB,/,1.8GB,640
2022-9-27 18:47:08,b02ff2144fbc,hadoop-slave1.1.slzc5rgbb7ehb49aydq7bdnwo,1317.02%,15.04,/,125.5GiB,11.98%,673GB,/,912GB,131GB,/,1.8GB,682
2022-09-27 18:47:09,b02ff2144fbc,hadoop-slave1.1.slzc5rgbb7ehb49aydq7bdnwo,1487.84%,15.04,/,125.5GiB,12.51%,673GB,/,912GB,131GB,/,1.8GB,682
2022-09-27 18:47:10,b02ff2144fbc,hadoop-slave1.1.slzc5rgbb7ehb49aydq7bdnwo,1487.84%,15.04,/,125.5GiB,12.51%,673GB,/,912GB,131GB,/,1.8GB,682
2022-9-27 18:47:11,b02ff2144fbc,hadoop-slave1.1.slzc5rgbb7ehb49aydq7bdnwo,1658.66%,16.36,/,125.5GiB,13.04%,673GB,/,912GB,132GB,/,1.8GB,682
2022-09-27 18:47:12,b02ff2144fbc,hadoop-slave1.1.slzc5rgbb7ehb49aydq7bdnwo,1674.05%,16.36,/,125.5GiB,13.4%,673GB,/,912GB,132GB,/,1.8GB,682
2022-9-27 18:47:13,b02ff2144fbc,hadoop-slave1.1.slzc5rgbb7ehb49aydq7bdnwo,1689.43%,17.28,/,125.5GiB,13.77%,673GB,/,912GB,132GB,/,1.8GB,682
2022-09-27 18:47:14,b02ff2144fbc,hadoop-slave1.1.slzc5rgbb7ehb49aydq7bdnwo,1632.59%,17.28,/,125.5GiB,14.24%,673GB,/,912GB,132GB,/,1.8GB,682
2022-9-27 18:47:15,b02ff2144fbc,hadoop-slave1.1.slzc5rgbb7ehb49aydq7bdnwo,1575.74%,18.46,/,125.5GiB,14.71%,673GB,/,912GB,132GB,/,1.8GB,688
2022-09-27 18:47:16,b02ff2144fbc,hadoop-slave1.1.slzc5rgbb7ehb49aydq7bdnwo,1696.7%,18.46,/,125.5GiB,14.88%,673GB,/,912GB,132GB,/,1.8GB,688
2022-9-27 18:47:17,b02ff2144fbc,hadoop-slave1.1.slzc5rgbb7ehb49aydq7bdnwo,1817.66%,18.89,/,125.5GiB,15.05%,673GB,/,912GB,132GB,/,1.8GB,688
2022-09-27 18:47:18,b02ff2144fbc,hadoop-slave1.1.slzc5rgbb7ehb49aydq7bdnwo,1263.65%,18.89,/,125.5GiB,15.14%,673GB,/,912GB,132GB,/,1.8GB,688
2022-9-27 18:47:19,b02ff2144fbc,hadoop-slave1.1.slzc5rgbb7ehb49aydq7bdnwo,709.65%,19.1,/,125.5GiB,15.22%,673GB,/,912GB,132GB,/,1.8GB,697
2022-09-27 18:47:20,b02ff2144fbc,hadoop-slave1.1.slzc5rgbb7ehb49aydq7bdnwo,1221.66%,19.1,/,125.5GiB,15.53%,673GB,/,912GB,132GB,/,1.8GB,697
2022-9-27 18:47:21,b02ff2144fbc,hadoop-slave1.1.slzc5rgbb7ehb49aydq7bdnwo,1733.67%,19.87,/,125.5GiB,15.84%,673GB,/,912GB,132GB,/,1.8GB,698
2022-09-27 18:47:22,b02ff2144fbc,hadoop-slave1.1.slzc5rgbb7ehb49aydq7bdnwo,1789.62%,19.87,/,125.5GiB,16.16%,673GB,/,912GB,132GB,/,1.8GB,698
2022-9-27 18:47:23,b02ff2144fbc,hadoop-slave1.1.slzc5rgbb7ehb49aydq7bdnwo,1845.56%,20.68,/,125.5GiB,16.48%,673GB,/,912GB,132GB,/,1.8GB,708
2022-09-27 18:47:24,b02ff2144fbc,hadoop-slave1.1.slzc5rgbb7ehb49aydq7bdnwo,1956.12%,20.68,/,125.5GiB,16.64%,673GB,/,912GB,132GB,/,1.8GB,708
2022-9-27 18:47:25,b02ff2144fbc,hadoop-slave1.1.slzc5rgbb7ehb49aydq7bdnwo,2066.68%,21.08,/,125.5GiB,16.80%,673GB,/,912GB,133GB,/,1.8GB,709
2022-09-27 18:47:26,b02ff2144fbc,hadoop-slave1.1.slzc5rgbb7ehb49aydq7bdnwo,2020.42%,21.08,/,125.5GiB,16.94%,673GB,/,912GB,133GB,/,1.8GB,709
2022-9-27 18:47:27,b02ff2144fbc,hadoop-slave1.1.slzc5rgbb7ehb49aydq7bdnwo,1974.16%,21.43,/,125.5GiB,17.08%,673GB,/,912GB,133GB,/,1.8GB,709
2022-09-27 18:47:28,b02ff2144fbc,hadoop-slave1.1.slzc5rgbb7ehb49aydq7bdnwo,1823.58%,21.43,/,125.5GiB,17.21%,673GB,/,912GB,133GB,/,1.8GB,709
2022-9-27 18:47:29,b02ff2144fbc,hadoop-slave1.1.slzc5rgbb7ehb49aydq7bdnwo,1672.99%,21.78,/,125.5GiB,17.35%,673GB,/,912GB,133GB,/,1.8GB,710
2022-09-27 18:47:30,b02ff2144fbc,hadoop-slave1.1.slzc5rgbb7ehb49aydq7bdnwo,1723.2%,21.78,/,125.5GiB,17.41%,673GB,/,912GB,133GB,/,1.8GB,710
2022-9-27 18:47:31,b02ff2144fbc,hadoop-slave1.1.slzc5rgbb7ehb49aydq7bdnwo,1773.41%,21.94,/,125.5GiB,17.48%,673GB,/,912GB,133GB,/,1.8GB,710
2022-09-27 18:47:32,b02ff2144fbc,hadoop-slave1.1.slzc5rgbb7ehb49aydq7bdnwo,1754.47%,21.94,/,125.5GiB,17.5%,673GB,/,912GB,133GB,/,1.8GB,710
2022-9-27 18:47:33,b02ff2144fbc,hadoop-slave1.1.slzc5rgbb7ehb49aydq7bdnwo,1735.54%,21.97,/,125.5GiB,17.51%,673GB,/,912GB,133GB,/,1.8GB,710
2022-09-27 18:47:34,b02ff2144fbc,hadoop-slave1.1.slzc5rgbb7ehb49aydq7bdnwo,1744.87%,21.97,/,125.5GiB,17.52%,673GB,/,912GB,133GB,/,1.8GB,710
2022-9-27 18:47:35,b02ff2144fbc,hadoop-slave1.1.slzc5rgbb7ehb49aydq7bdnwo,1754.20%,22,/,125.5GiB,17.53%,673GB,/,912GB,133GB,/,1.8GB,713
2022-09-27 18:47:36,b02ff2144fbc,hadoop-slave1.1.slzc5rgbb7ehb49aydq7bdnwo,1727.03%,22,/,125.5GiB,17.6%,673GB,/,912GB,133GB,/,1.8GB,713
2022-9-27 18:47:37,b02ff2144fbc,hadoop-slave1.1.slzc5rgbb7ehb49aydq7bdnwo,1699.86%,22.17,/,125.5GiB,17.67%,673GB,/,912GB,133GB,/,1.8GB,704
2022-09-27 18:47:38,b02ff2144fbc,hadoop-slave1.1.slzc5rgbb7ehb49aydq7bdnwo,1744.57%,22.17,/,125.5GiB,17.74%,673GB,/,912GB,133GB,/,1.8GB,704
2022-9-27 18:47:39,b02ff2144fbc,hadoop-slave1.1.slzc5rgbb7ehb49aydq7bdnwo,1789.29%,22.35,/,125.5GiB,17.81%,673GB,/,912GB,133GB,/,1.8GB,709
2022-09-27 18:47:40,b02ff2144fbc,hadoop-slave1.1.slzc5rgbb7ehb49aydq7bdnwo,1726.13%,22.35,/,125.5GiB,17.87%,673GB,/,912GB,133GB,/,1.8GB,709
2022-9-27 18:47:41,b02ff2144fbc,hadoop-slave1.1.slzc5rgbb7ehb49aydq7bdnwo,1662.98%,22.5,/,125.5GiB,17.93%,673GB,/,912GB,133GB,/,1.8GB,710
2022-09-27 18:47:42,b02ff2144fbc,hadoop-slave1.1.slzc5rgbb7ehb49aydq7bdnwo,1773.45%,22.5,/,125.5GiB,18.13%,673GB,/,912GB,133GB,/,1.8GB,710
2022-9-27 18:47:43,b02ff2144fbc,hadoop-slave1.1.slzc5rgbb7ehb49aydq7bdnwo,1883.92%,23.01,/,125.5GiB,18.33%,673GB,/,912GB,133GB,/,1.8GB,715
2022-09-27 18:47:44,b02ff2144fbc,hadoop-slave1.1.slzc5rgbb7ehb49aydq7bdnwo,1769.55%,23.01,/,125.5GiB,18.38%,673GB,/,912GB,133GB,/,1.8GB,715
2022-9-27 18:47:45,b02ff2144fbc,hadoop-slave1.1.slzc5rgbb7ehb49aydq7bdnwo,1655.17%,23.13,/,125.5GiB,18.43%,673GB,/,912GB,133GB,/,1.8GB,712
2022-09-27 18:47:46,b02ff2144fbc,hadoop-slave1.1.slzc5rgbb7ehb49aydq7bdnwo,1704.51%,23.13,/,125.5GiB,18.56%,673GB,/,912GB,133GB,/,1.8GB,712
2022-9-27 18:47:47,b02ff2144fbc,hadoop-slave1.1.slzc5rgbb7ehb49aydq7bdnwo,1753.86%,23.45,/,125.5GiB,18.69%,673GB,/,912GB,133GB,/,1.8GB,710
2022-09-27 18:47:48,b02ff2144fbc,hadoop-slave1.1.slzc5rgbb7ehb49aydq7bdnwo,1588.53%,23.45,/,125.5GiB,18.73%,673GB,/,912GB,133GB,/,1.8GB,710
2022-9-27 18:47:49,b02ff2144fbc,hadoop-slave1.1.slzc5rgbb7ehb49aydq7bdnwo,1423.21%,23.54,/,125.5GiB,18.76%,673GB,/,912GB,133GB,/,1.8GB,709
2022-09-27 18:47:50,b02ff2144fbc,hadoop-slave1.1.slzc5rgbb7ehb49aydq7bdnwo,1473.89%,23.54,/,125.5GiB,18.8%,673GB,/,912GB,133GB,/,1.8GB,709
2022-9-27 18:47:51,b02ff2144fbc,hadoop-slave1.1.slzc5rgbb7ehb49aydq7bdnwo,1524.58%,23.64,/,125.5GiB,18.84%,673GB,/,912GB,133GB,/,1.8GB,707
2022-09-27 18:47:52,b02ff2144fbc,hadoop-slave1.1.slzc5rgbb7ehb49aydq7bdnwo,1130.95%,23.64,/,125.5GiB,18.87%,673GB,/,912GB,133GB,/,1.8GB,707
2022-9-27 18:47:53,b02ff2144fbc,hadoop-slave1.1.slzc5rgbb7ehb49aydq7bdnwo,737.32%,23.72,/,125.5GiB,18.90%,673GB,/,912GB,133GB,/,1.8GB,692
2022-09-27 18:47:54,b02ff2144fbc,hadoop-slave1.1.slzc5rgbb7ehb49aydq7bdnwo,369.14%,23.72,/,125.5GiB,18.9%,673GB,/,912GB,133GB,/,1.8GB,692
2022-9-27 18:47:55,b02ff2144fbc,hadoop-slave1.1.slzc5rgbb7ehb49aydq7bdnwo,0.95%,23.72,/,125.5GiB,18.90%,673GB,/,912GB,133GB,/,1.8GB,692
2022-09-27 18:47:56,b02ff2144fbc,hadoop-slave1.1.slzc5rgbb7ehb49aydq7bdnwo,12.24%,23.72,/,125.5GiB,18.9%,673GB,/,912GB,133GB,/,1.8GB,692
2022-9-27 18:47:57,b02ff2144fbc,hadoop-slave1.1.slzc5rgbb7ehb49aydq7bdnwo,23.54%,23.72,/,125.5GiB,18.90%,673GB,/,912GB,133GB,/,1.8GB,692
2022-09-27 18:47:58,b02ff2144fbc,hadoop-slave1.1.slzc5rgbb7ehb49aydq7bdnwo,102.27%,23.72,/,125.5GiB,18.91%,673GB,/,912GB,133GB,/,1.8GB,692
2022-9-27 18:47:59,b02ff2144fbc,hadoop-slave1.1.slzc5rgbb7ehb49aydq7bdnwo,181.01%,23.73,/,125.5GiB,18.91%,673GB,/,912GB,133GB,/,1.8GB,692
2022-09-27 18:48:00,b02ff2144fbc,hadoop-slave1.1.slzc5rgbb7ehb49aydq7bdnwo,1448.36%,23.73,/,125.5GiB,19.19%,673GB,/,912GB,133GB,/,1.8GB,692
2022-9-27 18:48:01,b02ff2144fbc,hadoop-slave1.1.slzc5rgbb7ehb49aydq7bdnwo,2715.72%,24.42,/,125.5GiB,19.46%,673GB,/,912GB,133GB,/,1.8GB,692
2022-09-27 18:48:02,b02ff2144fbc,hadoop-slave1.1.slzc5rgbb7ehb49aydq7bdnwo,1524.29%,24.42,/,125.5GiB,19.59%,673GB,/,912GB,133GB,/,1.8GB,692
2022-9-27 18:48:03,b02ff2144fbc,hadoop-slave1.1.slzc5rgbb7ehb49aydq7bdnwo,332.87%,24.73,/,125.5GiB,19.71%,673GB,/,912GB,133GB,/,1.8GB,692
2022-09-27 18:48:04,b02ff2144fbc,hadoop-slave1.1.slzc5rgbb7ehb49aydq7bdnwo,337.38%,24.73,/,125.5GiB,19.84%,673GB,/,912GB,133GB,/,1.8GB,692
2022-9-27 18:48:05,b02ff2144fbc,hadoop-slave1.1.slzc5rgbb7ehb49aydq7bdnwo,341.89%,25.07,/,125.5GiB,19.97%,674GB,/,913GB,133GB,/,1.8GB,692
2022-09-27 18:48:06,b02ff2144fbc,hadoop-slave1.1.slzc5rgbb7ehb49aydq7bdnwo,343.39%,25.07,/,125.5GiB,20.1%,674GB,/,913GB,133GB,/,1.8GB,692
2022-9-27 18:48:07,b02ff2144fbc,hadoop-slave1.1.slzc5rgbb7ehb49aydq7bdnwo,344.89%,25.39,/,125.5GiB,20.23%,674GB,/,913GB,133GB,/,1.8GB,686
2022-09-27 18:48:08,b02ff2144fbc,hadoop-slave1.1.slzc5rgbb7ehb49aydq7bdnwo,330.87%,25.39,/,125.5GiB,20.35%,674GB,/,913GB,133GB,/,1.8GB,686
2022-9-27 18:48:09,b02ff2144fbc,hadoop-slave1.1.slzc5rgbb7ehb49aydq7bdnwo,316.85%,25.68,/,125.5GiB,20.47%,674GB,/,913GB,133GB,/,1.8GB,685
2022-09-27 18:48:10,b02ff2144fbc,hadoop-slave1.1.slzc5rgbb7ehb49aydq7bdnwo,314.5%,25.68,/,125.5GiB,20.62%,674GB,/,913GB,133GB,/,1.8GB,685
2022-9-27 18:48:11,b02ff2144fbc,hadoop-slave1.1.slzc5rgbb7ehb49aydq7bdnwo,312.14%,26.08,/,125.5GiB,20.78%,674GB,/,913GB,133GB,/,1.8GB,685
2022-09-27 18:48:12,b02ff2144fbc,hadoop-slave1.1.slzc5rgbb7ehb49aydq7bdnwo,1229.7%,26.08,/,125.5GiB,20.95%,674GB,/,913GB,133GB,/,1.8GB,685
2022-9-27 18:48:13,b02ff2144fbc,hadoop-slave1.1.slzc5rgbb7ehb49aydq7bdnwo,2147.26%,26.5,/,125.5GiB,21.11%,675GB,/,914GB,133GB,/,1.8GB,685
2022-09-27 18:48:14,b02ff2144fbc,hadoop-slave1.1.slzc5rgbb7ehb49aydq7bdnwo,1235.83%,26.5,/,125.5GiB,21.2%,675GB,/,914GB,133GB,/,1.8GB,685
2022-09-27 18:48:15,b02ff2144fbc,hadoop-slave1.1.slzc5rgbb7ehb49aydq7bdnwo,1235.83%,26.5,/,125.5GiB,21.2%,675GB,/,914GB,133GB,/,1.8GB,685
2022-9-27 18:48:16,b02ff2144fbc,hadoop-slave1.1.slzc5rgbb7ehb49aydq7bdnwo,324.39%,26.73,/,125.5GiB,21.30%,675GB,/,914GB,133GB,/,1.8GB,685
2022-09-27 18:48:17,b02ff2144fbc,hadoop-slave1.1.slzc5rgbb7ehb49aydq7bdnwo,405.11%,26.73,/,125.5GiB,21.39%,675GB,/,914GB,133GB,/,1.8GB,685
2022-9-27 18:48:18,b02ff2144fbc,hadoop-slave1.1.slzc5rgbb7ehb49aydq7bdnwo,485.83%,26.96,/,125.5GiB,21.48%,675GB,/,914GB,133GB,/,1.8GB,685
2022-09-27 18:48:19,b02ff2144fbc,hadoop-slave1.1.slzc5rgbb7ehb49aydq7bdnwo,741.02%,26.96,/,125.5GiB,21.93%,675GB,/,914GB,133GB,/,1.8GB,685
2022-9-27 18:48:20,b02ff2144fbc,hadoop-slave1.1.slzc5rgbb7ehb49aydq7bdnwo,996.22%,28.09,/,125.5GiB,22.38%,675GB,/,914GB,133GB,/,1.8GB,685
2022-09-27 18:48:21,b02ff2144fbc,hadoop-slave1.1.slzc5rgbb7ehb49aydq7bdnwo,654.87%,28.09,/,125.5GiB,22.48%,675GB,/,914GB,133GB,/,1.8GB,685
2022-9-27 18:48:22,b02ff2144fbc,hadoop-slave1.1.slzc5rgbb7ehb49aydq7bdnwo,313.51%,28.32,/,125.5GiB,22.57%,675GB,/,914GB,133GB,/,1.8GB,684
2022-09-27 18:48:23,b02ff2144fbc,hadoop-slave1.1.slzc5rgbb7ehb49aydq7bdnwo,1116.73%,28.32,/,125.5GiB,23.32%,675GB,/,914GB,133GB,/,1.8GB,684
2022-9-27 18:48:24,b02ff2144fbc,hadoop-slave1.1.slzc5rgbb7ehb49aydq7bdnwo,1919.95%,30.22,/,125.5GiB,24.08%,676GB,/,915GB,133GB,/,1.8GB,684
2022-09-27 18:48:25,b02ff2144fbc,hadoop-slave1.1.slzc5rgbb7ehb49aydq7bdnwo,1686.15%,30.22,/,125.5GiB,24.4%,676GB,/,915GB,133GB,/,1.8GB,684
2022-9-27 18:48:26,b02ff2144fbc,hadoop-slave1.1.slzc5rgbb7ehb49aydq7bdnwo,1452.35%,31.03,/,125.5GiB,24.72%,676GB,/,915GB,133GB,/,1.8GB,684
2022-09-27 18:48:27,b02ff2144fbc,hadoop-slave1.1.slzc5rgbb7ehb49aydq7bdnwo,990.99%,31.03,/,125.5GiB,25.1%,676GB,/,915GB,133GB,/,1.8GB,684
2022-9-27 18:48:28,b02ff2144fbc,hadoop-slave1.1.slzc5rgbb7ehb49aydq7bdnwo,529.64%,31.99,/,125.5GiB,25.49%,676GB,/,915GB,133GB,/,1.8GB,683
2022-09-27 18:48:29,b02ff2144fbc,hadoop-slave1.1.slzc5rgbb7ehb49aydq7bdnwo,772.42%,31.99,/,125.5GiB,25.81%,676GB,/,915GB,133GB,/,1.8GB,683
2022-9-27 18:48:30,b02ff2144fbc,hadoop-slave1.1.slzc5rgbb7ehb49aydq7bdnwo,1015.21%,32.81,/,125.5GiB,26.14%,676GB,/,915GB,133GB,/,1.8GB,683
2022-09-27 18:48:31,b02ff2144fbc,hadoop-slave1.1.slzc5rgbb7ehb49aydq7bdnwo,1105.23%,32.81,/,125.5GiB,25.96%,676GB,/,915GB,133GB,/,1.8GB,683
2022-9-27 18:48:32,b02ff2144fbc,hadoop-slave1.1.slzc5rgbb7ehb49aydq7bdnwo,1195.25%,32.35,/,125.5GiB,25.78%,676GB,/,915GB,133GB,/,1.8GB,683
2022-09-27 18:48:33,b02ff2144fbc,hadoop-slave1.1.slzc5rgbb7ehb49aydq7bdnwo,1347.55%,32.35,/,125.5GiB,26.37%,676GB,/,915GB,133GB,/,1.8GB,683
2022-9-27 18:48:34,b02ff2144fbc,hadoop-slave1.1.slzc5rgbb7ehb49aydq7bdnwo,1499.85%,33.83,/,125.5GiB,26.96%,677GB,/,916GB,133GB,/,1.8GB,683
2022-09-27 18:48:35,b02ff2144fbc,hadoop-slave1.1.slzc5rgbb7ehb49aydq7bdnwo,1017.07%,33.83,/,125.5GiB,27.02%,677GB,/,916GB,133GB,/,1.8GB,683
2022-9-27 18:48:36,b02ff2144fbc,hadoop-slave1.1.slzc5rgbb7ehb49aydq7bdnwo,534.29%,33.98,/,125.5GiB,27.07%,677GB,/,916GB,133GB,/,1.8GB,683
2022-09-27 18:48:37,b02ff2144fbc,hadoop-slave1.1.slzc5rgbb7ehb49aydq7bdnwo,490.83%,33.98,/,125.5GiB,27.14%,677GB,/,916GB,133GB,/,1.8GB,683
2022-9-27 18:48:38,b02ff2144fbc,hadoop-slave1.1.slzc5rgbb7ehb49aydq7bdnwo,447.37%,34.14,/,125.5GiB,27.21%,677GB,/,916GB,133GB,/,1.8GB,682
2022-09-27 18:48:39,b02ff2144fbc,hadoop-slave1.1.slzc5rgbb7ehb49aydq7bdnwo,419.01%,34.14,/,125.5GiB,27.29%,677GB,/,916GB,133GB,/,1.8GB,682
2022-9-27 18:48:40,b02ff2144fbc,hadoop-slave1.1.slzc5rgbb7ehb49aydq7bdnwo,390.66%,34.34,/,125.5GiB,27.36%,677GB,/,916GB,133GB,/,1.8GB,682
2022-09-27 18:48:41,b02ff2144fbc,hadoop-slave1.1.slzc5rgbb7ehb49aydq7bdnwo,553.07%,34.34,/,125.5GiB,27.59%,677GB,/,916GB,133GB,/,1.8GB,682
2022-9-27 18:48:42,b02ff2144fbc,hadoop-slave1.1.slzc5rgbb7ehb49aydq7bdnwo,715.48%,34.92,/,125.5GiB,27.82%,677GB,/,916GB,133GB,/,1.8GB,682
2022-09-27 18:48:43,b02ff2144fbc,hadoop-slave1.1.slzc5rgbb7ehb49aydq7bdnwo,1191.74%,34.92,/,125.5GiB,27.87%,677GB,/,916GB,133GB,/,1.8GB,682
2022-9-27 18:48:44,b02ff2144fbc,hadoop-slave1.1.slzc5rgbb7ehb49aydq7bdnwo,1667.99%,35.02,/,125.5GiB,27.91%,678GB,/,916GB,133GB,/,1.8GB,682
2022-09-27 18:48:45,b02ff2144fbc,hadoop-slave1.1.slzc5rgbb7ehb49aydq7bdnwo,1225.15%,35.02,/,125.5GiB,27.9%,678GB,/,916GB,133GB,/,1.8GB,682
2022-9-27 18:48:46,b02ff2144fbc,hadoop-slave1.1.slzc5rgbb7ehb49aydq7bdnwo,782.31%,35,/,125.5GiB,27.89%,678GB,/,917GB,133GB,/,1.8GB,682
2022-09-27 18:48:47,b02ff2144fbc,hadoop-slave1.1.slzc5rgbb7ehb49aydq7bdnwo,991.53%,35,/,125.5GiB,27.93%,678GB,/,917GB,133GB,/,1.8GB,682
2022-9-27 18:48:48,b02ff2144fbc,hadoop-slave1.1.slzc5rgbb7ehb49aydq7bdnwo,1200.75%,35.1,/,125.5GiB,27.97%,678GB,/,917GB,133GB,/,1.8GB,682
2022-09-27 18:48:49,b02ff2144fbc,hadoop-slave1.1.slzc5rgbb7ehb49aydq7bdnwo,928.07%,35.1,/,125.5GiB,27.95%,678GB,/,917GB,133GB,/,1.8GB,682
2022-9-27 18:48:50,b02ff2144fbc,hadoop-slave1.1.slzc5rgbb7ehb49aydq7bdnwo,655.38%,35.06,/,125.5GiB,27.94%,678GB,/,917GB,133GB,/,1.8GB,682
2022-09-27 18:48:51,b02ff2144fbc,hadoop-slave1.1.slzc5rgbb7ehb49aydq7bdnwo,1040.88%,35.06,/,125.5GiB,27.98%,678GB,/,917GB,133GB,/,1.8GB,682
2022-9-27 18:48:52,b02ff2144fbc,hadoop-slave1.1.slzc5rgbb7ehb49aydq7bdnwo,1426.39%,35.15,/,125.5GiB,28.01%,678GB,/,917GB,133GB,/,1.8GB,682
2022-09-27 18:48:53,b02ff2144fbc,hadoop-slave1.1.slzc5rgbb7ehb49aydq7bdnwo,1282.64%,35.15,/,125.5GiB,27.82%,678GB,/,917GB,133GB,/,1.8GB,682
2022-9-27 18:48:54,b02ff2144fbc,hadoop-slave1.1.slzc5rgbb7ehb49aydq7bdnwo,1138.88%,34.67,/,125.5GiB,27.63%,679GB,/,917GB,133GB,/,1.8GB,682
2022-09-27 18:48:55,b02ff2144fbc,hadoop-slave1.1.slzc5rgbb7ehb49aydq7bdnwo,932.96%,34.67,/,125.5GiB,27.62%,679GB,/,917GB,133GB,/,1.8GB,682
2022-9-27 18:48:56,b02ff2144fbc,hadoop-slave1.1.slzc5rgbb7ehb49aydq7bdnwo,727.03%,34.67,/,125.5GiB,27.62%,679GB,/,917GB,133GB,/,1.8GB,679
2022-09-27 18:48:57,b02ff2144fbc,hadoop-slave1.1.slzc5rgbb7ehb49aydq7bdnwo,744.76%,34.67,/,125.5GiB,27.75%,679GB,/,917GB,133GB,/,1.8GB,679
2022-9-27 18:48:58,b02ff2144fbc,hadoop-slave1.1.slzc5rgbb7ehb49aydq7bdnwo,762.50%,34.97,/,125.5GiB,27.87%,679GB,/,917GB,133GB,/,1.8GB,679
2022-09-27 18:48:59,b02ff2144fbc,hadoop-slave1.1.slzc5rgbb7ehb49aydq7bdnwo,2173.76%,34.97,/,125.5GiB,27.88%,679GB,/,917GB,133GB,/,1.8GB,679
2022-9-27 18:49:00,b02ff2144fbc,hadoop-slave1.1.slzc5rgbb7ehb49aydq7bdnwo,3585.01%,34.99,/,125.5GiB,27.88%,679GB,/,918GB,133GB,/,1.8GB,679
2022-09-27 18:49:01,b02ff2144fbc,hadoop-slave1.1.slzc5rgbb7ehb49aydq7bdnwo,2094.45%,34.99,/,125.5GiB,27.93%,679GB,/,918GB,133GB,/,1.8GB,679
2022-9-27 18:49:02,b02ff2144fbc,hadoop-slave1.1.slzc5rgbb7ehb49aydq7bdnwo,603.90%,35.12,/,125.5GiB,27.99%,680GB,/,918GB,133GB,/,1.8GB,670
2022-09-27 18:49:03,b02ff2144fbc,hadoop-slave1.1.slzc5rgbb7ehb49aydq7bdnwo,845.23%,35.12,/,125.5GiB,27.96%,680GB,/,918GB,133GB,/,1.8GB,670
2022-9-27 18:49:04,b02ff2144fbc,hadoop-slave1.1.slzc5rgbb7ehb49aydq7bdnwo,1086.57%,35.06,/,125.5GiB,27.94%,680GB,/,918GB,133GB,/,1.8GB,670
2022-09-27 18:49:05,b02ff2144fbc,hadoop-slave1.1.slzc5rgbb7ehb49aydq7bdnwo,2271.11%,35.06,/,125.5GiB,27.94%,680GB,/,918GB,133GB,/,1.8GB,670
2022-9-27 18:49:06,b02ff2144fbc,hadoop-slave1.1.slzc5rgbb7ehb49aydq7bdnwo,3455.66%,35.05,/,125.5GiB,27.93%,680GB,/,918GB,133GB,/,1.8GB,670
2022-09-27 18:49:07,b02ff2144fbc,hadoop-slave1.1.slzc5rgbb7ehb49aydq7bdnwo,2189.05%,35.05,/,125.5GiB,27.95%,680GB,/,918GB,133GB,/,1.8GB,670
2022-9-27 18:49:08,b02ff2144fbc,hadoop-slave1.1.slzc5rgbb7ehb49aydq7bdnwo,922.44%,35.11,/,125.5GiB,27.98%,680GB,/,918GB,133GB,/,1.8GB,670
2022-09-27 18:49:09,b02ff2144fbc,hadoop-slave1.1.slzc5rgbb7ehb49aydq7bdnwo,1780.81%,35.11,/,125.5GiB,27.98%,680GB,/,918GB,133GB,/,1.8GB,670
2022-9-27 18:49:10,b02ff2144fbc,hadoop-slave1.1.slzc5rgbb7ehb49aydq7bdnwo,2639.17%,35.12,/,125.5GiB,27.98%,680GB,/,918GB,133GB,/,1.8GB,670
2022-09-27 18:49:11,b02ff2144fbc,hadoop-slave1.1.slzc5rgbb7ehb49aydq7bdnwo,1848.18%,35.12,/,125.5GiB,27.91%,680GB,/,918GB,133GB,/,1.8GB,670
2022-9-27 18:49:12,b02ff2144fbc,hadoop-slave1.1.slzc5rgbb7ehb49aydq7bdnwo,1057.19%,34.93,/,125.5GiB,27.83%,680GB,/,918GB,133GB,/,1.8GB,670
2022-09-27 18:49:13,b02ff2144fbc,hadoop-slave1.1.slzc5rgbb7ehb49aydq7bdnwo,2083.93%,34.93,/,125.5GiB,27.84%,680GB,/,918GB,133GB,/,1.8GB,670
2022-9-27 18:49:14,b02ff2144fbc,hadoop-slave1.1.slzc5rgbb7ehb49aydq7bdnwo,3110.66%,34.96,/,125.5GiB,27.86%,680GB,/,918GB,133GB,/,1.8GB,670
2022-09-27 18:49:15,b02ff2144fbc,hadoop-slave1.1.slzc5rgbb7ehb49aydq7bdnwo,2896.31%,34.96,/,125.5GiB,27.84%,680GB,/,918GB,133GB,/,1.8GB,670
2022-09-27 18:49:16,b02ff2144fbc,hadoop-slave1.1.slzc5rgbb7ehb49aydq7bdnwo,2896.31%,34.96,/,125.5GiB,27.84%,680GB,/,918GB,133GB,/,1.8GB,670
2022-9-27 18:49:17,b02ff2144fbc,hadoop-slave1.1.slzc5rgbb7ehb49aydq7bdnwo,2681.97%,34.93,/,125.5GiB,27.83%,680GB,/,918GB,133GB,/,1.8GB,670
2022-09-27 18:49:18,b02ff2144fbc,hadoop-slave1.1.slzc5rgbb7ehb49aydq7bdnwo,3720.94%,34.93,/,125.5GiB,27.83%,680GB,/,918GB,133GB,/,1.8GB,670
2022-9-27 18:49:19,b02ff2144fbc,hadoop-slave1.1.slzc5rgbb7ehb49aydq7bdnwo,4759.92%,34.93,/,125.5GiB,27.83%,680GB,/,918GB,133GB,/,1.8GB,670
2022-09-27 18:49:20,b02ff2144fbc,hadoop-slave1.1.slzc5rgbb7ehb49aydq7bdnwo,4155.91%,34.93,/,125.5GiB,27.83%,680GB,/,918GB,133GB,/,1.8GB,670
2022-9-27 18:49:21,b02ff2144fbc,hadoop-slave1.1.slzc5rgbb7ehb49aydq7bdnwo,3551.90%,34.93,/,125.5GiB,27.83%,680GB,/,918GB,133GB,/,1.8GB,670
2022-09-27 18:49:22,b02ff2144fbc,hadoop-slave1.1.slzc5rgbb7ehb49aydq7bdnwo,2621.88%,34.93,/,125.5GiB,27.81%,680GB,/,918GB,133GB,/,1.8GB,670
2022-9-27 18:49:23,b02ff2144fbc,hadoop-slave1.1.slzc5rgbb7ehb49aydq7bdnwo,1691.85%,34.89,/,125.5GiB,27.80%,680GB,/,918GB,133GB,/,1.8GB,670
2022-09-27 18:49:24,b02ff2144fbc,hadoop-slave1.1.slzc5rgbb7ehb49aydq7bdnwo,931.57%,34.89,/,125.5GiB,27.79%,680GB,/,918GB,133GB,/,1.8GB,670
2022-9-27 18:49:25,b02ff2144fbc,hadoop-slave1.1.slzc5rgbb7ehb49aydq7bdnwo,171.30%,34.87,/,125.5GiB,27.78%,680GB,/,918GB,133GB,/,1.8GB,670
2022-09-27 18:49:26,b02ff2144fbc,hadoop-slave1.1.slzc5rgbb7ehb49aydq7bdnwo,94.62%,34.87,/,125.5GiB,27.77%,680GB,/,918GB,133GB,/,1.8GB,670
2022-9-27 18:49:27,b02ff2144fbc,hadoop-slave1.1.slzc5rgbb7ehb49aydq7bdnwo,17.94%,34.85,/,125.5GiB,27.77%,680GB,/,918GB,133GB,/,1.8GB,670
2022-09-27 18:49:28,b02ff2144fbc,hadoop-slave1.1.slzc5rgbb7ehb49aydq7bdnwo,9.52%,34.85,/,125.5GiB,27.77%,680GB,/,918GB,133GB,/,1.8GB,670
2022-9-27 18:49:29,b02ff2144fbc,hadoop-slave1.1.slzc5rgbb7ehb49aydq7bdnwo,1.09%,34.85,/,125.5GiB,27.77%,680GB,/,918GB,133GB,/,1.8GB,670
2022-09-27 18:49:30,b02ff2144fbc,hadoop-slave1.1.slzc5rgbb7ehb49aydq7bdnwo,1.39%,34.85,/,125.5GiB,27.77%,680GB,/,918GB,133GB,/,1.8GB,670
2022-9-27 18:49:31,b02ff2144fbc,hadoop-slave1.1.slzc5rgbb7ehb49aydq7bdnwo,1.69%,34.85,/,125.5GiB,27.77%,680GB,/,918GB,133GB,/,1.8GB,670
2022-09-27 18:49:32,b02ff2144fbc,hadoop-slave1.1.slzc5rgbb7ehb49aydq7bdnwo,1.31%,34.85,/,125.5GiB,27.77%,680GB,/,918GB,133GB,/,1.8GB,670
2022-9-27 18:49:33,b02ff2144fbc,hadoop-slave1.1.slzc5rgbb7ehb49aydq7bdnwo,0.94%,34.85,/,125.5GiB,27.77%,680GB,/,918GB,133GB,/,1.8GB,670
2022-09-27 18:49:34,b02ff2144fbc,hadoop-slave1.1.slzc5rgbb7ehb49aydq7bdnwo,0.98%,34.85,/,125.5GiB,27.77%,680GB,/,918GB,133GB,/,1.8GB,670
2022-9-27 18:49:35,b02ff2144fbc,hadoop-slave1.1.slzc5rgbb7ehb49aydq7bdnwo,1.03%,34.85,/,125.5GiB,27.77%,680GB,/,918GB,133GB,/,1.8GB,670
2022-09-27 18:49:36,b02ff2144fbc,hadoop-slave1.1.slzc5rgbb7ehb49aydq7bdnwo,1.0%,34.85,/,125.5GiB,27.77%,680GB,/,918GB,133GB,/,1.8GB,670
2022-9-27 18:49:37,b02ff2144fbc,hadoop-slave1.1.slzc5rgbb7ehb49aydq7bdnwo,0.98%,34.85,/,125.5GiB,27.77%,680GB,/,918GB,133GB,/,1.8GB,670
2022-09-27 18:49:38,b02ff2144fbc,hadoop-slave1.1.slzc5rgbb7ehb49aydq7bdnwo,1.02%,34.85,/,125.5GiB,27.77%,680GB,/,918GB,133GB,/,1.8GB,670
2022-9-27 18:49:39,b02ff2144fbc,hadoop-slave1.1.slzc5rgbb7ehb49aydq7bdnwo,1.07%,34.85,/,125.5GiB,27.77%,680GB,/,918GB,133GB,/,1.8GB,670
2022-09-27 18:49:40,b02ff2144fbc,hadoop-slave1.1.slzc5rgbb7ehb49aydq7bdnwo,1.08%,34.85,/,125.5GiB,27.77%,680GB,/,918GB,133GB,/,1.8GB,670
2022-9-27 18:49:41,b02ff2144fbc,hadoop-slave1.1.slzc5rgbb7ehb49aydq7bdnwo,1.09%,34.85,/,125.5GiB,27.77%,680GB,/,918GB,133GB,/,1.8GB,670
2022-09-27 18:49:42,b02ff2144fbc,hadoop-slave1.1.slzc5rgbb7ehb49aydq7bdnwo,0.99%,34.85,/,125.5GiB,27.77%,680GB,/,918GB,133GB,/,1.8GB,670
2022-9-27 18:49:43,b02ff2144fbc,hadoop-slave1.1.slzc5rgbb7ehb49aydq7bdnwo,0.89%,34.85,/,125.5GiB,27.77%,680GB,/,918GB,133GB,/,1.8GB,670
2022-09-27 18:49:44,b02ff2144fbc,hadoop-slave1.1.slzc5rgbb7ehb49aydq7bdnwo,0.95%,34.85,/,125.5GiB,27.77%,680GB,/,918GB,133GB,/,1.8GB,670
2022-9-27 18:49:45,b02ff2144fbc,hadoop-slave1.1.slzc5rgbb7ehb49aydq7bdnwo,1.00%,34.85,/,125.5GiB,27.77%,680GB,/,918GB,133GB,/,1.8GB,669
2022-09-27 18:49:46,b02ff2144fbc,hadoop-slave1.1.slzc5rgbb7ehb49aydq7bdnwo,535.46%,34.85,/,125.5GiB,27.73%,680GB,/,918GB,133GB,/,1.8GB,669
2022-9-27 18:49:47,b02ff2144fbc,hadoop-slave1.1.slzc5rgbb7ehb49aydq7bdnwo,1069.91%,34.74,/,125.5GiB,27.68%,680GB,/,918GB,133GB,/,1.8GB,670
2022-09-27 18:49:48,b02ff2144fbc,hadoop-slave1.1.slzc5rgbb7ehb49aydq7bdnwo,673.62%,34.74,/,125.5GiB,27.69%,680GB,/,918GB,133GB,/,1.8GB,670
2022-9-27 18:49:49,b02ff2144fbc,hadoop-slave1.1.slzc5rgbb7ehb49aydq7bdnwo,277.34%,34.76,/,125.5GiB,27.70%,680GB,/,918GB,133GB,/,1.8GB,670
2022-09-27 18:49:50,b02ff2144fbc,hadoop-slave1.1.slzc5rgbb7ehb49aydq7bdnwo,278.29%,34.76,/,125.5GiB,27.71%,680GB,/,918GB,133GB,/,1.8GB,670
2022-9-27 18:49:51,b02ff2144fbc,hadoop-slave1.1.slzc5rgbb7ehb49aydq7bdnwo,279.24%,34.8,/,125.5GiB,27.73%,681GB,/,919GB,133GB,/,1.8GB,670
2022-09-27 18:49:52,b02ff2144fbc,hadoop-slave1.1.slzc5rgbb7ehb49aydq7bdnwo,237.47%,34.8,/,125.5GiB,27.74%,681GB,/,919GB,133GB,/,1.8GB,670
2022-9-27 18:49:53,b02ff2144fbc,hadoop-slave1.1.slzc5rgbb7ehb49aydq7bdnwo,195.69%,34.83,/,125.5GiB,27.75%,681GB,/,919GB,133GB,/,1.8GB,670
2022-09-27 18:49:54,b02ff2144fbc,hadoop-slave1.1.slzc5rgbb7ehb49aydq7bdnwo,339.77%,34.83,/,125.5GiB,27.74%,681GB,/,919GB,133GB,/,1.8GB,670
2022-9-27 18:49:55,b02ff2144fbc,hadoop-slave1.1.slzc5rgbb7ehb49aydq7bdnwo,483.86%,34.81,/,125.5GiB,27.74%,681GB,/,919GB,133GB,/,1.8GB,670
2022-09-27 18:49:56,b02ff2144fbc,hadoop-slave1.1.slzc5rgbb7ehb49aydq7bdnwo,278.43%,34.81,/,125.5GiB,27.74%,681GB,/,919GB,133GB,/,1.8GB,670
2022-9-27 18:49:57,b02ff2144fbc,hadoop-slave1.1.slzc5rgbb7ehb49aydq7bdnwo,73.00%,34.81,/,125.5GiB,27.74%,681GB,/,919GB,133GB,/,1.8GB,670
2022-09-27 18:49:58,b02ff2144fbc,hadoop-slave1.1.slzc5rgbb7ehb49aydq7bdnwo,176.98%,34.81,/,125.5GiB,27.74%,681GB,/,919GB,133GB,/,1.8GB,670
2022-9-27 18:49:59,b02ff2144fbc,hadoop-slave1.1.slzc5rgbb7ehb49aydq7bdnwo,280.96%,34.81,/,125.5GiB,27.74%,681GB,/,919GB,133GB,/,1.8GB,670
2022-09-27 18:50:00,b02ff2144fbc,hadoop-slave1.1.slzc5rgbb7ehb49aydq7bdnwo,277.73%,34.81,/,125.5GiB,27.73%,681GB,/,919GB,133GB,/,1.8GB,670
2022-9-27 18:50:01,b02ff2144fbc,hadoop-slave1.1.slzc5rgbb7ehb49aydq7bdnwo,274.50%,34.8,/,125.5GiB,27.73%,681GB,/,919GB,133GB,/,1.8GB,670
2022-09-27 18:50:02,b02ff2144fbc,hadoop-slave1.1.slzc5rgbb7ehb49aydq7bdnwo,177.67%,34.8,/,125.5GiB,27.73%,681GB,/,919GB,133GB,/,1.8GB,670
2022-9-27 18:50:03,b02ff2144fbc,hadoop-slave1.1.slzc5rgbb7ehb49aydq7bdnwo,80.84%,34.81,/,125.5GiB,27.73%,681GB,/,919GB,133GB,/,1.8GB,670
2022-09-27 18:50:04,b02ff2144fbc,hadoop-slave1.1.slzc5rgbb7ehb49aydq7bdnwo,69.87%,34.81,/,125.5GiB,27.73%,681GB,/,919GB,133GB,/,1.8GB,670
2022-9-27 18:50:05,b02ff2144fbc,hadoop-slave1.1.slzc5rgbb7ehb49aydq7bdnwo,58.90%,34.81,/,125.5GiB,27.74%,681GB,/,919GB,133GB,/,1.8GB,670
2022-09-27 18:50:06,b02ff2144fbc,hadoop-slave1.1.slzc5rgbb7ehb49aydq7bdnwo,63.12%,34.81,/,125.5GiB,27.74%,681GB,/,919GB,133GB,/,1.8GB,670
2022-9-27 18:50:07,b02ff2144fbc,hadoop-slave1.1.slzc5rgbb7ehb49aydq7bdnwo,67.34%,34.81,/,125.5GiB,27.74%,681GB,/,919GB,133GB,/,1.8GB,670
2022-09-27 18:50:08,b02ff2144fbc,hadoop-slave1.1.slzc5rgbb7ehb49aydq7bdnwo,116.51%,34.81,/,125.5GiB,27.73%,681GB,/,919GB,133GB,/,1.8GB,670
2022-9-27 18:50:09,b02ff2144fbc,hadoop-slave1.1.slzc5rgbb7ehb49aydq7bdnwo,165.68%,34.79,/,125.5GiB,27.72%,681GB,/,919GB,133GB,/,1.8GB,670
2022-09-27 18:50:10,b02ff2144fbc,hadoop-slave1.1.slzc5rgbb7ehb49aydq7bdnwo,292.28%,34.79,/,125.5GiB,27.72%,681GB,/,919GB,133GB,/,1.8GB,670
2022-9-27 18:50:11,b02ff2144fbc,hadoop-slave1.1.slzc5rgbb7ehb49aydq7bdnwo,418.89%,34.78,/,125.5GiB,27.72%,681GB,/,919GB,133GB,/,1.8GB,670
2022-09-27 18:50:12,b02ff2144fbc,hadoop-slave1.1.slzc5rgbb7ehb49aydq7bdnwo,831.77%,34.78,/,125.5GiB,27.72%,681GB,/,919GB,133GB,/,1.8GB,670
2022-9-27 18:50:13,b02ff2144fbc,hadoop-slave1.1.slzc5rgbb7ehb49aydq7bdnwo,1244.64%,34.79,/,125.5GiB,27.72%,681GB,/,919GB,133GB,/,1.8GB,670
2022-09-27 18:50:14,b02ff2144fbc,hadoop-slave1.1.slzc5rgbb7ehb49aydq7bdnwo,1064.1%,34.79,/,125.5GiB,27.73%,681GB,/,919GB,133GB,/,1.8GB,670
2022-9-27 18:50:15,b02ff2144fbc,hadoop-slave1.1.slzc5rgbb7ehb49aydq7bdnwo,883.56%,34.8,/,125.5GiB,27.73%,681GB,/,919GB,133GB,/,1.8GB,670
2022-09-27 18:50:16,b02ff2144fbc,hadoop-slave1.1.slzc5rgbb7ehb49aydq7bdnwo,477.9%,34.8,/,125.5GiB,27.73%,681GB,/,919GB,133GB,/,1.8GB,670
2022-9-27 18:50:17,b02ff2144fbc,hadoop-slave1.1.slzc5rgbb7ehb49aydq7bdnwo,72.24%,34.8,/,125.5GiB,27.73%,681GB,/,919GB,133GB,/,1.8GB,670
2022-09-27 18:50:18,b02ff2144fbc,hadoop-slave1.1.slzc5rgbb7ehb49aydq7bdnwo,36.6%,34.8,/,125.5GiB,27.73%,681GB,/,919GB,133GB,/,1.8GB,670
2022-09-27 18:50:19,b02ff2144fbc,hadoop-slave1.1.slzc5rgbb7ehb49aydq7bdnwo,36.6%,34.8,/,125.5GiB,27.73%,681GB,/,919GB,133GB,/,1.8GB,670
2022-9-27 18:50:20,b02ff2144fbc,hadoop-slave1.1.slzc5rgbb7ehb49aydq7bdnwo,0.96%,34.8,/,125.5GiB,27.73%,681GB,/,919GB,133GB,/,1.8GB,670
2022-09-27 18:50:21,b02ff2144fbc,hadoop-slave1.1.slzc5rgbb7ehb49aydq7bdnwo,593.49%,34.8,/,125.5GiB,27.73%,681GB,/,919GB,133GB,/,1.8GB,670
2022-9-27 18:50:22,b02ff2144fbc,hadoop-slave1.1.slzc5rgbb7ehb49aydq7bdnwo,1186.01%,34.8,/,125.5GiB,27.73%,681GB,/,919GB,133GB,/,1.8GB,700
2022-09-27 18:50:23,b02ff2144fbc,hadoop-slave1.1.slzc5rgbb7ehb49aydq7bdnwo,1630.88%,34.8,/,125.5GiB,27.76%,681GB,/,919GB,133GB,/,1.8GB,700
2022-9-27 18:50:24,b02ff2144fbc,hadoop-slave1.1.slzc5rgbb7ehb49aydq7bdnwo,2075.75%,34.86,/,125.5GiB,27.78%,681GB,/,919GB,133GB,/,1.8GB,695
2022-09-27 18:50:25,b02ff2144fbc,hadoop-slave1.1.slzc5rgbb7ehb49aydq7bdnwo,1844.15%,34.86,/,125.5GiB,27.82%,681GB,/,919GB,133GB,/,1.8GB,695
2022-9-27 18:50:26,b02ff2144fbc,hadoop-slave1.1.slzc5rgbb7ehb49aydq7bdnwo,1612.56%,34.95,/,125.5GiB,27.85%,681GB,/,919GB,133GB,/,1.8GB,696
2022-09-27 18:50:27,b02ff2144fbc,hadoop-slave1.1.slzc5rgbb7ehb49aydq7bdnwo,1666.02%,34.95,/,125.5GiB,27.9%,681GB,/,919GB,133GB,/,1.8GB,696
2022-9-27 18:50:28,b02ff2144fbc,hadoop-slave1.1.slzc5rgbb7ehb49aydq7bdnwo,1719.48%,35.08,/,125.5GiB,27.95%,681GB,/,919GB,133GB,/,1.8GB,697
2022-09-27 18:50:29,b02ff2144fbc,hadoop-slave1.1.slzc5rgbb7ehb49aydq7bdnwo,1779.3%,35.08,/,125.5GiB,27.98%,681GB,/,919GB,133GB,/,1.8GB,697
2022-9-27 18:50:30,b02ff2144fbc,hadoop-slave1.1.slzc5rgbb7ehb49aydq7bdnwo,1839.12%,35.16,/,125.5GiB,28.01%,681GB,/,919GB,133GB,/,1.8GB,700
2022-09-27 18:50:31,b02ff2144fbc,hadoop-slave1.1.slzc5rgbb7ehb49aydq7bdnwo,1843.12%,35.16,/,125.5GiB,28.05%,681GB,/,919GB,133GB,/,1.8GB,700
2022-9-27 18:50:32,b02ff2144fbc,hadoop-slave1.1.slzc5rgbb7ehb49aydq7bdnwo,1847.12%,35.24,/,125.5GiB,28.08%,681GB,/,919GB,133GB,/,1.8GB,698
2022-09-27 18:50:33,b02ff2144fbc,hadoop-slave1.1.slzc5rgbb7ehb49aydq7bdnwo,1672.6%,35.24,/,125.5GiB,28.12%,681GB,/,919GB,133GB,/,1.8GB,698
2022-9-27 18:50:34,b02ff2144fbc,hadoop-slave1.1.slzc5rgbb7ehb49aydq7bdnwo,1498.08%,35.35,/,125.5GiB,28.17%,682GB,/,919GB,133GB,/,1.8GB,685
2022-09-27 18:50:35,b02ff2144fbc,hadoop-slave1.1.slzc5rgbb7ehb49aydq7bdnwo,856.03%,35.35,/,125.5GiB,28.3%,682GB,/,919GB,133GB,/,1.8GB,685
2022-9-27 18:50:36,b02ff2144fbc,hadoop-slave1.1.slzc5rgbb7ehb49aydq7bdnwo,213.98%,35.68,/,125.5GiB,28.43%,682GB,/,919GB,133GB,/,1.8GB,685
2022-09-27 18:50:37,b02ff2144fbc,hadoop-slave1.1.slzc5rgbb7ehb49aydq7bdnwo,212.87%,35.68,/,125.5GiB,28.61%,682GB,/,919GB,133GB,/,1.8GB,685
2022-9-27 18:50:38,b02ff2144fbc,hadoop-slave1.1.slzc5rgbb7ehb49aydq7bdnwo,211.75%,36.13,/,125.5GiB,28.79%,682GB,/,919GB,133GB,/,1.8GB,685
2022-09-27 18:50:39,b02ff2144fbc,hadoop-slave1.1.slzc5rgbb7ehb49aydq7bdnwo,222.12%,36.13,/,125.5GiB,28.99%,682GB,/,919GB,133GB,/,1.8GB,685
2022-9-27 18:50:40,b02ff2144fbc,hadoop-slave1.1.slzc5rgbb7ehb49aydq7bdnwo,232.48%,36.64,/,125.5GiB,29.20%,682GB,/,919GB,133GB,/,1.8GB,685
2022-09-27 18:50:41,b02ff2144fbc,hadoop-slave1.1.slzc5rgbb7ehb49aydq7bdnwo,258.13%,36.64,/,125.5GiB,29.39%,682GB,/,919GB,133GB,/,1.8GB,685
2022-9-27 18:50:42,b02ff2144fbc,hadoop-slave1.1.slzc5rgbb7ehb49aydq7bdnwo,283.79%,37.13,/,125.5GiB,29.59%,682GB,/,920GB,133GB,/,1.8GB,685
2022-09-27 18:50:43,b02ff2144fbc,hadoop-slave1.1.slzc5rgbb7ehb49aydq7bdnwo,599.69%,37.13,/,125.5GiB,29.72%,682GB,/,920GB,133GB,/,1.8GB,685
2022-9-27 18:50:44,b02ff2144fbc,hadoop-slave1.1.slzc5rgbb7ehb49aydq7bdnwo,915.59%,37.46,/,125.5GiB,29.85%,683GB,/,920GB,133GB,/,1.8GB,682
2022-09-27 18:50:45,b02ff2144fbc,hadoop-slave1.1.slzc5rgbb7ehb49aydq7bdnwo,1021.1%,37.46,/,125.5GiB,29.88%,683GB,/,920GB,133GB,/,1.8GB,682
2022-9-27 18:50:46,b02ff2144fbc,hadoop-slave1.1.slzc5rgbb7ehb49aydq7bdnwo,1126.60%,37.54,/,125.5GiB,29.91%,683GB,/,920GB,133GB,/,1.8GB,682
2022-09-27 18:50:47,b02ff2144fbc,hadoop-slave1.1.slzc5rgbb7ehb49aydq7bdnwo,635.63%,37.54,/,125.5GiB,29.91%,683GB,/,920GB,133GB,/,1.8GB,682
2022-9-27 18:50:48,b02ff2144fbc,hadoop-slave1.1.slzc5rgbb7ehb49aydq7bdnwo,144.66%,37.54,/,125.5GiB,29.91%,683GB,/,920GB,133GB,/,1.8GB,682
2022-09-27 18:50:49,b02ff2144fbc,hadoop-slave1.1.slzc5rgbb7ehb49aydq7bdnwo,1113.38%,37.54,/,125.5GiB,30.05%,683GB,/,920GB,133GB,/,1.8GB,682
2022-9-27 18:50:50,b02ff2144fbc,hadoop-slave1.1.slzc5rgbb7ehb49aydq7bdnwo,2082.11%,37.88,/,125.5GiB,30.18%,683GB,/,920GB,133GB,/,1.8GB,682
2022-09-27 18:50:51,b02ff2144fbc,hadoop-slave1.1.slzc5rgbb7ehb49aydq7bdnwo,1597.95%,37.88,/,125.5GiB,30.23%,683GB,/,920GB,133GB,/,1.8GB,682
2022-9-27 18:50:52,b02ff2144fbc,hadoop-slave1.1.slzc5rgbb7ehb49aydq7bdnwo,1113.79%,38.02,/,125.5GiB,30.29%,683GB,/,921GB,133GB,/,1.8GB,682
2022-09-27 18:50:53,b02ff2144fbc,hadoop-slave1.1.slzc5rgbb7ehb49aydq7bdnwo,700.7%,38.02,/,125.5GiB,30.38%,683GB,/,921GB,133GB,/,1.8GB,682
2022-9-27 18:50:54,b02ff2144fbc,hadoop-slave1.1.slzc5rgbb7ehb49aydq7bdnwo,287.62%,38.24,/,125.5GiB,30.47%,684GB,/,921GB,133GB,/,1.8GB,682
2022-09-27 18:50:55,b02ff2144fbc,hadoop-slave1.1.slzc5rgbb7ehb49aydq7bdnwo,351.95%,38.24,/,125.5GiB,30.52%,684GB,/,921GB,133GB,/,1.8GB,682
2022-9-27 18:50:56,b02ff2144fbc,hadoop-slave1.1.slzc5rgbb7ehb49aydq7bdnwo,416.28%,38.38,/,125.5GiB,30.58%,684GB,/,921GB,133GB,/,1.8GB,682
2022-09-27 18:50:57,b02ff2144fbc,hadoop-slave1.1.slzc5rgbb7ehb49aydq7bdnwo,396.88%,38.38,/,125.5GiB,30.63%,684GB,/,921GB,133GB,/,1.8GB,682
2022-9-27 18:50:58,b02ff2144fbc,hadoop-slave1.1.slzc5rgbb7ehb49aydq7bdnwo,377.47%,38.52,/,125.5GiB,30.69%,684GB,/,921GB,133GB,/,1.8GB,682
2022-09-27 18:50:59,b02ff2144fbc,hadoop-slave1.1.slzc5rgbb7ehb49aydq7bdnwo,311.91%,38.52,/,125.5GiB,30.75%,684GB,/,921GB,133GB,/,1.8GB,682
2022-9-27 18:51:00,b02ff2144fbc,hadoop-slave1.1.slzc5rgbb7ehb49aydq7bdnwo,246.34%,38.66,/,125.5GiB,30.81%,684GB,/,922GB,133GB,/,1.8GB,682
2022-09-27 18:51:01,b02ff2144fbc,hadoop-slave1.1.slzc5rgbb7ehb49aydq7bdnwo,187.58%,38.66,/,125.5GiB,30.86%,684GB,/,922GB,133GB,/,1.8GB,682
2022-9-27 18:51:02,b02ff2144fbc,hadoop-slave1.1.slzc5rgbb7ehb49aydq7bdnwo,128.82%,38.79,/,125.5GiB,30.91%,684GB,/,922GB,133GB,/,1.8GB,682
2022-09-27 18:51:03,b02ff2144fbc,hadoop-slave1.1.slzc5rgbb7ehb49aydq7bdnwo,148.1%,38.79,/,125.5GiB,30.95%,684GB,/,922GB,133GB,/,1.8GB,682
2022-9-27 18:51:04,b02ff2144fbc,hadoop-slave1.1.slzc5rgbb7ehb49aydq7bdnwo,167.38%,38.87,/,125.5GiB,30.98%,684GB,/,922GB,133GB,/,1.8GB,682
2022-09-27 18:51:05,b02ff2144fbc,hadoop-slave1.1.slzc5rgbb7ehb49aydq7bdnwo,272.86%,38.87,/,125.5GiB,31.02%,684GB,/,922GB,133GB,/,1.8GB,682
2022-9-27 18:51:06,b02ff2144fbc,hadoop-slave1.1.slzc5rgbb7ehb49aydq7bdnwo,378.33%,38.98,/,125.5GiB,31.06%,685GB,/,922GB,133GB,/,1.8GB,682
2022-09-27 18:51:07,b02ff2144fbc,hadoop-slave1.1.slzc5rgbb7ehb49aydq7bdnwo,381.11%,38.98,/,125.5GiB,31.09%,685GB,/,922GB,133GB,/,1.8GB,682
2022-9-27 18:51:08,b02ff2144fbc,hadoop-slave1.1.slzc5rgbb7ehb49aydq7bdnwo,383.89%,39.07,/,125.5GiB,31.13%,685GB,/,922GB,133GB,/,1.8GB,682
2022-09-27 18:51:09,b02ff2144fbc,hadoop-slave1.1.slzc5rgbb7ehb49aydq7bdnwo,387.08%,39.07,/,125.5GiB,31.16%,685GB,/,922GB,133GB,/,1.8GB,682
2022-9-27 18:51:10,b02ff2144fbc,hadoop-slave1.1.slzc5rgbb7ehb49aydq7bdnwo,390.28%,39.15,/,125.5GiB,31.20%,685GB,/,923GB,133GB,/,1.8GB,682
2022-09-27 18:51:11,b02ff2144fbc,hadoop-slave1.1.slzc5rgbb7ehb49aydq7bdnwo,499.51%,39.15,/,125.5GiB,31.22%,685GB,/,923GB,133GB,/,1.8GB,682
2022-9-27 18:51:12,b02ff2144fbc,hadoop-slave1.1.slzc5rgbb7ehb49aydq7bdnwo,608.74%,39.21,/,125.5GiB,31.24%,685GB,/,923GB,133GB,/,1.8GB,682
2022-09-27 18:51:13,b02ff2144fbc,hadoop-slave1.1.slzc5rgbb7ehb49aydq7bdnwo,445.65%,39.21,/,125.5GiB,31.27%,685GB,/,923GB,133GB,/,1.8GB,682
2022-9-27 18:51:14,b02ff2144fbc,hadoop-slave1.1.slzc5rgbb7ehb49aydq7bdnwo,282.56%,39.26,/,125.5GiB,31.29%,685GB,/,923GB,133GB,/,1.8GB,682
2022-09-27 18:51:15,b02ff2144fbc,hadoop-slave1.1.slzc5rgbb7ehb49aydq7bdnwo,333.91%,39.26,/,125.5GiB,31.32%,685GB,/,923GB,133GB,/,1.8GB,682
2022-9-27 18:51:16,b02ff2144fbc,hadoop-slave1.1.slzc5rgbb7ehb49aydq7bdnwo,385.27%,39.34,/,125.5GiB,31.35%,686GB,/,923GB,133GB,/,1.8GB,682
2022-09-27 18:51:17,b02ff2144fbc,hadoop-slave1.1.slzc5rgbb7ehb49aydq7bdnwo,519.97%,39.34,/,125.5GiB,31.39%,686GB,/,923GB,133GB,/,1.8GB,682
2022-9-27 18:51:18,b02ff2144fbc,hadoop-slave1.1.slzc5rgbb7ehb49aydq7bdnwo,654.67%,39.43,/,125.5GiB,31.42%,686GB,/,923GB,133GB,/,1.8GB,682
2022-09-27 18:51:19,b02ff2144fbc,hadoop-slave1.1.slzc5rgbb7ehb49aydq7bdnwo,498.57%,39.43,/,125.5GiB,31.44%,686GB,/,923GB,133GB,/,1.8GB,682
2022-09-27 18:51:20,b02ff2144fbc,hadoop-slave1.1.slzc5rgbb7ehb49aydq7bdnwo,498.57%,39.43,/,125.5GiB,31.44%,686GB,/,923GB,133GB,/,1.8GB,682
2022-9-27 18:51:21,b02ff2144fbc,hadoop-slave1.1.slzc5rgbb7ehb49aydq7bdnwo,342.47%,39.48,/,125.5GiB,31.46%,686GB,/,924GB,133GB,/,1.8GB,682
2022-09-27 18:51:22,b02ff2144fbc,hadoop-slave1.1.slzc5rgbb7ehb49aydq7bdnwo,330.76%,39.48,/,125.5GiB,31.49%,686GB,/,924GB,133GB,/,1.8GB,682
2022-9-27 18:51:23,b02ff2144fbc,hadoop-slave1.1.slzc5rgbb7ehb49aydq7bdnwo,319.06%,39.55,/,125.5GiB,31.52%,686GB,/,924GB,133GB,/,1.8GB,682
2022-09-27 18:51:24,b02ff2144fbc,hadoop-slave1.1.slzc5rgbb7ehb49aydq7bdnwo,328.8%,39.55,/,125.5GiB,31.54%,686GB,/,924GB,133GB,/,1.8GB,682
2022-9-27 18:51:25,b02ff2144fbc,hadoop-slave1.1.slzc5rgbb7ehb49aydq7bdnwo,338.54%,39.6,/,125.5GiB,31.55%,686GB,/,924GB,133GB,/,1.8GB,682
2022-09-27 18:51:26,b02ff2144fbc,hadoop-slave1.1.slzc5rgbb7ehb49aydq7bdnwo,282.14%,39.6,/,125.5GiB,31.58%,686GB,/,924GB,133GB,/,1.8GB,682
2022-9-27 18:51:27,b02ff2144fbc,hadoop-slave1.1.slzc5rgbb7ehb49aydq7bdnwo,225.74%,39.66,/,125.5GiB,31.60%,687GB,/,924GB,133GB,/,1.8GB,682
2022-09-27 18:51:28,b02ff2144fbc,hadoop-slave1.1.slzc5rgbb7ehb49aydq7bdnwo,288.94%,39.66,/,125.5GiB,31.64%,687GB,/,924GB,133GB,/,1.8GB,682
2022-9-27 18:51:29,b02ff2144fbc,hadoop-slave1.1.slzc5rgbb7ehb49aydq7bdnwo,352.15%,39.74,/,125.5GiB,31.67%,687GB,/,925GB,133GB,/,1.8GB,682
2022-09-27 18:51:30,b02ff2144fbc,hadoop-slave1.1.slzc5rgbb7ehb49aydq7bdnwo,388.78%,39.74,/,125.5GiB,31.69%,687GB,/,925GB,133GB,/,1.8GB,682
2022-9-27 18:51:31,b02ff2144fbc,hadoop-slave1.1.slzc5rgbb7ehb49aydq7bdnwo,425.41%,39.78,/,125.5GiB,31.70%,687GB,/,925GB,133GB,/,1.8GB,682
2022-09-27 18:51:32,b02ff2144fbc,hadoop-slave1.1.slzc5rgbb7ehb49aydq7bdnwo,330.62%,39.78,/,125.5GiB,31.71%,687GB,/,925GB,133GB,/,1.8GB,682
2022-9-27 18:51:33,b02ff2144fbc,hadoop-slave1.1.slzc5rgbb7ehb49aydq7bdnwo,235.82%,39.82,/,125.5GiB,31.73%,687GB,/,925GB,133GB,/,1.8GB,681
2022-09-27 18:51:34,b02ff2144fbc,hadoop-slave1.1.slzc5rgbb7ehb49aydq7bdnwo,282.21%,39.82,/,125.5GiB,31.75%,687GB,/,925GB,133GB,/,1.8GB,681
2022-9-27 18:51:35,b02ff2144fbc,hadoop-slave1.1.slzc5rgbb7ehb49aydq7bdnwo,328.60%,39.86,/,125.5GiB,31.76%,687GB,/,925GB,133GB,/,1.8GB,679
2022-09-27 18:51:36,b02ff2144fbc,hadoop-slave1.1.slzc5rgbb7ehb49aydq7bdnwo,304.77%,39.86,/,125.5GiB,31.8%,687GB,/,925GB,133GB,/,1.8GB,679
2022-9-27 18:51:37,b02ff2144fbc,hadoop-slave1.1.slzc5rgbb7ehb49aydq7bdnwo,280.95%,39.94,/,125.5GiB,31.83%,687GB,/,925GB,133GB,/,1.8GB,679
2022-09-27 18:51:38,b02ff2144fbc,hadoop-slave1.1.slzc5rgbb7ehb49aydq7bdnwo,241.52%,39.94,/,125.5GiB,31.85%,687GB,/,925GB,133GB,/,1.8GB,679
2022-9-27 18:51:39,b02ff2144fbc,hadoop-slave1.1.slzc5rgbb7ehb49aydq7bdnwo,202.09%,40,/,125.5GiB,31.87%,688GB,/,925GB,133GB,/,1.8GB,670
2022-09-27 18:51:40,b02ff2144fbc,hadoop-slave1.1.slzc5rgbb7ehb49aydq7bdnwo,311.62%,40,/,125.5GiB,31.88%,688GB,/,925GB,133GB,/,1.8GB,670
2022-9-27 18:51:41,b02ff2144fbc,hadoop-slave1.1.slzc5rgbb7ehb49aydq7bdnwo,421.16%,40.02,/,125.5GiB,31.89%,688GB,/,926GB,133GB,/,1.8GB,670
2022-09-27 18:51:42,b02ff2144fbc,hadoop-slave1.1.slzc5rgbb7ehb49aydq7bdnwo,393.1%,40.02,/,125.5GiB,31.76%,688GB,/,926GB,133GB,/,1.8GB,670
2022-9-27 18:51:43,b02ff2144fbc,hadoop-slave1.1.slzc5rgbb7ehb49aydq7bdnwo,365.03%,39.69,/,125.5GiB,31.62%,688GB,/,926GB,133GB,/,1.8GB,679
2022-09-27 18:51:44,b02ff2144fbc,hadoop-slave1.1.slzc5rgbb7ehb49aydq7bdnwo,551.61%,39.69,/,125.5GiB,31.65%,688GB,/,926GB,133GB,/,1.8GB,679
2022-9-27 18:51:45,b02ff2144fbc,hadoop-slave1.1.slzc5rgbb7ehb49aydq7bdnwo,738.18%,39.76,/,125.5GiB,31.68%,688GB,/,926GB,133GB,/,1.8GB,679
2022-09-27 18:51:46,b02ff2144fbc,hadoop-slave1.1.slzc5rgbb7ehb49aydq7bdnwo,521.05%,39.76,/,125.5GiB,31.7%,688GB,/,926GB,133GB,/,1.8GB,679
2022-9-27 18:51:47,b02ff2144fbc,hadoop-slave1.1.slzc5rgbb7ehb49aydq7bdnwo,303.92%,39.8,/,125.5GiB,31.71%,688GB,/,926GB,133GB,/,1.8GB,679
2022-09-27 18:51:48,b02ff2144fbc,hadoop-slave1.1.slzc5rgbb7ehb49aydq7bdnwo,328.3%,39.8,/,125.5GiB,31.74%,688GB,/,926GB,133GB,/,1.8GB,679
2022-9-27 18:51:49,b02ff2144fbc,hadoop-slave1.1.slzc5rgbb7ehb49aydq7bdnwo,352.67%,39.87,/,125.5GiB,31.77%,689GB,/,926GB,133GB,/,1.8GB,679
2022-09-27 18:51:50,b02ff2144fbc,hadoop-slave1.1.slzc5rgbb7ehb49aydq7bdnwo,396.72%,39.87,/,125.5GiB,31.79%,689GB,/,926GB,133GB,/,1.8GB,679
2022-9-27 18:51:51,b02ff2144fbc,hadoop-slave1.1.slzc5rgbb7ehb49aydq7bdnwo,440.76%,39.91,/,125.5GiB,31.80%,689GB,/,927GB,133GB,/,1.8GB,679
2022-09-27 18:51:52,b02ff2144fbc,hadoop-slave1.1.slzc5rgbb7ehb49aydq7bdnwo,472.47%,39.91,/,125.5GiB,31.82%,689GB,/,927GB,133GB,/,1.8GB,679
2022-9-27 18:51:53,b02ff2144fbc,hadoop-slave1.1.slzc5rgbb7ehb49aydq7bdnwo,504.17%,39.96,/,125.5GiB,31.84%,689GB,/,927GB,133GB,/,1.8GB,679
2022-09-27 18:51:54,b02ff2144fbc,hadoop-slave1.1.slzc5rgbb7ehb49aydq7bdnwo,840.85%,39.96,/,125.5GiB,31.86%,689GB,/,927GB,133GB,/,1.8GB,679
2022-9-27 18:51:55,b02ff2144fbc,hadoop-slave1.1.slzc5rgbb7ehb49aydq7bdnwo,1177.53%,40,/,125.5GiB,31.87%,689GB,/,927GB,133GB,/,1.8GB,679
2022-09-27 18:51:56,b02ff2144fbc,hadoop-slave1.1.slzc5rgbb7ehb49aydq7bdnwo,765.37%,40,/,125.5GiB,31.9%,689GB,/,927GB,133GB,/,1.8GB,679
2022-9-27 18:51:57,b02ff2144fbc,hadoop-slave1.1.slzc5rgbb7ehb49aydq7bdnwo,353.21%,40.05,/,125.5GiB,31.92%,690GB,/,927GB,133GB,/,1.8GB,679
2022-09-27 18:51:58,b02ff2144fbc,hadoop-slave1.1.slzc5rgbb7ehb49aydq7bdnwo,345.01%,40.05,/,125.5GiB,31.93%,690GB,/,927GB,133GB,/,1.8GB,679
2022-9-27 18:51:59,b02ff2144fbc,hadoop-slave1.1.slzc5rgbb7ehb49aydq7bdnwo,336.82%,40.09,/,125.5GiB,31.94%,690GB,/,927GB,133GB,/,1.8GB,679
2022-09-27 18:52:00,b02ff2144fbc,hadoop-slave1.1.slzc5rgbb7ehb49aydq7bdnwo,641.55%,40.09,/,125.5GiB,31.96%,690GB,/,927GB,133GB,/,1.8GB,679
2022-9-27 18:52:01,b02ff2144fbc,hadoop-slave1.1.slzc5rgbb7ehb49aydq7bdnwo,946.29%,40.13,/,125.5GiB,31.98%,690GB,/,927GB,133GB,/,1.8GB,679
2022-09-27 18:52:02,b02ff2144fbc,hadoop-slave1.1.slzc5rgbb7ehb49aydq7bdnwo,749.63%,40.13,/,125.5GiB,32.01%,690GB,/,927GB,133GB,/,1.8GB,679
2022-9-27 18:52:03,b02ff2144fbc,hadoop-slave1.1.slzc5rgbb7ehb49aydq7bdnwo,552.97%,40.2,/,125.5GiB,32.03%,690GB,/,928GB,133GB,/,1.8GB,679
2022-09-27 18:52:04,b02ff2144fbc,hadoop-slave1.1.slzc5rgbb7ehb49aydq7bdnwo,375.21%,40.2,/,125.5GiB,32.05%,690GB,/,928GB,133GB,/,1.8GB,679
2022-9-27 18:52:05,b02ff2144fbc,hadoop-slave1.1.slzc5rgbb7ehb49aydq7bdnwo,197.45%,40.24,/,125.5GiB,32.07%,690GB,/,928GB,133GB,/,1.8GB,679
2022-09-27 18:52:06,b02ff2144fbc,hadoop-slave1.1.slzc5rgbb7ehb49aydq7bdnwo,167.78%,40.24,/,125.5GiB,32.08%,690GB,/,928GB,133GB,/,1.8GB,679
2022-9-27 18:52:07,b02ff2144fbc,hadoop-slave1.1.slzc5rgbb7ehb49aydq7bdnwo,138.11%,40.28,/,125.5GiB,32.09%,690GB,/,928GB,133GB,/,1.8GB,679
2022-09-27 18:52:08,b02ff2144fbc,hadoop-slave1.1.slzc5rgbb7ehb49aydq7bdnwo,267.05%,40.28,/,125.5GiB,32.11%,690GB,/,928GB,133GB,/,1.8GB,679
2022-9-27 18:52:09,b02ff2144fbc,hadoop-slave1.1.slzc5rgbb7ehb49aydq7bdnwo,395.98%,40.32,/,125.5GiB,32.13%,691GB,/,928GB,133GB,/,1.8GB,679
2022-09-27 18:52:10,b02ff2144fbc,hadoop-slave1.1.slzc5rgbb7ehb49aydq7bdnwo,445.11%,40.32,/,125.5GiB,32.16%,691GB,/,928GB,133GB,/,1.8GB,679
2022-9-27 18:52:11,b02ff2144fbc,hadoop-slave1.1.slzc5rgbb7ehb49aydq7bdnwo,494.24%,40.4,/,125.5GiB,32.19%,691GB,/,928GB,133GB,/,1.8GB,679
2022-09-27 18:52:12,b02ff2144fbc,hadoop-slave1.1.slzc5rgbb7ehb49aydq7bdnwo,427.75%,40.4,/,125.5GiB,32.21%,691GB,/,928GB,133GB,/,1.8GB,679
2022-9-27 18:52:13,b02ff2144fbc,hadoop-slave1.1.slzc5rgbb7ehb49aydq7bdnwo,361.25%,40.44,/,125.5GiB,32.23%,691GB,/,928GB,133GB,/,1.8GB,679
2022-09-27 18:52:14,b02ff2144fbc,hadoop-slave1.1.slzc5rgbb7ehb49aydq7bdnwo,471.21%,40.44,/,125.5GiB,32.23%,691GB,/,928GB,133GB,/,1.8GB,679
2022-9-27 18:52:15,b02ff2144fbc,hadoop-slave1.1.slzc5rgbb7ehb49aydq7bdnwo,581.17%,40.44,/,125.5GiB,32.23%,691GB,/,928GB,133GB,/,1.8GB,679
2022-09-27 18:52:16,b02ff2144fbc,hadoop-slave1.1.slzc5rgbb7ehb49aydq7bdnwo,527.51%,40.44,/,125.5GiB,32.24%,691GB,/,928GB,133GB,/,1.8GB,679
2022-9-27 18:52:17,b02ff2144fbc,hadoop-slave1.1.slzc5rgbb7ehb49aydq7bdnwo,473.86%,40.48,/,125.5GiB,32.26%,691GB,/,929GB,133GB,/,1.8GB,679
2022-09-27 18:52:18,b02ff2144fbc,hadoop-slave1.1.slzc5rgbb7ehb49aydq7bdnwo,644.01%,40.48,/,125.5GiB,32.28%,691GB,/,929GB,133GB,/,1.8GB,679
2022-9-27 18:52:19,b02ff2144fbc,hadoop-slave1.1.slzc5rgbb7ehb49aydq7bdnwo,814.17%,40.53,/,125.5GiB,32.30%,692GB,/,929GB,133GB,/,1.8GB,679
2022-09-27 18:52:20,b02ff2144fbc,hadoop-slave1.1.slzc5rgbb7ehb49aydq7bdnwo,832.12%,40.53,/,125.5GiB,32.31%,692GB,/,929GB,133GB,/,1.8GB,679
2022-09-27 18:52:21,b02ff2144fbc,hadoop-slave1.1.slzc5rgbb7ehb49aydq7bdnwo,832.12%,40.53,/,125.5GiB,32.31%,692GB,/,929GB,133GB,/,1.8GB,679
2022-9-27 18:52:22,b02ff2144fbc,hadoop-slave1.1.slzc5rgbb7ehb49aydq7bdnwo,850.07%,40.58,/,125.5GiB,32.33%,692GB,/,929GB,133GB,/,1.8GB,679
2022-09-27 18:52:23,b02ff2144fbc,hadoop-slave1.1.slzc5rgbb7ehb49aydq7bdnwo,598.14%,40.58,/,125.5GiB,32.34%,692GB,/,929GB,133GB,/,1.8GB,679
2022-9-27 18:52:24,b02ff2144fbc,hadoop-slave1.1.slzc5rgbb7ehb49aydq7bdnwo,346.21%,40.61,/,125.5GiB,32.36%,692GB,/,929GB,133GB,/,1.8GB,679
2022-09-27 18:52:25,b02ff2144fbc,hadoop-slave1.1.slzc5rgbb7ehb49aydq7bdnwo,465.62%,40.61,/,125.5GiB,32.39%,692GB,/,929GB,133GB,/,1.8GB,679
2022-9-27 18:52:26,b02ff2144fbc,hadoop-slave1.1.slzc5rgbb7ehb49aydq7bdnwo,585.02%,40.69,/,125.5GiB,32.42%,692GB,/,929GB,133GB,/,1.8GB,679
2022-09-27 18:52:27,b02ff2144fbc,hadoop-slave1.1.slzc5rgbb7ehb49aydq7bdnwo,668.98%,40.69,/,125.5GiB,32.45%,692GB,/,929GB,133GB,/,1.8GB,679
2022-9-27 18:52:28,b02ff2144fbc,hadoop-slave1.1.slzc5rgbb7ehb49aydq7bdnwo,752.94%,40.78,/,125.5GiB,32.49%,693GB,/,929GB,133GB,/,1.8GB,679
2022-09-27 18:52:29,b02ff2144fbc,hadoop-slave1.1.slzc5rgbb7ehb49aydq7bdnwo,555.61%,40.78,/,125.5GiB,32.5%,693GB,/,929GB,133GB,/,1.8GB,679
2022-9-27 18:52:30,b02ff2144fbc,hadoop-slave1.1.slzc5rgbb7ehb49aydq7bdnwo,358.28%,40.8,/,125.5GiB,32.51%,693GB,/,929GB,133GB,/,1.8GB,679
2022-09-27 18:52:31,b02ff2144fbc,hadoop-slave1.1.slzc5rgbb7ehb49aydq7bdnwo,376.94%,40.8,/,125.5GiB,32.53%,693GB,/,929GB,133GB,/,1.8GB,679
2022-9-27 18:52:32,b02ff2144fbc,hadoop-slave1.1.slzc5rgbb7ehb49aydq7bdnwo,395.60%,40.86,/,125.5GiB,32.56%,693GB,/,930GB,133GB,/,1.8GB,679
2022-09-27 18:52:33,b02ff2144fbc,hadoop-slave1.1.slzc5rgbb7ehb49aydq7bdnwo,362.86%,40.86,/,125.5GiB,32.59%,693GB,/,930GB,133GB,/,1.8GB,679
2022-9-27 18:52:34,b02ff2144fbc,hadoop-slave1.1.slzc5rgbb7ehb49aydq7bdnwo,330.11%,40.93,/,125.5GiB,32.62%,693GB,/,930GB,133GB,/,1.8GB,679
2022-09-27 18:52:35,b02ff2144fbc,hadoop-slave1.1.slzc5rgbb7ehb49aydq7bdnwo,398.42%,40.93,/,125.5GiB,32.66%,693GB,/,930GB,133GB,/,1.8GB,679
2022-9-27 18:52:36,b02ff2144fbc,hadoop-slave1.1.slzc5rgbb7ehb49aydq7bdnwo,466.73%,41.02,/,125.5GiB,32.69%,693GB,/,930GB,133GB,/,1.8GB,679
2022-09-27 18:52:37,b02ff2144fbc,hadoop-slave1.1.slzc5rgbb7ehb49aydq7bdnwo,532.67%,41.02,/,125.5GiB,32.72%,693GB,/,930GB,133GB,/,1.8GB,679
2022-9-27 18:52:38,b02ff2144fbc,hadoop-slave1.1.slzc5rgbb7ehb49aydq7bdnwo,598.62%,41.09,/,125.5GiB,32.74%,694GB,/,930GB,133GB,/,1.8GB,679
2022-09-27 18:52:39,b02ff2144fbc,hadoop-slave1.1.slzc5rgbb7ehb49aydq7bdnwo,589.32%,41.09,/,125.5GiB,32.76%,694GB,/,930GB,133GB,/,1.8GB,679
2022-9-27 18:52:40,b02ff2144fbc,hadoop-slave1.1.slzc5rgbb7ehb49aydq7bdnwo,580.01%,41.13,/,125.5GiB,32.77%,694GB,/,930GB,133GB,/,1.8GB,679
2022-09-27 18:52:41,b02ff2144fbc,hadoop-slave1.1.slzc5rgbb7ehb49aydq7bdnwo,497.59%,41.13,/,125.5GiB,32.71%,694GB,/,930GB,133GB,/,1.8GB,679
2022-9-27 18:52:42,b02ff2144fbc,hadoop-slave1.1.slzc5rgbb7ehb49aydq7bdnwo,415.16%,40.98,/,125.5GiB,32.65%,694GB,/,930GB,133GB,/,1.8GB,670
2022-09-27 18:52:43,b02ff2144fbc,hadoop-slave1.1.slzc5rgbb7ehb49aydq7bdnwo,421.92%,40.98,/,125.5GiB,32.67%,694GB,/,930GB,133GB,/,1.8GB,670
2022-9-27 18:52:44,b02ff2144fbc,hadoop-slave1.1.slzc5rgbb7ehb49aydq7bdnwo,428.68%,41.04,/,125.5GiB,32.70%,694GB,/,930GB,133GB,/,1.8GB,670
2022-09-27 18:52:45,b02ff2144fbc,hadoop-slave1.1.slzc5rgbb7ehb49aydq7bdnwo,483.14%,41.04,/,125.5GiB,32.72%,694GB,/,930GB,133GB,/,1.8GB,670
2022-9-27 18:52:46,b02ff2144fbc,hadoop-slave1.1.slzc5rgbb7ehb49aydq7bdnwo,537.61%,41.08,/,125.5GiB,32.73%,695GB,/,931GB,133GB,/,1.8GB,670
2022-09-27 18:52:47,b02ff2144fbc,hadoop-slave1.1.slzc5rgbb7ehb49aydq7bdnwo,417.83%,41.08,/,125.5GiB,32.76%,695GB,/,931GB,133GB,/,1.8GB,670
2022-9-27 18:52:48,b02ff2144fbc,hadoop-slave1.1.slzc5rgbb7ehb49aydq7bdnwo,298.04%,41.15,/,125.5GiB,32.79%,695GB,/,931GB,133GB,/,1.8GB,670
2022-09-27 18:52:49,b02ff2144fbc,hadoop-slave1.1.slzc5rgbb7ehb49aydq7bdnwo,332.83%,41.15,/,125.5GiB,32.82%,695GB,/,931GB,133GB,/,1.8GB,670
2022-9-27 18:52:50,b02ff2144fbc,hadoop-slave1.1.slzc5rgbb7ehb49aydq7bdnwo,367.61%,41.23,/,125.5GiB,32.85%,695GB,/,931GB,133GB,/,1.8GB,670
2022-09-27 18:52:51,b02ff2144fbc,hadoop-slave1.1.slzc5rgbb7ehb49aydq7bdnwo,376.1%,41.23,/,125.5GiB,32.87%,695GB,/,931GB,133GB,/,1.8GB,670
2022-9-27 18:52:52,b02ff2144fbc,hadoop-slave1.1.slzc5rgbb7ehb49aydq7bdnwo,384.58%,41.28,/,125.5GiB,32.89%,695GB,/,931GB,133GB,/,1.8GB,670
2022-09-27 18:52:53,b02ff2144fbc,hadoop-slave1.1.slzc5rgbb7ehb49aydq7bdnwo,419.0%,41.28,/,125.5GiB,32.88%,695GB,/,931GB,133GB,/,1.8GB,670
2022-9-27 18:52:54,b02ff2144fbc,hadoop-slave1.1.slzc5rgbb7ehb49aydq7bdnwo,453.41%,41.25,/,125.5GiB,32.87%,696GB,/,931GB,133GB,/,1.8GB,670
2022-09-27 18:52:55,b02ff2144fbc,hadoop-slave1.1.slzc5rgbb7ehb49aydq7bdnwo,401.98%,41.25,/,125.5GiB,32.86%,696GB,/,931GB,133GB,/,1.8GB,670
2022-9-27 18:52:56,b02ff2144fbc,hadoop-slave1.1.slzc5rgbb7ehb49aydq7bdnwo,350.54%,41.24,/,125.5GiB,32.86%,696GB,/,932GB,133GB,/,1.8GB,670
2022-09-27 18:52:57,b02ff2144fbc,hadoop-slave1.1.slzc5rgbb7ehb49aydq7bdnwo,252.12%,41.24,/,125.5GiB,32.88%,696GB,/,932GB,133GB,/,1.8GB,670
2022-9-27 18:52:58,b02ff2144fbc,hadoop-slave1.1.slzc5rgbb7ehb49aydq7bdnwo,153.70%,41.27,/,125.5GiB,32.89%,696GB,/,932GB,133GB,/,1.8GB,679
2022-09-27 18:52:59,b02ff2144fbc,hadoop-slave1.1.slzc5rgbb7ehb49aydq7bdnwo,181.44%,41.27,/,125.5GiB,32.91%,696GB,/,932GB,133GB,/,1.8GB,679
2022-9-27 18:53:00,b02ff2144fbc,hadoop-slave1.1.slzc5rgbb7ehb49aydq7bdnwo,209.18%,41.33,/,125.5GiB,32.94%,696GB,/,932GB,133GB,/,1.8GB,679
2022-09-27 18:53:01,b02ff2144fbc,hadoop-slave1.1.slzc5rgbb7ehb49aydq7bdnwo,238.95%,41.33,/,125.5GiB,32.93%,696GB,/,932GB,133GB,/,1.8GB,679
2022-9-27 18:53:02,b02ff2144fbc,hadoop-slave1.1.slzc5rgbb7ehb49aydq7bdnwo,268.72%,41.32,/,125.5GiB,32.92%,696GB,/,932GB,133GB,/,1.8GB,679
2022-09-27 18:53:03,b02ff2144fbc,hadoop-slave1.1.slzc5rgbb7ehb49aydq7bdnwo,343.37%,41.32,/,125.5GiB,32.91%,696GB,/,932GB,133GB,/,1.8GB,679
2022-9-27 18:53:04,b02ff2144fbc,hadoop-slave1.1.slzc5rgbb7ehb49aydq7bdnwo,418.02%,41.3,/,125.5GiB,32.91%,696GB,/,932GB,133GB,/,1.8GB,679
2022-09-27 18:53:05,b02ff2144fbc,hadoop-slave1.1.slzc5rgbb7ehb49aydq7bdnwo,355.14%,41.3,/,125.5GiB,32.93%,696GB,/,932GB,133GB,/,1.8GB,679
2022-9-27 18:53:06,b02ff2144fbc,hadoop-slave1.1.slzc5rgbb7ehb49aydq7bdnwo,292.26%,41.35,/,125.5GiB,32.95%,696GB,/,932GB,133GB,/,1.8GB,679
2022-09-27 18:53:07,b02ff2144fbc,hadoop-slave1.1.slzc5rgbb7ehb49aydq7bdnwo,337.48%,41.35,/,125.5GiB,32.93%,696GB,/,932GB,133GB,/,1.8GB,679
2022-9-27 18:53:08,b02ff2144fbc,hadoop-slave1.1.slzc5rgbb7ehb49aydq7bdnwo,382.69%,41.3,/,125.5GiB,32.91%,697GB,/,933GB,133GB,/,1.8GB,679
2022-09-27 18:53:09,b02ff2144fbc,hadoop-slave1.1.slzc5rgbb7ehb49aydq7bdnwo,482.03%,41.3,/,125.5GiB,32.88%,697GB,/,933GB,133GB,/,1.8GB,679
2022-9-27 18:53:10,b02ff2144fbc,hadoop-slave1.1.slzc5rgbb7ehb49aydq7bdnwo,581.38%,41.22,/,125.5GiB,32.85%,697GB,/,933GB,133GB,/,1.8GB,679
2022-09-27 18:53:11,b02ff2144fbc,hadoop-slave1.1.slzc5rgbb7ehb49aydq7bdnwo,826.17%,41.22,/,125.5GiB,32.84%,697GB,/,933GB,133GB,/,1.8GB,679
2022-9-27 18:53:12,b02ff2144fbc,hadoop-slave1.1.slzc5rgbb7ehb49aydq7bdnwo,1070.96%,41.21,/,125.5GiB,32.84%,697GB,/,933GB,133GB,/,1.8GB,679
2022-09-27 18:53:13,b02ff2144fbc,hadoop-slave1.1.slzc5rgbb7ehb49aydq7bdnwo,603.68%,41.21,/,125.5GiB,32.84%,697GB,/,933GB,133GB,/,1.8GB,679
2022-9-27 18:53:14,b02ff2144fbc,hadoop-slave1.1.slzc5rgbb7ehb49aydq7bdnwo,136.40%,41.23,/,125.5GiB,32.85%,697GB,/,933GB,133GB,/,1.8GB,679
2022-09-27 18:53:15,b02ff2144fbc,hadoop-slave1.1.slzc5rgbb7ehb49aydq7bdnwo,321.01%,41.23,/,125.5GiB,32.88%,697GB,/,933GB,133GB,/,1.8GB,679
2022-9-27 18:53:16,b02ff2144fbc,hadoop-slave1.1.slzc5rgbb7ehb49aydq7bdnwo,505.63%,41.3,/,125.5GiB,32.91%,697GB,/,933GB,133GB,/,1.8GB,679
2022-09-27 18:53:17,b02ff2144fbc,hadoop-slave1.1.slzc5rgbb7ehb49aydq7bdnwo,546.63%,41.3,/,125.5GiB,32.91%,697GB,/,933GB,133GB,/,1.8GB,679
2022-9-27 18:53:18,b02ff2144fbc,hadoop-slave1.1.slzc5rgbb7ehb49aydq7bdnwo,587.64%,41.3,/,125.5GiB,32.91%,697GB,/,933GB,133GB,/,1.8GB,679
2022-09-27 18:53:19,b02ff2144fbc,hadoop-slave1.1.slzc5rgbb7ehb49aydq7bdnwo,507.38%,41.3,/,125.5GiB,32.89%,697GB,/,933GB,133GB,/,1.8GB,679
2022-9-27 18:53:20,b02ff2144fbc,hadoop-slave1.1.slzc5rgbb7ehb49aydq7bdnwo,427.13%,41.26,/,125.5GiB,32.88%,697GB,/,933GB,133GB,/,1.8GB,679
2022-09-27 18:53:21,b02ff2144fbc,hadoop-slave1.1.slzc5rgbb7ehb49aydq7bdnwo,360.31%,41.26,/,125.5GiB,32.87%,697GB,/,933GB,133GB,/,1.8GB,679
2022-9-27 18:53:22,b02ff2144fbc,hadoop-slave1.1.slzc5rgbb7ehb49aydq7bdnwo,293.49%,41.23,/,125.5GiB,32.86%,697GB,/,933GB,133GB,/,1.8GB,679
2022-09-27 18:53:23,b02ff2144fbc,hadoop-slave1.1.slzc5rgbb7ehb49aydq7bdnwo,198.36%,41.23,/,125.5GiB,32.86%,697GB,/,933GB,133GB,/,1.8GB,679
2022-09-27 18:53:24,b02ff2144fbc,hadoop-slave1.1.slzc5rgbb7ehb49aydq7bdnwo,198.36%,41.23,/,125.5GiB,32.86%,697GB,/,933GB,133GB,/,1.8GB,679
2022-9-27 18:53:25,b02ff2144fbc,hadoop-slave1.1.slzc5rgbb7ehb49aydq7bdnwo,103.23%,41.23,/,125.5GiB,32.85%,697GB,/,933GB,133GB,/,1.8GB,679
2022-09-27 18:53:26,b02ff2144fbc,hadoop-slave1.1.slzc5rgbb7ehb49aydq7bdnwo,52.11%,41.23,/,125.5GiB,32.85%,697GB,/,933GB,133GB,/,1.8GB,679
2022-9-27 18:53:27,b02ff2144fbc,hadoop-slave1.1.slzc5rgbb7ehb49aydq7bdnwo,0.98%,41.23,/,125.5GiB,32.85%,697GB,/,933GB,133GB,/,1.8GB,679
2022-09-27 18:53:28,b02ff2144fbc,hadoop-slave1.1.slzc5rgbb7ehb49aydq7bdnwo,546.64%,41.23,/,125.5GiB,32.62%,697GB,/,933GB,133GB,/,1.8GB,679
2022-9-27 18:53:29,b02ff2144fbc,hadoop-slave1.1.slzc5rgbb7ehb49aydq7bdnwo,1092.30%,40.66,/,125.5GiB,32.40%,697GB,/,933GB,133GB,/,1.8GB,679
2022-09-27 18:53:30,b02ff2144fbc,hadoop-slave1.1.slzc5rgbb7ehb49aydq7bdnwo,851.99%,40.66,/,125.5GiB,30.8%,697GB,/,933GB,133GB,/,1.8GB,679
2022-9-27 18:53:31,b02ff2144fbc,hadoop-slave1.1.slzc5rgbb7ehb49aydq7bdnwo,611.68%,36.64,/,125.5GiB,29.20%,697GB,/,933GB,133GB,/,1.8GB,699
2022-09-27 18:53:32,b02ff2144fbc,hadoop-slave1.1.slzc5rgbb7ehb49aydq7bdnwo,369.48%,36.64,/,125.5GiB,20.84%,697GB,/,933GB,133GB,/,1.8GB,699
2022-9-27 18:53:33,b02ff2144fbc,hadoop-slave1.1.slzc5rgbb7ehb49aydq7bdnwo,127.28%,15.67,/,125.5GiB,12.49%,697GB,/,933GB,133GB,/,1.8GB,408
2022-09-27 18:53:34,b02ff2144fbc,hadoop-slave1.1.slzc5rgbb7ehb49aydq7bdnwo,64.12%,15.67,/,125.5GiB,12.49%,697GB,/,933GB,133GB,/,1.8GB,408
2022-9-27 18:53:35,b02ff2144fbc,hadoop-slave1.1.slzc5rgbb7ehb49aydq7bdnwo,0.97%,15.67,/,125.5GiB,12.49%,697GB,/,933GB,133GB,/,1.8GB,409
2022-09-27 18:53:36,b02ff2144fbc,hadoop-slave1.1.slzc5rgbb7ehb49aydq7bdnwo,0.88%,15.67,/,125.5GiB,12.49%,697GB,/,933GB,133GB,/,1.8GB,409
2022-9-27 18:53:37,b02ff2144fbc,hadoop-slave1.1.slzc5rgbb7ehb49aydq7bdnwo,0.78%,15.67,/,125.5GiB,12.49%,697GB,/,933GB,133GB,/,1.8GB,409
2022-09-27 18:53:38,b02ff2144fbc,hadoop-slave1.1.slzc5rgbb7ehb49aydq7bdnwo,0.77%,15.67,/,125.5GiB,12.49%,697GB,/,933GB,133GB,/,1.8GB,409
2022-9-27 18:53:39,b02ff2144fbc,hadoop-slave1.1.slzc5rgbb7ehb49aydq7bdnwo,0.76%,15.67,/,125.5GiB,12.49%,697GB,/,933GB,133GB,/,1.8GB,409
2022-09-27 18:53:40,b02ff2144fbc,hadoop-slave1.1.slzc5rgbb7ehb49aydq7bdnwo,0.78%,15.67,/,125.5GiB,12.49%,697GB,/,933GB,133GB,/,1.8GB,409
2022-9-27 18:53:41,b02ff2144fbc,hadoop-slave1.1.slzc5rgbb7ehb49aydq7bdnwo,0.79%,15.67,/,125.5GiB,12.49%,697GB,/,933GB,133GB,/,1.8GB,409
2022-09-27 18:53:42,b02ff2144fbc,hadoop-slave1.1.slzc5rgbb7ehb49aydq7bdnwo,0.8%,15.67,/,125.5GiB,12.49%,697GB,/,933GB,133GB,/,1.8GB,409
2022-9-27 18:53:43,b02ff2144fbc,hadoop-slave1.1.slzc5rgbb7ehb49aydq7bdnwo,0.80%,15.67,/,125.5GiB,12.49%,697GB,/,933GB,133GB,/,1.8GB,408
2022-09-27 18:53:44,b02ff2144fbc,hadoop-slave1.1.slzc5rgbb7ehb49aydq7bdnwo,0.77%,15.67,/,125.5GiB,12.49%,697GB,/,933GB,133GB,/,1.8GB,408
2022-9-27 18:53:45,b02ff2144fbc,hadoop-slave1.1.slzc5rgbb7ehb49aydq7bdnwo,0.74%,15.67,/,125.5GiB,12.49%,697GB,/,933GB,133GB,/,1.8GB,408
2022-09-27 18:53:46,b02ff2144fbc,hadoop-slave1.1.slzc5rgbb7ehb49aydq7bdnwo,0.78%,15.67,/,125.5GiB,12.49%,697GB,/,933GB,133GB,/,1.8GB,408
2022-9-27 18:53:47,b02ff2144fbc,hadoop-slave1.1.slzc5rgbb7ehb49aydq7bdnwo,0.82%,15.67,/,125.5GiB,12.49%,697GB,/,933GB,133GB,/,1.8GB,408
2022-09-27 18:53:48,b02ff2144fbc,hadoop-slave1.1.slzc5rgbb7ehb49aydq7bdnwo,0.78%,15.67,/,125.5GiB,12.49%,697GB,/,933GB,133GB,/,1.8GB,408
2022-9-27 18:53:49,b02ff2144fbc,hadoop-slave1.1.slzc5rgbb7ehb49aydq7bdnwo,0.74%,15.67,/,125.5GiB,12.49%,697GB,/,933GB,133GB,/,1.8GB,408
2022-09-27 18:53:50,b02ff2144fbc,hadoop-slave1.1.slzc5rgbb7ehb49aydq7bdnwo,0.77%,15.67,/,125.5GiB,12.49%,697GB,/,933GB,133GB,/,1.8GB,408
2022-9-27 18:53:51,b02ff2144fbc,hadoop-slave1.1.slzc5rgbb7ehb49aydq7bdnwo,0.79%,15.67,/,125.5GiB,12.49%,697GB,/,933GB,133GB,/,1.8GB,408
2022-09-27 18:53:52,b02ff2144fbc,hadoop-slave1.1.slzc5rgbb7ehb49aydq7bdnwo,0.79%,15.67,/,125.5GiB,12.49%,697GB,/,933GB,133GB,/,1.8GB,408
2022-9-27 18:53:53,b02ff2144fbc,hadoop-slave1.1.slzc5rgbb7ehb49aydq7bdnwo,0.79%,15.67,/,125.5GiB,12.49%,697GB,/,933GB,133GB,/,1.8GB,408
2022-09-27 18:53:54,b02ff2144fbc,hadoop-slave1.1.slzc5rgbb7ehb49aydq7bdnwo,0.81%,15.67,/,125.5GiB,12.49%,697GB,/,933GB,133GB,/,1.8GB,408
2022-9-27 18:53:55,b02ff2144fbc,hadoop-slave1.1.slzc5rgbb7ehb49aydq7bdnwo,0.83%,15.67,/,125.5GiB,12.49%,697GB,/,933GB,133GB,/,1.8GB,408
2022-09-27 18:53:56,b02ff2144fbc,hadoop-slave1.1.slzc5rgbb7ehb49aydq7bdnwo,0.78%,15.67,/,125.5GiB,12.49%,697GB,/,933GB,133GB,/,1.8GB,408
2022-9-27 18:53:57,b02ff2144fbc,hadoop-slave1.1.slzc5rgbb7ehb49aydq7bdnwo,0.74%,15.67,/,125.5GiB,12.49%,697GB,/,933GB,133GB,/,1.8GB,408
2022-09-27 18:53:58,b02ff2144fbc,hadoop-slave1.1.slzc5rgbb7ehb49aydq7bdnwo,0.76%,15.67,/,125.5GiB,12.49%,697GB,/,933GB,133GB,/,1.8GB,408
2022-9-27 18:53:59,b02ff2144fbc,hadoop-slave1.1.slzc5rgbb7ehb49aydq7bdnwo,0.77%,15.67,/,125.5GiB,12.49%,697GB,/,933GB,133GB,/,1.8GB,408
2022-09-27 18:54:00,b02ff2144fbc,hadoop-slave1.1.slzc5rgbb7ehb49aydq7bdnwo,0.82%,15.67,/,125.5GiB,12.49%,697GB,/,933GB,133GB,/,1.8GB,408
2022-9-27 18:54:01,b02ff2144fbc,hadoop-slave1.1.slzc5rgbb7ehb49aydq7bdnwo,0.87%,15.67,/,125.5GiB,12.49%,697GB,/,933GB,133GB,/,1.8GB,408
2022-09-27 18:54:02,b02ff2144fbc,hadoop-slave1.1.slzc5rgbb7ehb49aydq7bdnwo,0.82%,15.67,/,125.5GiB,12.49%,697GB,/,933GB,133GB,/,1.8GB,408
2022-9-27 18:54:03,b02ff2144fbc,hadoop-slave1.1.slzc5rgbb7ehb49aydq7bdnwo,0.77%,15.67,/,125.5GiB,12.49%,697GB,/,933GB,133GB,/,1.8GB,408
2022-09-27 18:54:04,b02ff2144fbc,hadoop-slave1.1.slzc5rgbb7ehb49aydq7bdnwo,0.75%,15.67,/,125.5GiB,12.49%,697GB,/,933GB,133GB,/,1.8GB,408
2022-9-27 18:54:05,b02ff2144fbc,hadoop-slave1.1.slzc5rgbb7ehb49aydq7bdnwo,0.73%,15.67,/,125.5GiB,12.49%,697GB,/,933GB,133GB,/,1.8GB,408
2022-09-27 18:54:06,b02ff2144fbc,hadoop-slave1.1.slzc5rgbb7ehb49aydq7bdnwo,0.78%,15.67,/,125.5GiB,12.49%,697GB,/,933GB,133GB,/,1.8GB,408
2022-9-27 18:54:07,b02ff2144fbc,hadoop-slave1.1.slzc5rgbb7ehb49aydq7bdnwo,0.84%,15.67,/,125.5GiB,12.49%,697GB,/,933GB,133GB,/,1.8GB,408
2022-09-27 18:54:08,b02ff2144fbc,hadoop-slave1.1.slzc5rgbb7ehb49aydq7bdnwo,0.79%,15.67,/,125.5GiB,12.49%,697GB,/,933GB,133GB,/,1.8GB,408
2022-9-27 18:54:09,b02ff2144fbc,hadoop-slave1.1.slzc5rgbb7ehb49aydq7bdnwo,0.75%,15.67,/,125.5GiB,12.49%,697GB,/,933GB,133GB,/,1.8GB,408
2022-09-27 18:54:10,b02ff2144fbc,hadoop-slave1.1.slzc5rgbb7ehb49aydq7bdnwo,0.77%,15.67,/,125.5GiB,12.49%,697GB,/,933GB,133GB,/,1.8GB,408
2022-9-27 18:54:11,b02ff2144fbc,hadoop-slave1.1.slzc5rgbb7ehb49aydq7bdnwo,0.79%,15.67,/,125.5GiB,12.49%,697GB,/,933GB,133GB,/,1.8GB,408
2022-09-27 18:54:12,b02ff2144fbc,hadoop-slave1.1.slzc5rgbb7ehb49aydq7bdnwo,0.8%,15.67,/,125.5GiB,12.49%,697GB,/,933GB,133GB,/,1.8GB,408
2022-9-27 18:54:13,b02ff2144fbc,hadoop-slave1.1.slzc5rgbb7ehb49aydq7bdnwo,0.81%,15.67,/,125.5GiB,12.49%,697GB,/,933GB,133GB,/,1.8GB,408
2022-09-27 18:54:14,b02ff2144fbc,hadoop-slave1.1.slzc5rgbb7ehb49aydq7bdnwo,0.77%,15.67,/,125.5GiB,12.49%,697GB,/,933GB,133GB,/,1.8GB,408
2022-9-27 18:54:15,b02ff2144fbc,hadoop-slave1.1.slzc5rgbb7ehb49aydq7bdnwo,0.73%,15.67,/,125.5GiB,12.49%,697GB,/,933GB,133GB,/,1.8GB,408
2022-09-27 18:54:16,b02ff2144fbc,hadoop-slave1.1.slzc5rgbb7ehb49aydq7bdnwo,0.77%,15.67,/,125.5GiB,12.49%,697GB,/,933GB,133GB,/,1.8GB,408
2022-9-27 18:54:17,b02ff2144fbc,hadoop-slave1.1.slzc5rgbb7ehb49aydq7bdnwo,0.80%,15.67,/,125.5GiB,12.49%,697GB,/,933GB,133GB,/,1.8GB,408
2022-09-27 18:54:18,b02ff2144fbc,hadoop-slave1.1.slzc5rgbb7ehb49aydq7bdnwo,0.81%,15.67,/,125.5GiB,12.49%,697GB,/,933GB,133GB,/,1.8GB,408
2022-9-27 18:54:19,b02ff2144fbc,hadoop-slave1.1.slzc5rgbb7ehb49aydq7bdnwo,0.81%,15.67,/,125.5GiB,12.49%,697GB,/,933GB,133GB,/,1.8GB,408
2022-09-27 18:54:20,b02ff2144fbc,hadoop-slave1.1.slzc5rgbb7ehb49aydq7bdnwo,1.08%,15.67,/,125.5GiB,12.49%,697GB,/,933GB,133GB,/,1.8GB,408
2022-9-27 18:54:21,b02ff2144fbc,hadoop-slave1.1.slzc5rgbb7ehb49aydq7bdnwo,1.35%,15.67,/,125.5GiB,12.49%,697GB,/,933GB,133GB,/,1.8GB,408
2022-09-27 18:54:22,b02ff2144fbc,hadoop-slave1.1.slzc5rgbb7ehb49aydq7bdnwo,1.06%,15.67,/,125.5GiB,12.49%,697GB,/,933GB,133GB,/,1.8GB,408
2022-9-27 18:54:23,b02ff2144fbc,hadoop-slave1.1.slzc5rgbb7ehb49aydq7bdnwo,0.76%,15.67,/,125.5GiB,12.49%,697GB,/,933GB,133GB,/,1.8GB,408
2022-09-27 18:54:24,b02ff2144fbc,hadoop-slave1.1.slzc5rgbb7ehb49aydq7bdnwo,0.79%,15.67,/,125.5GiB,12.49%,697GB,/,933GB,133GB,/,1.8GB,408
2022-9-27 18:54:25,b02ff2144fbc,hadoop-slave1.1.slzc5rgbb7ehb49aydq7bdnwo,0.82%,15.67,/,125.5GiB,12.49%,697GB,/,933GB,133GB,/,1.8GB,408
2022-09-27 18:54:26,b02ff2144fbc,hadoop-slave1.1.slzc5rgbb7ehb49aydq7bdnwo,0.78%,15.67,/,125.5GiB,12.49%,697GB,/,933GB,133GB,/,1.8GB,408
2022-09-27 18:54:27,b02ff2144fbc,hadoop-slave1.1.slzc5rgbb7ehb49aydq7bdnwo,0.78%,15.67,/,125.5GiB,12.49%,697GB,/,933GB,133GB,/,1.8GB,408
2022-9-27 18:54:28,b02ff2144fbc,hadoop-slave1.1.slzc5rgbb7ehb49aydq7bdnwo,0.74%,15.67,/,125.5GiB,12.49%,697GB,/,933GB,133GB,/,1.8GB,408
2022-09-27 18:54:29,b02ff2144fbc,hadoop-slave1.1.slzc5rgbb7ehb49aydq7bdnwo,0.74%,15.67,/,125.5GiB,12.49%,697GB,/,933GB,133GB,/,1.8GB,408
2022-9-27 18:54:30,b02ff2144fbc,hadoop-slave1.1.slzc5rgbb7ehb49aydq7bdnwo,0.75%,15.67,/,125.5GiB,12.49%,697GB,/,933GB,133GB,/,1.8GB,408
2022-09-27 18:54:31,b02ff2144fbc,hadoop-slave1.1.slzc5rgbb7ehb49aydq7bdnwo,0.82%,15.67,/,125.5GiB,12.49%,697GB,/,933GB,133GB,/,1.8GB,408
2022-9-27 18:54:32,b02ff2144fbc,hadoop-slave1.1.slzc5rgbb7ehb49aydq7bdnwo,0.89%,15.67,/,125.5GiB,12.49%,697GB,/,933GB,133GB,/,1.8GB,408
2022-09-27 18:54:33,b02ff2144fbc,hadoop-slave1.1.slzc5rgbb7ehb49aydq7bdnwo,0.89%,15.67,/,125.5GiB,12.49%,697GB,/,933GB,133GB,/,1.8GB,408
2022-9-27 18:54:34,b02ff2144fbc,hadoop-slave1.1.slzc5rgbb7ehb49aydq7bdnwo,0.88%,15.67,/,125.5GiB,12.49%,697GB,/,933GB,133GB,/,1.8GB,400
2022-09-27 18:54:35,b02ff2144fbc,hadoop-slave1.1.slzc5rgbb7ehb49aydq7bdnwo,0.81%,15.67,/,125.5GiB,12.49%,697GB,/,933GB,133GB,/,1.8GB,400
2022-9-27 18:54:36,b02ff2144fbc,hadoop-slave1.1.slzc5rgbb7ehb49aydq7bdnwo,0.75%,15.67,/,125.5GiB,12.49%,697GB,/,933GB,133GB,/,1.8GB,399
2022-09-27 18:54:37,b02ff2144fbc,hadoop-slave1.1.slzc5rgbb7ehb49aydq7bdnwo,0.78%,15.67,/,125.5GiB,12.49%,697GB,/,933GB,133GB,/,1.8GB,399
2022-9-27 18:54:38,b02ff2144fbc,hadoop-slave1.1.slzc5rgbb7ehb49aydq7bdnwo,0.80%,15.67,/,125.5GiB,12.49%,697GB,/,933GB,133GB,/,1.8GB,399
2022-09-27 18:54:39,b02ff2144fbc,hadoop-slave1.1.slzc5rgbb7ehb49aydq7bdnwo,0.77%,15.67,/,125.5GiB,12.49%,697GB,/,933GB,133GB,/,1.8GB,399
2022-9-27 18:54:40,b02ff2144fbc,hadoop-slave1.1.slzc5rgbb7ehb49aydq7bdnwo,0.73%,15.67,/,125.5GiB,12.49%,697GB,/,933GB,133GB,/,1.8GB,399
2022-09-27 18:54:41,b02ff2144fbc,hadoop-slave1.1.slzc5rgbb7ehb49aydq7bdnwo,0.76%,15.67,/,125.5GiB,12.49%,697GB,/,933GB,133GB,/,1.8GB,399
2022-9-27 18:54:42,b02ff2144fbc,hadoop-slave1.1.slzc5rgbb7ehb49aydq7bdnwo,0.78%,15.67,/,125.5GiB,12.49%,697GB,/,933GB,133GB,/,1.8GB,399
2022-09-27 18:54:43,b02ff2144fbc,hadoop-slave1.1.slzc5rgbb7ehb49aydq7bdnwo,0.79%,15.67,/,125.5GiB,12.49%,697GB,/,933GB,133GB,/,1.8GB,399
2022-9-27 18:54:44,b02ff2144fbc,hadoop-slave1.1.slzc5rgbb7ehb49aydq7bdnwo,0.79%,15.67,/,125.5GiB,12.49%,697GB,/,933GB,133GB,/,1.8GB,399
2022-09-27 18:54:45,b02ff2144fbc,hadoop-slave1.1.slzc5rgbb7ehb49aydq7bdnwo,0.77%,15.67,/,125.5GiB,12.49%,697GB,/,933GB,133GB,/,1.8GB,399
2022-9-27 18:54:46,b02ff2144fbc,hadoop-slave1.1.slzc5rgbb7ehb49aydq7bdnwo,0.75%,15.67,/,125.5GiB,12.49%,697GB,/,933GB,133GB,/,1.8GB,399
2022-09-27 18:54:47,b02ff2144fbc,hadoop-slave1.1.slzc5rgbb7ehb49aydq7bdnwo,0.74%,15.67,/,125.5GiB,12.49%,697GB,/,933GB,133GB,/,1.8GB,399
2022-9-27 18:54:48,b02ff2144fbc,hadoop-slave1.1.slzc5rgbb7ehb49aydq7bdnwo,0.73%,15.67,/,125.5GiB,12.49%,697GB,/,933GB,133GB,/,1.8GB,399
2022-09-27 18:54:49,b02ff2144fbc,hadoop-slave1.1.slzc5rgbb7ehb49aydq7bdnwo,0.77%,15.67,/,125.5GiB,12.49%,697GB,/,933GB,133GB,/,1.8GB,399
2022-9-27 18:54:50,b02ff2144fbc,hadoop-slave1.1.slzc5rgbb7ehb49aydq7bdnwo,0.80%,15.67,/,125.5GiB,12.49%,697GB,/,933GB,133GB,/,1.8GB,399
2022-09-27 18:54:51,b02ff2144fbc,hadoop-slave1.1.slzc5rgbb7ehb49aydq7bdnwo,0.79%,15.67,/,125.5GiB,12.49%,697GB,/,933GB,133GB,/,1.8GB,399
2022-9-27 18:54:52,b02ff2144fbc,hadoop-slave1.1.slzc5rgbb7ehb49aydq7bdnwo,0.78%,15.67,/,125.5GiB,12.49%,697GB,/,933GB,133GB,/,1.8GB,399
2022-09-27 18:54:53,b02ff2144fbc,hadoop-slave1.1.slzc5rgbb7ehb49aydq7bdnwo,0.76%,15.67,/,125.5GiB,12.49%,697GB,/,933GB,133GB,/,1.8GB,399
2022-9-27 18:54:54,b02ff2144fbc,hadoop-slave1.1.slzc5rgbb7ehb49aydq7bdnwo,0.74%,15.67,/,125.5GiB,12.49%,697GB,/,933GB,133GB,/,1.8GB,399
2022-09-27 18:54:55,b02ff2144fbc,hadoop-slave1.1.slzc5rgbb7ehb49aydq7bdnwo,0.76%,15.67,/,125.5GiB,12.49%,697GB,/,933GB,133GB,/,1.8GB,399
2022-9-27 18:54:56,b02ff2144fbc,hadoop-slave1.1.slzc5rgbb7ehb49aydq7bdnwo,0.78%,15.67,/,125.5GiB,12.49%,697GB,/,933GB,133GB,/,1.8GB,399
2022-09-27 18:54:57,b02ff2144fbc,hadoop-slave1.1.slzc5rgbb7ehb49aydq7bdnwo,0.8%,15.67,/,125.5GiB,12.47%,697GB,/,933GB,133GB,/,1.8GB,399
2022-9-27 18:54:58,b02ff2144fbc,hadoop-slave1.1.slzc5rgbb7ehb49aydq7bdnwo,0.82%,15.63,/,125.5GiB,12.45%,697GB,/,933GB,133GB,/,1.8GB,399
2022-09-27 18:54:59,b02ff2144fbc,hadoop-slave1.1.slzc5rgbb7ehb49aydq7bdnwo,0.8%,15.63,/,125.5GiB,12.45%,697GB,/,933GB,133GB,/,1.8GB,399
2022-9-27 18:55:00,b02ff2144fbc,hadoop-slave1.1.slzc5rgbb7ehb49aydq7bdnwo,0.78%,15.63,/,125.5GiB,12.45%,697GB,/,933GB,133GB,/,1.8GB,399
2022-09-27 18:55:01,b02ff2144fbc,hadoop-slave1.1.slzc5rgbb7ehb49aydq7bdnwo,0.79%,15.63,/,125.5GiB,12.45%,697GB,/,933GB,133GB,/,1.8GB,399
2022-9-27 18:55:02,b02ff2144fbc,hadoop-slave1.1.slzc5rgbb7ehb49aydq7bdnwo,0.79%,15.63,/,125.5GiB,12.45%,697GB,/,933GB,133GB,/,1.8GB,399
2022-09-27 18:55:03,b02ff2144fbc,hadoop-slave1.1.slzc5rgbb7ehb49aydq7bdnwo,0.79%,15.63,/,125.5GiB,12.45%,697GB,/,933GB,133GB,/,1.8GB,399
2022-9-27 18:55:04,b02ff2144fbc,hadoop-slave1.1.slzc5rgbb7ehb49aydq7bdnwo,0.79%,15.63,/,125.5GiB,12.45%,697GB,/,933GB,133GB,/,1.8GB,399
2022-09-27 18:55:05,b02ff2144fbc,hadoop-slave1.1.slzc5rgbb7ehb49aydq7bdnwo,0.79%,15.63,/,125.5GiB,12.45%,697GB,/,933GB,133GB,/,1.8GB,399
2022-9-27 18:55:06,b02ff2144fbc,hadoop-slave1.1.slzc5rgbb7ehb49aydq7bdnwo,0.78%,15.63,/,125.5GiB,12.45%,697GB,/,933GB,133GB,/,1.8GB,399
2022-09-27 18:55:07,b02ff2144fbc,hadoop-slave1.1.slzc5rgbb7ehb49aydq7bdnwo,0.77%,15.63,/,125.5GiB,12.45%,697GB,/,933GB,133GB,/,1.8GB,399
2022-9-27 18:55:08,b02ff2144fbc,hadoop-slave1.1.slzc5rgbb7ehb49aydq7bdnwo,0.76%,15.63,/,125.5GiB,12.45%,697GB,/,933GB,133GB,/,1.8GB,399
2022-09-27 18:55:09,b02ff2144fbc,hadoop-slave1.1.slzc5rgbb7ehb49aydq7bdnwo,0.79%,15.63,/,125.5GiB,12.45%,697GB,/,933GB,133GB,/,1.8GB,399
2022-9-27 18:55:10,b02ff2144fbc,hadoop-slave1.1.slzc5rgbb7ehb49aydq7bdnwo,0.83%,15.63,/,125.5GiB,12.45%,697GB,/,933GB,133GB,/,1.8GB,399
2022-09-27 18:55:11,b02ff2144fbc,hadoop-slave1.1.slzc5rgbb7ehb49aydq7bdnwo,0.78%,15.63,/,125.5GiB,12.45%,697GB,/,933GB,133GB,/,1.8GB,399
2022-9-27 18:55:12,b02ff2144fbc,hadoop-slave1.1.slzc5rgbb7ehb49aydq7bdnwo,0.73%,15.63,/,125.5GiB,12.45%,697GB,/,933GB,133GB,/,1.8GB,399
2022-09-27 18:55:13,b02ff2144fbc,hadoop-slave1.1.slzc5rgbb7ehb49aydq7bdnwo,0.76%,15.63,/,125.5GiB,12.45%,697GB,/,933GB,133GB,/,1.8GB,399
2022-9-27 18:55:14,b02ff2144fbc,hadoop-slave1.1.slzc5rgbb7ehb49aydq7bdnwo,0.78%,15.63,/,125.5GiB,12.45%,697GB,/,933GB,133GB,/,1.8GB,399
2022-09-27 18:55:15,b02ff2144fbc,hadoop-slave1.1.slzc5rgbb7ehb49aydq7bdnwo,0.8%,15.63,/,125.5GiB,12.45%,697GB,/,933GB,133GB,/,1.8GB,399
2022-9-27 18:55:16,b02ff2144fbc,hadoop-slave1.1.slzc5rgbb7ehb49aydq7bdnwo,0.82%,15.63,/,125.5GiB,12.45%,697GB,/,933GB,133GB,/,1.8GB,399
2022-09-27 18:55:17,b02ff2144fbc,hadoop-slave1.1.slzc5rgbb7ehb49aydq7bdnwo,0.77%,15.63,/,125.5GiB,12.45%,697GB,/,933GB,133GB,/,1.8GB,399
2022-9-27 18:55:18,b02ff2144fbc,hadoop-slave1.1.slzc5rgbb7ehb49aydq7bdnwo,0.72%,15.63,/,125.5GiB,12.45%,697GB,/,933GB,133GB,/,1.8GB,399
2022-09-27 18:55:19,b02ff2144fbc,hadoop-slave1.1.slzc5rgbb7ehb49aydq7bdnwo,0.74%,15.63,/,125.5GiB,12.45%,697GB,/,933GB,133GB,/,1.8GB,399
2022-9-27 18:55:20,b02ff2144fbc,hadoop-slave1.1.slzc5rgbb7ehb49aydq7bdnwo,0.76%,15.63,/,125.5GiB,12.45%,697GB,/,933GB,133GB,/,1.8GB,399
2022-09-27 18:55:21,b02ff2144fbc,hadoop-slave1.1.slzc5rgbb7ehb49aydq7bdnwo,0.77%,15.63,/,125.5GiB,12.45%,697GB,/,933GB,133GB,/,1.8GB,399
2022-9-27 18:55:22,b02ff2144fbc,hadoop-slave1.1.slzc5rgbb7ehb49aydq7bdnwo,0.78%,15.63,/,125.5GiB,12.45%,697GB,/,933GB,133GB,/,1.8GB,399
2022-09-27 18:55:23,b02ff2144fbc,hadoop-slave1.1.slzc5rgbb7ehb49aydq7bdnwo,0.77%,15.63,/,125.5GiB,12.45%,697GB,/,933GB,133GB,/,1.8GB,399
2022-9-27 18:55:24,b02ff2144fbc,hadoop-slave1.1.slzc5rgbb7ehb49aydq7bdnwo,0.75%,15.63,/,125.5GiB,12.45%,697GB,/,933GB,133GB,/,1.8GB,399
2022-09-27 18:55:25,b02ff2144fbc,hadoop-slave1.1.slzc5rgbb7ehb49aydq7bdnwo,0.76%,15.63,/,125.5GiB,12.45%,697GB,/,933GB,133GB,/,1.8GB,399
2022-9-27 18:55:26,b02ff2144fbc,hadoop-slave1.1.slzc5rgbb7ehb49aydq7bdnwo,0.76%,15.63,/,125.5GiB,12.45%,697GB,/,933GB,133GB,/,1.8GB,399
2022-09-27 18:55:27,b02ff2144fbc,hadoop-slave1.1.slzc5rgbb7ehb49aydq7bdnwo,0.78%,15.63,/,125.5GiB,12.45%,697GB,/,933GB,133GB,/,1.8GB,399
2022-9-27 18:55:28,b02ff2144fbc,hadoop-slave1.1.slzc5rgbb7ehb49aydq7bdnwo,0.80%,15.63,/,125.5GiB,12.45%,697GB,/,933GB,133GB,/,1.8GB,399
2022-09-27 18:55:29,b02ff2144fbc,hadoop-slave1.1.slzc5rgbb7ehb49aydq7bdnwo,0.8%,15.63,/,125.5GiB,12.45%,697GB,/,933GB,133GB,/,1.8GB,399
2022-09-27 18:55:30,b02ff2144fbc,hadoop-slave1.1.slzc5rgbb7ehb49aydq7bdnwo,0.8%,15.63,/,125.5GiB,12.45%,697GB,/,933GB,133GB,/,1.8GB,399
2022-9-27 18:55:31,b02ff2144fbc,hadoop-slave1.1.slzc5rgbb7ehb49aydq7bdnwo,0.79%,15.63,/,125.5GiB,12.45%,697GB,/,933GB,133GB,/,1.8GB,399
2022-09-27 18:55:32,b02ff2144fbc,hadoop-slave1.1.slzc5rgbb7ehb49aydq7bdnwo,0.77%,15.63,/,125.5GiB,12.45%,697GB,/,933GB,133GB,/,1.8GB,399
2022-9-27 18:55:33,b02ff2144fbc,hadoop-slave1.1.slzc5rgbb7ehb49aydq7bdnwo,0.75%,15.63,/,125.5GiB,12.45%,697GB,/,933GB,133GB,/,1.8GB,399
2022-09-27 18:55:34,b02ff2144fbc,hadoop-slave1.1.slzc5rgbb7ehb49aydq7bdnwo,0.78%,15.63,/,125.5GiB,12.45%,697GB,/,933GB,133GB,/,1.8GB,399
2022-9-27 18:55:35,b02ff2144fbc,hadoop-slave1.1.slzc5rgbb7ehb49aydq7bdnwo,0.80%,15.63,/,125.5GiB,12.45%,697GB,/,933GB,133GB,/,1.8GB,399
2022-09-27 18:55:36,b02ff2144fbc,hadoop-slave1.1.slzc5rgbb7ehb49aydq7bdnwo,0.82%,15.63,/,125.5GiB,12.45%,697GB,/,933GB,133GB,/,1.8GB,399
2022-9-27 18:55:37,b02ff2144fbc,hadoop-slave1.1.slzc5rgbb7ehb49aydq7bdnwo,0.85%,15.63,/,125.5GiB,12.45%,697GB,/,933GB,133GB,/,1.8GB,399
2022-09-27 18:55:38,b02ff2144fbc,hadoop-slave1.1.slzc5rgbb7ehb49aydq7bdnwo,0.8%,15.63,/,125.5GiB,12.45%,697GB,/,933GB,133GB,/,1.8GB,399
2022-9-27 18:55:39,b02ff2144fbc,hadoop-slave1.1.slzc5rgbb7ehb49aydq7bdnwo,0.75%,15.63,/,125.5GiB,12.45%,697GB,/,933GB,133GB,/,1.8GB,399
2022-09-27 18:55:40,b02ff2144fbc,hadoop-slave1.1.slzc5rgbb7ehb49aydq7bdnwo,0.78%,15.63,/,125.5GiB,12.45%,697GB,/,933GB,133GB,/,1.8GB,399
2022-9-27 18:55:41,b02ff2144fbc,hadoop-slave1.1.slzc5rgbb7ehb49aydq7bdnwo,0.81%,15.63,/,125.5GiB,12.45%,697GB,/,933GB,133GB,/,1.8GB,399
2022-09-27 18:55:42,b02ff2144fbc,hadoop-slave1.1.slzc5rgbb7ehb49aydq7bdnwo,0.78%,15.63,/,125.5GiB,12.45%,697GB,/,933GB,133GB,/,1.8GB,399
2022-9-27 18:55:43,b02ff2144fbc,hadoop-slave1.1.slzc5rgbb7ehb49aydq7bdnwo,0.74%,15.63,/,125.5GiB,12.45%,697GB,/,933GB,133GB,/,1.8GB,399
2022-09-27 18:55:44,b02ff2144fbc,hadoop-slave1.1.slzc5rgbb7ehb49aydq7bdnwo,0.74%,15.63,/,125.5GiB,12.45%,697GB,/,933GB,133GB,/,1.8GB,399
2022-9-27 18:55:45,b02ff2144fbc,hadoop-slave1.1.slzc5rgbb7ehb49aydq7bdnwo,0.75%,15.63,/,125.5GiB,12.45%,697GB,/,933GB,133GB,/,1.8GB,399
2022-09-27 18:55:46,b02ff2144fbc,hadoop-slave1.1.slzc5rgbb7ehb49aydq7bdnwo,0.81%,15.63,/,125.5GiB,12.45%,697GB,/,933GB,133GB,/,1.8GB,399
2022-9-27 18:55:47,b02ff2144fbc,hadoop-slave1.1.slzc5rgbb7ehb49aydq7bdnwo,0.88%,15.63,/,125.5GiB,12.45%,697GB,/,933GB,133GB,/,1.8GB,399
2022-09-27 18:55:48,b02ff2144fbc,hadoop-slave1.1.slzc5rgbb7ehb49aydq7bdnwo,0.81%,15.63,/,125.5GiB,12.45%,697GB,/,933GB,133GB,/,1.8GB,399
2022-9-27 18:55:49,b02ff2144fbc,hadoop-slave1.1.slzc5rgbb7ehb49aydq7bdnwo,0.75%,15.63,/,125.5GiB,12.45%,697GB,/,933GB,133GB,/,1.8GB,399
2022-09-27 18:55:50,b02ff2144fbc,hadoop-slave1.1.slzc5rgbb7ehb49aydq7bdnwo,0.77%,15.63,/,125.5GiB,12.45%,697GB,/,933GB,133GB,/,1.8GB,399
2022-9-27 18:55:51,b02ff2144fbc,hadoop-slave1.1.slzc5rgbb7ehb49aydq7bdnwo,0.79%,15.63,/,125.5GiB,12.45%,697GB,/,933GB,133GB,/,1.8GB,399
2022-09-27 18:55:52,b02ff2144fbc,hadoop-slave1.1.slzc5rgbb7ehb49aydq7bdnwo,0.8%,15.63,/,125.5GiB,12.45%,697GB,/,933GB,133GB,/,1.8GB,399
2022-9-27 18:55:53,b02ff2144fbc,hadoop-slave1.1.slzc5rgbb7ehb49aydq7bdnwo,0.80%,15.63,/,125.5GiB,12.45%,697GB,/,933GB,133GB,/,1.8GB,399
2022-09-27 18:55:54,b02ff2144fbc,hadoop-slave1.1.slzc5rgbb7ehb49aydq7bdnwo,0.77%,15.63,/,125.5GiB,12.45%,697GB,/,933GB,133GB,/,1.8GB,399
2022-9-27 18:55:55,b02ff2144fbc,hadoop-slave1.1.slzc5rgbb7ehb49aydq7bdnwo,0.73%,15.63,/,125.5GiB,12.45%,697GB,/,933GB,133GB,/,1.8GB,399
2022-09-27 18:55:56,b02ff2144fbc,hadoop-slave1.1.slzc5rgbb7ehb49aydq7bdnwo,0.75%,15.63,/,125.5GiB,12.45%,697GB,/,933GB,133GB,/,1.8GB,399
2022-9-27 18:55:57,b02ff2144fbc,hadoop-slave1.1.slzc5rgbb7ehb49aydq7bdnwo,0.77%,15.63,/,125.5GiB,12.45%,697GB,/,933GB,133GB,/,1.8GB,399
2022-09-27 18:55:58,b02ff2144fbc,hadoop-slave1.1.slzc5rgbb7ehb49aydq7bdnwo,0.79%,15.63,/,125.5GiB,12.45%,697GB,/,933GB,133GB,/,1.8GB,399
2022-9-27 18:55:59,b02ff2144fbc,hadoop-slave1.1.slzc5rgbb7ehb49aydq7bdnwo,0.82%,15.63,/,125.5GiB,12.45%,697GB,/,933GB,133GB,/,1.8GB,399
2022-09-27 18:56:00,b02ff2144fbc,hadoop-slave1.1.slzc5rgbb7ehb49aydq7bdnwo,0.83%,15.63,/,125.5GiB,12.45%,697GB,/,933GB,133GB,/,1.8GB,399
2022-9-27 18:56:01,b02ff2144fbc,hadoop-slave1.1.slzc5rgbb7ehb49aydq7bdnwo,0.85%,15.63,/,125.5GiB,12.45%,697GB,/,933GB,133GB,/,1.8GB,399
2022-09-27 18:56:02,b02ff2144fbc,hadoop-slave1.1.slzc5rgbb7ehb49aydq7bdnwo,0.79%,15.63,/,125.5GiB,12.45%,697GB,/,933GB,133GB,/,1.8GB,399
2022-9-27 18:56:03,b02ff2144fbc,hadoop-slave1.1.slzc5rgbb7ehb49aydq7bdnwo,0.74%,15.63,/,125.5GiB,12.45%,697GB,/,933GB,133GB,/,1.8GB,399
2022-09-27 18:56:04,b02ff2144fbc,hadoop-slave1.1.slzc5rgbb7ehb49aydq7bdnwo,0.74%,15.63,/,125.5GiB,12.45%,697GB,/,933GB,133GB,/,1.8GB,399
2022-9-27 18:56:05,b02ff2144fbc,hadoop-slave1.1.slzc5rgbb7ehb49aydq7bdnwo,0.74%,15.63,/,125.5GiB,12.45%,697GB,/,933GB,133GB,/,1.8GB,399
2022-09-27 18:56:06,b02ff2144fbc,hadoop-slave1.1.slzc5rgbb7ehb49aydq7bdnwo,0.79%,15.63,/,125.5GiB,12.45%,697GB,/,933GB,133GB,/,1.8GB,399
2022-9-27 18:56:07,b02ff2144fbc,hadoop-slave1.1.slzc5rgbb7ehb49aydq7bdnwo,0.85%,15.63,/,125.5GiB,12.45%,697GB,/,933GB,133GB,/,1.8GB,399
2022-09-27 18:56:08,b02ff2144fbc,hadoop-slave1.1.slzc5rgbb7ehb49aydq7bdnwo,0.8%,15.63,/,125.5GiB,12.45%,697GB,/,933GB,133GB,/,1.8GB,399
2022-9-27 18:56:09,b02ff2144fbc,hadoop-slave1.1.slzc5rgbb7ehb49aydq7bdnwo,0.76%,15.63,/,125.5GiB,12.45%,697GB,/,933GB,133GB,/,1.8GB,399
2022-09-27 18:56:10,b02ff2144fbc,hadoop-slave1.1.slzc5rgbb7ehb49aydq7bdnwo,0.79%,15.63,/,125.5GiB,12.45%,697GB,/,933GB,133GB,/,1.8GB,399
2022-9-27 18:56:11,b02ff2144fbc,hadoop-slave1.1.slzc5rgbb7ehb49aydq7bdnwo,0.81%,15.63,/,125.5GiB,12.45%,697GB,/,933GB,133GB,/,1.8GB,399
2022-09-27 18:56:12,b02ff2144fbc,hadoop-slave1.1.slzc5rgbb7ehb49aydq7bdnwo,0.8%,15.63,/,125.5GiB,12.45%,697GB,/,933GB,133GB,/,1.8GB,399
2022-9-27 18:56:13,b02ff2144fbc,hadoop-slave1.1.slzc5rgbb7ehb49aydq7bdnwo,0.79%,15.63,/,125.5GiB,12.45%,697GB,/,933GB,133GB,/,1.8GB,399
2022-09-27 18:56:14,b02ff2144fbc,hadoop-slave1.1.slzc5rgbb7ehb49aydq7bdnwo,0.76%,15.63,/,125.5GiB,12.45%,697GB,/,933GB,133GB,/,1.8GB,399
2022-9-27 18:56:15,b02ff2144fbc,hadoop-slave1.1.slzc5rgbb7ehb49aydq7bdnwo,0.72%,15.63,/,125.5GiB,12.45%,697GB,/,933GB,133GB,/,1.8GB,399
2022-09-27 18:56:16,b02ff2144fbc,hadoop-slave1.1.slzc5rgbb7ehb49aydq7bdnwo,0.72%,15.63,/,125.5GiB,12.45%,697GB,/,933GB,133GB,/,1.8GB,399
2022-9-27 18:56:17,b02ff2144fbc,hadoop-slave1.1.slzc5rgbb7ehb49aydq7bdnwo,0.72%,15.63,/,125.5GiB,12.45%,697GB,/,933GB,133GB,/,1.8GB,399
2022-09-27 18:56:18,b02ff2144fbc,hadoop-slave1.1.slzc5rgbb7ehb49aydq7bdnwo,0.76%,15.63,/,125.5GiB,12.45%,697GB,/,933GB,133GB,/,1.8GB,399
2022-9-27 18:56:19,b02ff2144fbc,hadoop-slave1.1.slzc5rgbb7ehb49aydq7bdnwo,0.80%,15.63,/,125.5GiB,12.45%,697GB,/,933GB,133GB,/,1.8GB,399
2022-09-27 18:56:20,b02ff2144fbc,hadoop-slave1.1.slzc5rgbb7ehb49aydq7bdnwo,0.81%,15.63,/,125.5GiB,12.45%,697GB,/,933GB,133GB,/,1.8GB,399
2022-9-27 18:56:21,b02ff2144fbc,hadoop-slave1.1.slzc5rgbb7ehb49aydq7bdnwo,0.82%,15.63,/,125.5GiB,12.45%,697GB,/,933GB,133GB,/,1.8GB,399
2022-09-27 18:56:22,b02ff2144fbc,hadoop-slave1.1.slzc5rgbb7ehb49aydq7bdnwo,0.76%,15.63,/,125.5GiB,12.45%,697GB,/,933GB,133GB,/,1.8GB,399
2022-9-27 18:56:23,b02ff2144fbc,hadoop-slave1.1.slzc5rgbb7ehb49aydq7bdnwo,0.70%,15.63,/,125.5GiB,12.45%,697GB,/,933GB,133GB,/,1.8GB,399
2022-09-27 18:56:24,b02ff2144fbc,hadoop-slave1.1.slzc5rgbb7ehb49aydq7bdnwo,0.73%,15.63,/,125.5GiB,12.45%,697GB,/,933GB,133GB,/,1.8GB,399
2022-9-27 18:56:25,b02ff2144fbc,hadoop-slave1.1.slzc5rgbb7ehb49aydq7bdnwo,0.77%,15.63,/,125.5GiB,12.45%,697GB,/,933GB,133GB,/,1.8GB,399
2022-09-27 18:56:26,b02ff2144fbc,hadoop-slave1.1.slzc5rgbb7ehb49aydq7bdnwo,0.74%,15.63,/,125.5GiB,12.45%,697GB,/,933GB,133GB,/,1.8GB,399
2022-9-27 18:56:27,b02ff2144fbc,hadoop-slave1.1.slzc5rgbb7ehb49aydq7bdnwo,0.72%,15.63,/,125.5GiB,12.45%,697GB,/,933GB,133GB,/,1.8GB,399
2022-09-27 18:56:28,b02ff2144fbc,hadoop-slave1.1.slzc5rgbb7ehb49aydq7bdnwo,0.72%,15.63,/,125.5GiB,12.45%,697GB,/,933GB,133GB,/,1.8GB,399
2022-9-27 18:56:29,b02ff2144fbc,hadoop-slave1.1.slzc5rgbb7ehb49aydq7bdnwo,0.73%,15.63,/,125.5GiB,12.45%,697GB,/,933GB,133GB,/,1.8GB,399
2022-09-27 18:56:30,b02ff2144fbc,hadoop-slave1.1.slzc5rgbb7ehb49aydq7bdnwo,0.8%,15.63,/,125.5GiB,12.45%,697GB,/,933GB,133GB,/,1.8GB,399
2022-9-27 18:56:31,b02ff2144fbc,hadoop-slave1.1.slzc5rgbb7ehb49aydq7bdnwo,0.87%,15.63,/,125.5GiB,12.45%,697GB,/,933GB,133GB,/,1.8GB,399
2022-09-27 18:56:32,b02ff2144fbc,hadoop-slave1.1.slzc5rgbb7ehb49aydq7bdnwo,0.79%,15.63,/,125.5GiB,12.45%,697GB,/,933GB,133GB,/,1.8GB,399
2022-09-27 18:56:33,b02ff2144fbc,hadoop-slave1.1.slzc5rgbb7ehb49aydq7bdnwo,0.79%,15.63,/,125.5GiB,12.45%,697GB,/,933GB,133GB,/,1.8GB,399
2022-9-27 18:56:34,b02ff2144fbc,hadoop-slave1.1.slzc5rgbb7ehb49aydq7bdnwo,0.72%,15.63,/,125.5GiB,12.45%,697GB,/,933GB,133GB,/,1.8GB,399
2022-09-27 18:56:35,b02ff2144fbc,hadoop-slave1.1.slzc5rgbb7ehb49aydq7bdnwo,0.72%,15.63,/,125.5GiB,12.45%,697GB,/,933GB,133GB,/,1.8GB,399
2022-9-27 18:56:36,b02ff2144fbc,hadoop-slave1.1.slzc5rgbb7ehb49aydq7bdnwo,0.73%,15.63,/,125.5GiB,12.45%,697GB,/,933GB,133GB,/,1.8GB,399
2022-09-27 18:56:37,b02ff2144fbc,hadoop-slave1.1.slzc5rgbb7ehb49aydq7bdnwo,0.76%,15.63,/,125.5GiB,12.45%,697GB,/,933GB,133GB,/,1.8GB,399
2022-9-27 18:56:38,b02ff2144fbc,hadoop-slave1.1.slzc5rgbb7ehb49aydq7bdnwo,0.79%,15.63,/,125.5GiB,12.45%,697GB,/,933GB,133GB,/,1.8GB,399
2022-09-27 18:56:39,b02ff2144fbc,hadoop-slave1.1.slzc5rgbb7ehb49aydq7bdnwo,0.76%,15.63,/,125.5GiB,12.45%,697GB,/,933GB,133GB,/,1.8GB,399
2022-9-27 18:56:40,b02ff2144fbc,hadoop-slave1.1.slzc5rgbb7ehb49aydq7bdnwo,0.73%,15.63,/,125.5GiB,12.45%,697GB,/,933GB,133GB,/,1.8GB,399
2022-09-27 18:56:41,b02ff2144fbc,hadoop-slave1.1.slzc5rgbb7ehb49aydq7bdnwo,0.78%,15.63,/,125.5GiB,12.45%,697GB,/,933GB,133GB,/,1.8GB,399
2022-9-27 18:56:42,b02ff2144fbc,hadoop-slave1.1.slzc5rgbb7ehb49aydq7bdnwo,0.84%,15.63,/,125.5GiB,12.45%,697GB,/,933GB,133GB,/,1.8GB,399
2022-09-27 18:56:43,b02ff2144fbc,hadoop-slave1.1.slzc5rgbb7ehb49aydq7bdnwo,0.82%,15.63,/,125.5GiB,12.45%,697GB,/,933GB,133GB,/,1.8GB,399
2022-9-27 18:56:44,b02ff2144fbc,hadoop-slave1.1.slzc5rgbb7ehb49aydq7bdnwo,0.80%,15.63,/,125.5GiB,12.45%,697GB,/,933GB,133GB,/,1.8GB,399
2022-09-27 18:56:45,b02ff2144fbc,hadoop-slave1.1.slzc5rgbb7ehb49aydq7bdnwo,0.78%,15.63,/,125.5GiB,12.45%,697GB,/,933GB,133GB,/,1.8GB,399
2022-9-27 18:56:46,b02ff2144fbc,hadoop-slave1.1.slzc5rgbb7ehb49aydq7bdnwo,0.75%,15.63,/,125.5GiB,12.45%,697GB,/,933GB,133GB,/,1.8GB,399
2022-09-27 18:56:47,b02ff2144fbc,hadoop-slave1.1.slzc5rgbb7ehb49aydq7bdnwo,0.74%,15.63,/,125.5GiB,12.45%,697GB,/,933GB,133GB,/,1.8GB,399
2022-9-27 18:56:48,b02ff2144fbc,hadoop-slave1.1.slzc5rgbb7ehb49aydq7bdnwo,0.73%,15.63,/,125.5GiB,12.45%,697GB,/,933GB,133GB,/,1.8GB,399
2022-09-27 18:56:49,b02ff2144fbc,hadoop-slave1.1.slzc5rgbb7ehb49aydq7bdnwo,0.76%,15.63,/,125.5GiB,12.45%,697GB,/,933GB,133GB,/,1.8GB,399
2022-9-27 18:56:50,b02ff2144fbc,hadoop-slave1.1.slzc5rgbb7ehb49aydq7bdnwo,0.79%,15.63,/,125.5GiB,12.45%,697GB,/,933GB,133GB,/,1.8GB,399
2022-09-27 18:56:51,b02ff2144fbc,hadoop-slave1.1.slzc5rgbb7ehb49aydq7bdnwo,0.85%,15.63,/,125.5GiB,12.45%,697GB,/,933GB,133GB,/,1.8GB,399
