2022-9-29 17:45:07,c8b279d5dd26,hadoop-slave1.1.r6hm6j1kvfs2jh08r6y6g6lev,0.92%,17.53,/,125.5GiB,13.97%,108GB,/,110GB,12.7GB,/,779MB,301
2022-09-29 17:45:08,c8b279d5dd26,hadoop-slave1.1.r6hm6j1kvfs2jh08r6y6g6lev,0.8%,17.53,/,125.5GiB,13.97%,108GB,/,110GB,12.7GB,/,779MB,301
2022-9-29 17:45:09,c8b279d5dd26,hadoop-slave1.1.r6hm6j1kvfs2jh08r6y6g6lev,0.68%,17.53,/,125.5GiB,13.97%,108GB,/,110GB,12.7GB,/,779MB,302
2022-09-29 17:45:10,c8b279d5dd26,hadoop-slave1.1.r6hm6j1kvfs2jh08r6y6g6lev,0.65%,17.53,/,125.5GiB,13.97%,108GB,/,110GB,12.7GB,/,779MB,302
2022-9-29 17:45:11,c8b279d5dd26,hadoop-slave1.1.r6hm6j1kvfs2jh08r6y6g6lev,0.61%,17.53,/,125.5GiB,13.97%,108GB,/,110GB,12.7GB,/,779MB,302
2022-09-29 17:45:12,c8b279d5dd26,hadoop-slave1.1.r6hm6j1kvfs2jh08r6y6g6lev,15.5%,17.53,/,125.5GiB,13.97%,108GB,/,110GB,12.7GB,/,779MB,302
2022-9-29 17:45:13,c8b279d5dd26,hadoop-slave1.1.r6hm6j1kvfs2jh08r6y6g6lev,30.39%,17.53,/,125.5GiB,13.97%,108GB,/,110GB,12.7GB,/,779MB,312
2022-09-29 17:45:14,c8b279d5dd26,hadoop-slave1.1.r6hm6j1kvfs2jh08r6y6g6lev,29.21%,17.53,/,125.5GiB,13.97%,108GB,/,110GB,12.7GB,/,779MB,312
2022-9-29 17:45:15,c8b279d5dd26,hadoop-slave1.1.r6hm6j1kvfs2jh08r6y6g6lev,28.03%,17.53,/,125.5GiB,13.97%,108GB,/,110GB,12.7GB,/,779MB,316
2022-09-29 17:45:16,c8b279d5dd26,hadoop-slave1.1.r6hm6j1kvfs2jh08r6y6g6lev,42.84%,17.53,/,125.5GiB,13.97%,108GB,/,110GB,12.7GB,/,779MB,316
2022-9-29 17:45:17,c8b279d5dd26,hadoop-slave1.1.r6hm6j1kvfs2jh08r6y6g6lev,57.64%,17.53,/,125.5GiB,13.97%,108GB,/,110GB,12.7GB,/,779MB,319
2022-09-29 17:45:18,c8b279d5dd26,hadoop-slave1.1.r6hm6j1kvfs2jh08r6y6g6lev,485.02%,17.53,/,125.5GiB,14.21%,108GB,/,110GB,12.7GB,/,779MB,319
2022-9-29 17:45:19,c8b279d5dd26,hadoop-slave1.1.r6hm6j1kvfs2jh08r6y6g6lev,912.40%,18.12,/,125.5GiB,14.44%,108GB,/,110GB,12.7GB,/,779MB,560
2022-09-29 17:45:20,c8b279d5dd26,hadoop-slave1.1.r6hm6j1kvfs2jh08r6y6g6lev,643.68%,18.12,/,125.5GiB,14.82%,108GB,/,110GB,12.7GB,/,779MB,560
2022-9-29 17:45:21,c8b279d5dd26,hadoop-slave1.1.r6hm6j1kvfs2jh08r6y6g6lev,374.97%,19.09,/,125.5GiB,15.21%,108GB,/,110GB,12.7GB,/,779MB,652
2022-09-29 17:45:22,c8b279d5dd26,hadoop-slave1.1.r6hm6j1kvfs2jh08r6y6g6lev,188.46%,19.09,/,125.5GiB,15.19%,108GB,/,110GB,12.7GB,/,779MB,652
2022-9-29 17:45:23,c8b279d5dd26,hadoop-slave1.1.r6hm6j1kvfs2jh08r6y6g6lev,1.94%,19.04,/,125.5GiB,15.17%,108GB,/,110GB,12.7GB,/,779MB,617
2022-09-29 17:45:24,c8b279d5dd26,hadoop-slave1.1.r6hm6j1kvfs2jh08r6y6g6lev,1.95%,19.04,/,125.5GiB,15.17%,108GB,/,110GB,12.7GB,/,779MB,617
2022-9-29 17:45:25,c8b279d5dd26,hadoop-slave1.1.r6hm6j1kvfs2jh08r6y6g6lev,1.96%,19.04,/,125.5GiB,15.17%,108GB,/,110GB,12.7GB,/,779MB,619
2022-09-29 17:45:26,c8b279d5dd26,hadoop-slave1.1.r6hm6j1kvfs2jh08r6y6g6lev,5.94%,19.04,/,125.5GiB,15.17%,108GB,/,110GB,12.7GB,/,779MB,619
2022-9-29 17:45:27,c8b279d5dd26,hadoop-slave1.1.r6hm6j1kvfs2jh08r6y6g6lev,9.92%,19.04,/,125.5GiB,15.17%,108GB,/,110GB,12.7GB,/,779MB,621
2022-09-29 17:45:28,c8b279d5dd26,hadoop-slave1.1.r6hm6j1kvfs2jh08r6y6g6lev,837.48%,19.04,/,125.5GiB,15.57%,108GB,/,110GB,12.7GB,/,779MB,621
2022-9-29 17:45:29,c8b279d5dd26,hadoop-slave1.1.r6hm6j1kvfs2jh08r6y6g6lev,1665.03%,20.04,/,125.5GiB,15.97%,108GB,/,111GB,12.7GB,/,782MB,665
2022-09-29 17:45:30,c8b279d5dd26,hadoop-slave1.1.r6hm6j1kvfs2jh08r6y6g6lev,1590.2%,20.04,/,125.5GiB,16.24%,108GB,/,111GB,12.7GB,/,782MB,665
2022-9-29 17:45:31,c8b279d5dd26,hadoop-slave1.1.r6hm6j1kvfs2jh08r6y6g6lev,1515.37%,20.72,/,125.5GiB,16.51%,108GB,/,111GB,12.7GB,/,784MB,723
2022-09-29 17:45:32,c8b279d5dd26,hadoop-slave1.1.r6hm6j1kvfs2jh08r6y6g6lev,760.44%,20.72,/,125.5GiB,16.52%,108GB,/,111GB,12.7GB,/,784MB,723
2022-9-29 17:45:33,c8b279d5dd26,hadoop-slave1.1.r6hm6j1kvfs2jh08r6y6g6lev,5.52%,20.75,/,125.5GiB,16.53%,108GB,/,111GB,12.7GB,/,784MB,720
2022-09-29 17:45:34,c8b279d5dd26,hadoop-slave1.1.r6hm6j1kvfs2jh08r6y6g6lev,511.29%,20.75,/,125.5GiB,17.79%,108GB,/,111GB,12.7GB,/,784MB,720
2022-09-29 17:45:35,c8b279d5dd26,hadoop-slave1.1.r6hm6j1kvfs2jh08r6y6g6lev,511.29%,20.75,/,125.5GiB,17.79%,108GB,/,111GB,12.7GB,/,784MB,720
2022-9-29 17:45:36,c8b279d5dd26,hadoop-slave1.1.r6hm6j1kvfs2jh08r6y6g6lev,1017.06%,23.89,/,125.5GiB,19.04%,108GB,/,111GB,12.7GB,/,784MB,742
2022-09-29 17:45:37,c8b279d5dd26,hadoop-slave1.1.r6hm6j1kvfs2jh08r6y6g6lev,816.98%,23.89,/,125.5GiB,19.06%,108GB,/,111GB,12.7GB,/,784MB,742
2022-9-29 17:45:38,c8b279d5dd26,hadoop-slave1.1.r6hm6j1kvfs2jh08r6y6g6lev,616.91%,23.96,/,125.5GiB,19.09%,108GB,/,111GB,12.7GB,/,784MB,732
2022-09-29 17:45:39,c8b279d5dd26,hadoop-slave1.1.r6hm6j1kvfs2jh08r6y6g6lev,391.81%,23.96,/,125.5GiB,19.09%,108GB,/,111GB,12.7GB,/,784MB,732
2022-9-29 17:45:40,c8b279d5dd26,hadoop-slave1.1.r6hm6j1kvfs2jh08r6y6g6lev,166.71%,23.97,/,125.5GiB,19.10%,108GB,/,111GB,12.7GB,/,784MB,733
2022-09-29 17:45:41,c8b279d5dd26,hadoop-slave1.1.r6hm6j1kvfs2jh08r6y6g6lev,2046.34%,23.97,/,125.5GiB,21.37%,108GB,/,111GB,12.7GB,/,784MB,733
2022-9-29 17:45:42,c8b279d5dd26,hadoop-slave1.1.r6hm6j1kvfs2jh08r6y6g6lev,3925.97%,29.66,/,125.5GiB,23.63%,108GB,/,111GB,12.7GB,/,784MB,758
2022-09-29 17:45:43,c8b279d5dd26,hadoop-slave1.1.r6hm6j1kvfs2jh08r6y6g6lev,2670.62%,29.66,/,125.5GiB,24.07%,108GB,/,111GB,12.7GB,/,784MB,758
2022-9-29 17:45:44,c8b279d5dd26,hadoop-slave1.1.r6hm6j1kvfs2jh08r6y6g6lev,1415.28%,30.75,/,125.5GiB,24.51%,108GB,/,111GB,12.7GB,/,784MB,753
2022-09-29 17:45:45,c8b279d5dd26,hadoop-slave1.1.r6hm6j1kvfs2jh08r6y6g6lev,729.5%,30.75,/,125.5GiB,24.51%,108GB,/,111GB,12.7GB,/,784MB,753
2022-9-29 17:45:46,c8b279d5dd26,hadoop-slave1.1.r6hm6j1kvfs2jh08r6y6g6lev,43.73%,30.76,/,125.5GiB,24.51%,108GB,/,111GB,12.7GB,/,784MB,745
2022-09-29 17:45:47,c8b279d5dd26,hadoop-slave1.1.r6hm6j1kvfs2jh08r6y6g6lev,22.47%,30.76,/,125.5GiB,24.51%,108GB,/,111GB,12.7GB,/,784MB,745
2022-9-29 17:45:48,c8b279d5dd26,hadoop-slave1.1.r6hm6j1kvfs2jh08r6y6g6lev,1.22%,30.76,/,125.5GiB,24.51%,108GB,/,111GB,12.7GB,/,784MB,749
2022-09-29 17:45:49,c8b279d5dd26,hadoop-slave1.1.r6hm6j1kvfs2jh08r6y6g6lev,23.71%,30.76,/,125.5GiB,19.26%,108GB,/,111GB,12.7GB,/,784MB,749
2022-9-29 17:45:50,c8b279d5dd26,hadoop-slave1.1.r6hm6j1kvfs2jh08r6y6g6lev,46.21%,17.58,/,125.5GiB,14.00%,108GB,/,111GB,12.7GB,/,784MB,311
2022-09-29 17:45:51,c8b279d5dd26,hadoop-slave1.1.r6hm6j1kvfs2jh08r6y6g6lev,23.4%,17.58,/,125.5GiB,14.0%,108GB,/,111GB,12.7GB,/,784MB,311
2022-9-29 17:45:52,c8b279d5dd26,hadoop-slave1.1.r6hm6j1kvfs2jh08r6y6g6lev,0.59%,17.57,/,125.5GiB,14.00%,108GB,/,111GB,12.7GB,/,784MB,314
2022-09-29 17:45:53,c8b279d5dd26,hadoop-slave1.1.r6hm6j1kvfs2jh08r6y6g6lev,0.7%,17.57,/,125.5GiB,14.0%,108GB,/,111GB,12.7GB,/,784MB,314
2022-9-29 17:45:54,c8b279d5dd26,hadoop-slave1.1.r6hm6j1kvfs2jh08r6y6g6lev,0.82%,17.57,/,125.5GiB,14.00%,108GB,/,111GB,12.7GB,/,784MB,313
2022-09-29 17:45:55,c8b279d5dd26,hadoop-slave1.1.r6hm6j1kvfs2jh08r6y6g6lev,0.69%,17.57,/,125.5GiB,14.0%,108GB,/,111GB,12.7GB,/,784MB,313
2022-9-29 17:45:56,c8b279d5dd26,hadoop-slave1.1.r6hm6j1kvfs2jh08r6y6g6lev,0.56%,17.57,/,125.5GiB,14.00%,108GB,/,111GB,12.7GB,/,784MB,313
2022-09-29 17:45:57,c8b279d5dd26,hadoop-slave1.1.r6hm6j1kvfs2jh08r6y6g6lev,0.59%,17.57,/,125.5GiB,14.0%,108GB,/,111GB,12.7GB,/,784MB,313
2022-9-29 17:45:58,c8b279d5dd26,hadoop-slave1.1.r6hm6j1kvfs2jh08r6y6g6lev,0.63%,17.57,/,125.5GiB,14.00%,108GB,/,111GB,12.7GB,/,784MB,313
2022-09-29 17:45:59,c8b279d5dd26,hadoop-slave1.1.r6hm6j1kvfs2jh08r6y6g6lev,0.64%,17.57,/,125.5GiB,14.0%,108GB,/,111GB,12.7GB,/,784MB,313
2022-9-29 17:46:00,c8b279d5dd26,hadoop-slave1.1.r6hm6j1kvfs2jh08r6y6g6lev,0.65%,17.57,/,125.5GiB,14.00%,108GB,/,111GB,12.7GB,/,784MB,313
2022-09-29 17:46:01,c8b279d5dd26,hadoop-slave1.1.r6hm6j1kvfs2jh08r6y6g6lev,0.62%,17.57,/,125.5GiB,14.0%,108GB,/,111GB,12.7GB,/,784MB,313
2022-9-29 17:46:02,c8b279d5dd26,hadoop-slave1.1.r6hm6j1kvfs2jh08r6y6g6lev,0.59%,17.57,/,125.5GiB,14.00%,108GB,/,111GB,12.7GB,/,784MB,312
2022-09-29 17:46:03,c8b279d5dd26,hadoop-slave1.1.r6hm6j1kvfs2jh08r6y6g6lev,0.67%,17.57,/,125.5GiB,14.0%,108GB,/,111GB,12.7GB,/,784MB,312
2022-9-29 17:46:04,c8b279d5dd26,hadoop-slave1.1.r6hm6j1kvfs2jh08r6y6g6lev,0.74%,17.57,/,125.5GiB,14.00%,108GB,/,111GB,12.7GB,/,784MB,312
2022-09-29 17:46:05,c8b279d5dd26,hadoop-slave1.1.r6hm6j1kvfs2jh08r6y6g6lev,0.71%,17.57,/,125.5GiB,14.0%,108GB,/,111GB,12.7GB,/,784MB,312
2022-9-29 17:46:06,c8b279d5dd26,hadoop-slave1.1.r6hm6j1kvfs2jh08r6y6g6lev,0.68%,17.57,/,125.5GiB,14.00%,108GB,/,111GB,12.7GB,/,784MB,312
2022-09-29 17:46:07,c8b279d5dd26,hadoop-slave1.1.r6hm6j1kvfs2jh08r6y6g6lev,0.66%,17.57,/,125.5GiB,14.0%,108GB,/,111GB,12.7GB,/,784MB,312
2022-9-29 17:46:08,c8b279d5dd26,hadoop-slave1.1.r6hm6j1kvfs2jh08r6y6g6lev,0.63%,17.57,/,125.5GiB,14.00%,108GB,/,111GB,12.7GB,/,784MB,312
2022-09-29 17:46:09,c8b279d5dd26,hadoop-slave1.1.r6hm6j1kvfs2jh08r6y6g6lev,0.61%,17.57,/,125.5GiB,14.0%,108GB,/,111GB,12.7GB,/,784MB,312
2022-9-29 17:46:10,c8b279d5dd26,hadoop-slave1.1.r6hm6j1kvfs2jh08r6y6g6lev,0.59%,17.57,/,125.5GiB,14.00%,108GB,/,111GB,12.7GB,/,784MB,312
2022-09-29 17:46:11,c8b279d5dd26,hadoop-slave1.1.r6hm6j1kvfs2jh08r6y6g6lev,15.71%,17.57,/,125.5GiB,14.0%,108GB,/,111GB,12.7GB,/,784MB,312
2022-9-29 17:46:12,c8b279d5dd26,hadoop-slave1.1.r6hm6j1kvfs2jh08r6y6g6lev,30.83%,17.58,/,125.5GiB,14.01%,108GB,/,111GB,12.7GB,/,784MB,319
2022-09-29 17:46:13,c8b279d5dd26,hadoop-slave1.1.r6hm6j1kvfs2jh08r6y6g6lev,28.39%,17.58,/,125.5GiB,14.01%,108GB,/,111GB,12.7GB,/,784MB,319
2022-9-29 17:46:14,c8b279d5dd26,hadoop-slave1.1.r6hm6j1kvfs2jh08r6y6g6lev,25.96%,17.58,/,125.5GiB,14.01%,108GB,/,111GB,12.7GB,/,784MB,320
2022-09-29 17:46:15,c8b279d5dd26,hadoop-slave1.1.r6hm6j1kvfs2jh08r6y6g6lev,23.84%,17.58,/,125.5GiB,14.01%,108GB,/,111GB,12.7GB,/,784MB,320
2022-9-29 17:46:16,c8b279d5dd26,hadoop-slave1.1.r6hm6j1kvfs2jh08r6y6g6lev,21.73%,17.58,/,125.5GiB,14.01%,108GB,/,111GB,12.7GB,/,784MB,320
2022-09-29 17:46:17,c8b279d5dd26,hadoop-slave1.1.r6hm6j1kvfs2jh08r6y6g6lev,27.15%,17.58,/,125.5GiB,14.01%,108GB,/,111GB,12.7GB,/,784MB,320
2022-9-29 17:46:18,c8b279d5dd26,hadoop-slave1.1.r6hm6j1kvfs2jh08r6y6g6lev,32.56%,17.58,/,125.5GiB,14.01%,109GB,/,111GB,12.7GB,/,784MB,320
2022-09-29 17:46:19,c8b279d5dd26,hadoop-slave1.1.r6hm6j1kvfs2jh08r6y6g6lev,190.18%,17.58,/,125.5GiB,14.09%,109GB,/,111GB,12.7GB,/,784MB,320
2022-9-29 17:46:20,c8b279d5dd26,hadoop-slave1.1.r6hm6j1kvfs2jh08r6y6g6lev,347.79%,17.77,/,125.5GiB,14.16%,109GB,/,111GB,12.7GB,/,784MB,437
2022-09-29 17:46:21,c8b279d5dd26,hadoop-slave1.1.r6hm6j1kvfs2jh08r6y6g6lev,350.21%,17.77,/,125.5GiB,14.4%,109GB,/,111GB,12.7GB,/,784MB,437
2022-9-29 17:46:22,c8b279d5dd26,hadoop-slave1.1.r6hm6j1kvfs2jh08r6y6g6lev,352.63%,18.37,/,125.5GiB,14.64%,109GB,/,111GB,12.7GB,/,784MB,473
2022-09-29 17:46:23,c8b279d5dd26,hadoop-slave1.1.r6hm6j1kvfs2jh08r6y6g6lev,177.31%,18.37,/,125.5GiB,14.64%,109GB,/,111GB,12.7GB,/,784MB,473
2022-9-29 17:46:24,c8b279d5dd26,hadoop-slave1.1.r6hm6j1kvfs2jh08r6y6g6lev,1.99%,18.37,/,125.5GiB,14.64%,109GB,/,111GB,12.7GB,/,784MB,457
2022-09-29 17:46:25,c8b279d5dd26,hadoop-slave1.1.r6hm6j1kvfs2jh08r6y6g6lev,1.4%,18.37,/,125.5GiB,14.63%,109GB,/,111GB,12.7GB,/,784MB,457
2022-9-29 17:46:26,c8b279d5dd26,hadoop-slave1.1.r6hm6j1kvfs2jh08r6y6g6lev,0.81%,18.35,/,125.5GiB,14.62%,109GB,/,111GB,12.7GB,/,784MB,457
2022-09-29 17:46:27,c8b279d5dd26,hadoop-slave1.1.r6hm6j1kvfs2jh08r6y6g6lev,0.81%,18.35,/,125.5GiB,14.62%,109GB,/,111GB,12.7GB,/,784MB,457
2022-9-29 17:46:28,c8b279d5dd26,hadoop-slave1.1.r6hm6j1kvfs2jh08r6y6g6lev,0.80%,18.35,/,125.5GiB,14.62%,109GB,/,111GB,12.7GB,/,784MB,457
2022-09-29 17:46:29,c8b279d5dd26,hadoop-slave1.1.r6hm6j1kvfs2jh08r6y6g6lev,312.0%,18.35,/,125.5GiB,14.72%,109GB,/,111GB,12.7GB,/,784MB,457
2022-9-29 17:46:30,c8b279d5dd26,hadoop-slave1.1.r6hm6j1kvfs2jh08r6y6g6lev,623.19%,18.6,/,125.5GiB,14.82%,109GB,/,111GB,12.7GB,/,785MB,465
2022-09-29 17:46:31,c8b279d5dd26,hadoop-slave1.1.r6hm6j1kvfs2jh08r6y6g6lev,537.87%,18.6,/,125.5GiB,14.96%,109GB,/,111GB,12.7GB,/,785MB,465
2022-9-29 17:46:32,c8b279d5dd26,hadoop-slave1.1.r6hm6j1kvfs2jh08r6y6g6lev,452.54%,18.96,/,125.5GiB,15.11%,109GB,/,111GB,12.7GB,/,786MB,483
2022-09-29 17:46:33,c8b279d5dd26,hadoop-slave1.1.r6hm6j1kvfs2jh08r6y6g6lev,854.19%,18.96,/,125.5GiB,15.36%,109GB,/,111GB,12.7GB,/,786MB,483
2022-9-29 17:46:34,c8b279d5dd26,hadoop-slave1.1.r6hm6j1kvfs2jh08r6y6g6lev,1255.84%,19.58,/,125.5GiB,15.60%,109GB,/,111GB,12.7GB,/,786MB,506
2022-09-29 17:46:35,c8b279d5dd26,hadoop-slave1.1.r6hm6j1kvfs2jh08r6y6g6lev,1375.72%,19.58,/,125.5GiB,15.82%,109GB,/,111GB,12.7GB,/,786MB,506
2022-9-29 17:46:36,c8b279d5dd26,hadoop-slave1.1.r6hm6j1kvfs2jh08r6y6g6lev,1495.61%,20.14,/,125.5GiB,16.05%,109GB,/,111GB,12.7GB,/,786MB,508
2022-09-29 17:46:37,c8b279d5dd26,hadoop-slave1.1.r6hm6j1kvfs2jh08r6y6g6lev,858.92%,20.14,/,125.5GiB,16.16%,109GB,/,111GB,12.7GB,/,786MB,508
2022-9-29 17:46:38,c8b279d5dd26,hadoop-slave1.1.r6hm6j1kvfs2jh08r6y6g6lev,222.24%,20.4,/,125.5GiB,16.26%,109GB,/,111GB,12.7GB,/,786MB,499
2022-09-29 17:46:39,c8b279d5dd26,hadoop-slave1.1.r6hm6j1kvfs2jh08r6y6g6lev,505.0%,20.4,/,125.5GiB,16.29%,109GB,/,111GB,12.7GB,/,786MB,499
2022-9-29 17:46:40,c8b279d5dd26,hadoop-slave1.1.r6hm6j1kvfs2jh08r6y6g6lev,787.75%,20.47,/,125.5GiB,16.31%,109GB,/,111GB,12.7GB,/,786MB,497
2022-09-29 17:46:41,c8b279d5dd26,hadoop-slave1.1.r6hm6j1kvfs2jh08r6y6g6lev,418.64%,20.47,/,125.5GiB,16.38%,109GB,/,111GB,12.7GB,/,786MB,497
2022-09-29 17:46:42,c8b279d5dd26,hadoop-slave1.1.r6hm6j1kvfs2jh08r6y6g6lev,418.64%,20.47,/,125.5GiB,16.38%,109GB,/,111GB,12.7GB,/,786MB,497
2022-9-29 17:46:43,c8b279d5dd26,hadoop-slave1.1.r6hm6j1kvfs2jh08r6y6g6lev,49.53%,20.66,/,125.5GiB,16.46%,109GB,/,111GB,12.7GB,/,786MB,504
2022-09-29 17:46:44,c8b279d5dd26,hadoop-slave1.1.r6hm6j1kvfs2jh08r6y6g6lev,48.48%,20.66,/,125.5GiB,15.26%,109GB,/,111GB,12.7GB,/,786MB,504
2022-9-29 17:46:45,c8b279d5dd26,hadoop-slave1.1.r6hm6j1kvfs2jh08r6y6g6lev,47.42%,17.63,/,125.5GiB,14.05%,109GB,/,111GB,12.7GB,/,786MB,312
2022-09-29 17:46:46,c8b279d5dd26,hadoop-slave1.1.r6hm6j1kvfs2jh08r6y6g6lev,23.99%,17.63,/,125.5GiB,14.05%,109GB,/,111GB,12.7GB,/,786MB,312
2022-9-29 17:46:47,c8b279d5dd26,hadoop-slave1.1.r6hm6j1kvfs2jh08r6y6g6lev,0.56%,17.63,/,125.5GiB,14.05%,109GB,/,111GB,12.7GB,/,786MB,314
2022-09-29 17:46:48,c8b279d5dd26,hadoop-slave1.1.r6hm6j1kvfs2jh08r6y6g6lev,0.57%,17.63,/,125.5GiB,14.05%,109GB,/,111GB,12.7GB,/,786MB,314
2022-9-29 17:46:49,c8b279d5dd26,hadoop-slave1.1.r6hm6j1kvfs2jh08r6y6g6lev,0.59%,17.63,/,125.5GiB,14.05%,109GB,/,111GB,12.7GB,/,786MB,314
2022-09-29 17:46:50,c8b279d5dd26,hadoop-slave1.1.r6hm6j1kvfs2jh08r6y6g6lev,0.64%,17.63,/,125.5GiB,14.05%,109GB,/,111GB,12.7GB,/,786MB,314
2022-9-29 17:46:51,c8b279d5dd26,hadoop-slave1.1.r6hm6j1kvfs2jh08r6y6g6lev,0.68%,17.63,/,125.5GiB,14.05%,109GB,/,111GB,12.7GB,/,786MB,310
2022-09-29 17:46:52,c8b279d5dd26,hadoop-slave1.1.r6hm6j1kvfs2jh08r6y6g6lev,0.63%,17.63,/,125.5GiB,14.05%,109GB,/,111GB,12.7GB,/,786MB,310
2022-9-29 17:46:53,c8b279d5dd26,hadoop-slave1.1.r6hm6j1kvfs2jh08r6y6g6lev,0.58%,17.63,/,125.5GiB,14.05%,109GB,/,111GB,12.7GB,/,786MB,309
2022-09-29 17:46:54,c8b279d5dd26,hadoop-slave1.1.r6hm6j1kvfs2jh08r6y6g6lev,0.57%,17.63,/,125.5GiB,14.05%,109GB,/,111GB,12.7GB,/,786MB,309
2022-9-29 17:46:55,c8b279d5dd26,hadoop-slave1.1.r6hm6j1kvfs2jh08r6y6g6lev,0.57%,17.63,/,125.5GiB,14.05%,109GB,/,111GB,12.7GB,/,786MB,308
2022-09-29 17:46:56,c8b279d5dd26,hadoop-slave1.1.r6hm6j1kvfs2jh08r6y6g6lev,0.61%,17.63,/,125.5GiB,14.05%,109GB,/,111GB,12.7GB,/,786MB,308
2022-9-29 17:46:57,c8b279d5dd26,hadoop-slave1.1.r6hm6j1kvfs2jh08r6y6g6lev,0.65%,17.63,/,125.5GiB,14.05%,109GB,/,111GB,12.7GB,/,786MB,307
2022-09-29 17:46:58,c8b279d5dd26,hadoop-slave1.1.r6hm6j1kvfs2jh08r6y6g6lev,0.66%,17.63,/,125.5GiB,14.05%,109GB,/,111GB,12.7GB,/,786MB,307
2022-9-29 17:46:59,c8b279d5dd26,hadoop-slave1.1.r6hm6j1kvfs2jh08r6y6g6lev,0.66%,17.63,/,125.5GiB,14.05%,109GB,/,111GB,12.7GB,/,786MB,307
2022-09-29 17:47:00,c8b279d5dd26,hadoop-slave1.1.r6hm6j1kvfs2jh08r6y6g6lev,0.64%,17.63,/,125.5GiB,14.05%,109GB,/,111GB,12.7GB,/,786MB,307
2022-9-29 17:47:01,c8b279d5dd26,hadoop-slave1.1.r6hm6j1kvfs2jh08r6y6g6lev,0.62%,17.63,/,125.5GiB,14.05%,109GB,/,111GB,12.7GB,/,786MB,307
2022-09-29 17:47:02,c8b279d5dd26,hadoop-slave1.1.r6hm6j1kvfs2jh08r6y6g6lev,20.71%,17.63,/,125.5GiB,14.05%,109GB,/,111GB,12.7GB,/,786MB,307
2022-9-29 17:47:03,c8b279d5dd26,hadoop-slave1.1.r6hm6j1kvfs2jh08r6y6g6lev,40.81%,17.63,/,125.5GiB,14.05%,109GB,/,111GB,12.7GB,/,786MB,309
2022-09-29 17:47:04,c8b279d5dd26,hadoop-slave1.1.r6hm6j1kvfs2jh08r6y6g6lev,20.74%,17.63,/,125.5GiB,14.05%,109GB,/,111GB,12.7GB,/,786MB,309
2022-9-29 17:47:05,c8b279d5dd26,hadoop-slave1.1.r6hm6j1kvfs2jh08r6y6g6lev,0.67%,17.63,/,125.5GiB,14.05%,109GB,/,111GB,12.7GB,/,786MB,307
2022-09-29 17:47:06,c8b279d5dd26,hadoop-slave1.1.r6hm6j1kvfs2jh08r6y6g6lev,0.65%,17.63,/,125.5GiB,14.05%,109GB,/,111GB,12.7GB,/,786MB,307
2022-9-29 17:47:07,c8b279d5dd26,hadoop-slave1.1.r6hm6j1kvfs2jh08r6y6g6lev,0.63%,17.63,/,125.5GiB,14.05%,109GB,/,111GB,12.7GB,/,786MB,307
2022-09-29 17:47:08,c8b279d5dd26,hadoop-slave1.1.r6hm6j1kvfs2jh08r6y6g6lev,29.08%,17.63,/,125.5GiB,14.05%,109GB,/,111GB,12.7GB,/,786MB,307
2022-9-29 17:47:09,c8b279d5dd26,hadoop-slave1.1.r6hm6j1kvfs2jh08r6y6g6lev,57.53%,17.63,/,125.5GiB,14.05%,109GB,/,111GB,12.7GB,/,786MB,314
2022-09-29 17:47:10,c8b279d5dd26,hadoop-slave1.1.r6hm6j1kvfs2jh08r6y6g6lev,115.48%,17.63,/,125.5GiB,14.07%,109GB,/,111GB,12.7GB,/,786MB,314
2022-9-29 17:47:11,c8b279d5dd26,hadoop-slave1.1.r6hm6j1kvfs2jh08r6y6g6lev,173.43%,17.7,/,125.5GiB,14.10%,109GB,/,111GB,12.7GB,/,786MB,373
2022-09-29 17:47:12,c8b279d5dd26,hadoop-slave1.1.r6hm6j1kvfs2jh08r6y6g6lev,262.75%,17.7,/,125.5GiB,14.2%,109GB,/,111GB,12.7GB,/,786MB,373
2022-9-29 17:47:13,c8b279d5dd26,hadoop-slave1.1.r6hm6j1kvfs2jh08r6y6g6lev,352.07%,17.94,/,125.5GiB,14.30%,109GB,/,111GB,12.7GB,/,786MB,380
2022-09-29 17:47:14,c8b279d5dd26,hadoop-slave1.1.r6hm6j1kvfs2jh08r6y6g6lev,221.07%,17.94,/,125.5GiB,14.36%,109GB,/,111GB,12.7GB,/,786MB,380
2022-9-29 17:47:15,c8b279d5dd26,hadoop-slave1.1.r6hm6j1kvfs2jh08r6y6g6lev,90.08%,18.09,/,125.5GiB,14.41%,109GB,/,112GB,12.7GB,/,786MB,393
2022-09-29 17:47:16,c8b279d5dd26,hadoop-slave1.1.r6hm6j1kvfs2jh08r6y6g6lev,256.62%,18.09,/,125.5GiB,14.52%,109GB,/,112GB,12.7GB,/,786MB,393
2022-9-29 17:47:17,c8b279d5dd26,hadoop-slave1.1.r6hm6j1kvfs2jh08r6y6g6lev,423.15%,18.36,/,125.5GiB,14.63%,109GB,/,112GB,12.7GB,/,786MB,555
2022-09-29 17:47:18,c8b279d5dd26,hadoop-slave1.1.r6hm6j1kvfs2jh08r6y6g6lev,537.4%,18.36,/,125.5GiB,14.97%,109GB,/,112GB,12.7GB,/,786MB,555
2022-9-29 17:47:19,c8b279d5dd26,hadoop-slave1.1.r6hm6j1kvfs2jh08r6y6g6lev,651.66%,19.22,/,125.5GiB,15.31%,109GB,/,112GB,12.7GB,/,786MB,632
2022-09-29 17:47:20,c8b279d5dd26,hadoop-slave1.1.r6hm6j1kvfs2jh08r6y6g6lev,565.05%,19.22,/,125.5GiB,15.53%,109GB,/,112GB,12.7GB,/,786MB,632
2022-9-29 17:47:21,c8b279d5dd26,hadoop-slave1.1.r6hm6j1kvfs2jh08r6y6g6lev,478.45%,19.75,/,125.5GiB,15.74%,109GB,/,112GB,12.7GB,/,786MB,852
2022-09-29 17:47:22,c8b279d5dd26,hadoop-slave1.1.r6hm6j1kvfs2jh08r6y6g6lev,449.38%,19.75,/,125.5GiB,15.93%,109GB,/,112GB,12.7GB,/,786MB,852
2022-9-29 17:47:23,c8b279d5dd26,hadoop-slave1.1.r6hm6j1kvfs2jh08r6y6g6lev,420.30%,20.22,/,125.5GiB,16.11%,109GB,/,112GB,12.7GB,/,786MB,922
2022-09-29 17:47:24,c8b279d5dd26,hadoop-slave1.1.r6hm6j1kvfs2jh08r6y6g6lev,384.6%,20.22,/,125.5GiB,16.32%,109GB,/,112GB,12.7GB,/,786MB,922
2022-9-29 17:47:25,c8b279d5dd26,hadoop-slave1.1.r6hm6j1kvfs2jh08r6y6g6lev,348.90%,20.76,/,125.5GiB,16.54%,109GB,/,112GB,12.7GB,/,786MB,954
2022-09-29 17:47:26,c8b279d5dd26,hadoop-slave1.1.r6hm6j1kvfs2jh08r6y6g6lev,176.89%,20.76,/,125.5GiB,16.54%,109GB,/,112GB,12.7GB,/,786MB,954
2022-9-29 17:47:27,c8b279d5dd26,hadoop-slave1.1.r6hm6j1kvfs2jh08r6y6g6lev,4.89%,20.76,/,125.5GiB,16.54%,109GB,/,112GB,12.7GB,/,786MB,934
2022-09-29 17:47:28,c8b279d5dd26,hadoop-slave1.1.r6hm6j1kvfs2jh08r6y6g6lev,7.68%,20.76,/,125.5GiB,16.52%,109GB,/,112GB,12.7GB,/,786MB,934
2022-9-29 17:47:29,c8b279d5dd26,hadoop-slave1.1.r6hm6j1kvfs2jh08r6y6g6lev,10.47%,20.72,/,125.5GiB,16.51%,109GB,/,112GB,12.7GB,/,786MB,934
2022-09-29 17:47:30,c8b279d5dd26,hadoop-slave1.1.r6hm6j1kvfs2jh08r6y6g6lev,8.87%,20.72,/,125.5GiB,16.51%,109GB,/,112GB,12.7GB,/,786MB,934
2022-9-29 17:47:31,c8b279d5dd26,hadoop-slave1.1.r6hm6j1kvfs2jh08r6y6g6lev,7.27%,20.73,/,125.5GiB,16.51%,109GB,/,112GB,12.7GB,/,786MB,937
2022-09-29 17:47:32,c8b279d5dd26,hadoop-slave1.1.r6hm6j1kvfs2jh08r6y6g6lev,12.25%,20.73,/,125.5GiB,16.51%,109GB,/,112GB,12.7GB,/,786MB,937
2022-9-29 17:47:33,c8b279d5dd26,hadoop-slave1.1.r6hm6j1kvfs2jh08r6y6g6lev,17.23%,20.73,/,125.5GiB,16.51%,109GB,/,112GB,12.7GB,/,786MB,940
2022-09-29 17:47:34,c8b279d5dd26,hadoop-slave1.1.r6hm6j1kvfs2jh08r6y6g6lev,1627.85%,20.73,/,125.5GiB,17.42%,109GB,/,112GB,12.7GB,/,786MB,940
2022-9-29 17:47:35,c8b279d5dd26,hadoop-slave1.1.r6hm6j1kvfs2jh08r6y6g6lev,3238.46%,23,/,125.5GiB,18.33%,109GB,/,113GB,12.7GB,/,794MB,989
2022-09-29 17:47:36,c8b279d5dd26,hadoop-slave1.1.r6hm6j1kvfs2jh08r6y6g6lev,2096.16%,23,/,125.5GiB,18.48%,109GB,/,113GB,12.7GB,/,794MB,989
2022-9-29 17:47:37,c8b279d5dd26,hadoop-slave1.1.r6hm6j1kvfs2jh08r6y6g6lev,953.87%,23.37,/,125.5GiB,18.62%,109GB,/,113GB,12.7GB,/,794MB,1059
2022-09-29 17:47:38,c8b279d5dd26,hadoop-slave1.1.r6hm6j1kvfs2jh08r6y6g6lev,2205.54%,23.37,/,125.5GiB,19.93%,109GB,/,113GB,12.7GB,/,794MB,1059
2022-9-29 17:47:39,c8b279d5dd26,hadoop-slave1.1.r6hm6j1kvfs2jh08r6y6g6lev,3457.21%,26.64,/,125.5GiB,21.23%,109GB,/,113GB,12.7GB,/,794MB,1142
2022-09-29 17:47:40,c8b279d5dd26,hadoop-slave1.1.r6hm6j1kvfs2jh08r6y6g6lev,4030.14%,26.64,/,125.5GiB,25.72%,109GB,/,113GB,12.7GB,/,794MB,1142
2022-9-29 17:47:41,c8b279d5dd26,hadoop-slave1.1.r6hm6j1kvfs2jh08r6y6g6lev,4603.07%,37.91,/,125.5GiB,30.21%,109GB,/,113GB,12.7GB,/,794MB,1169
2022-09-29 17:47:42,c8b279d5dd26,hadoop-slave1.1.r6hm6j1kvfs2jh08r6y6g6lev,4605.09%,37.91,/,125.5GiB,30.78%,109GB,/,113GB,12.7GB,/,794MB,1169
2022-9-29 17:47:43,c8b279d5dd26,hadoop-slave1.1.r6hm6j1kvfs2jh08r6y6g6lev,4607.12%,39.34,/,125.5GiB,31.35%,109GB,/,113GB,12.8GB,/,794MB,1157
2022-09-29 17:47:44,c8b279d5dd26,hadoop-slave1.1.r6hm6j1kvfs2jh08r6y6g6lev,4578.51%,39.34,/,125.5GiB,32.81%,109GB,/,113GB,12.8GB,/,794MB,1157
2022-9-29 17:47:45,c8b279d5dd26,hadoop-slave1.1.r6hm6j1kvfs2jh08r6y6g6lev,4549.89%,43.02,/,125.5GiB,34.28%,109GB,/,113GB,12.8GB,/,794MB,1166
2022-09-29 17:47:46,c8b279d5dd26,hadoop-slave1.1.r6hm6j1kvfs2jh08r6y6g6lev,4216.23%,43.02,/,125.5GiB,34.92%,109GB,/,113GB,12.8GB,/,794MB,1166
2022-09-29 17:47:47,c8b279d5dd26,hadoop-slave1.1.r6hm6j1kvfs2jh08r6y6g6lev,4216.23%,43.02,/,125.5GiB,34.92%,109GB,/,113GB,12.8GB,/,794MB,1166
2022-9-29 17:47:48,c8b279d5dd26,hadoop-slave1.1.r6hm6j1kvfs2jh08r6y6g6lev,3882.56%,44.62,/,125.5GiB,35.56%,109GB,/,113GB,12.8GB,/,794MB,1166
2022-09-29 17:47:49,c8b279d5dd26,hadoop-slave1.1.r6hm6j1kvfs2jh08r6y6g6lev,3131.13%,44.62,/,125.5GiB,32.75%,109GB,/,113GB,12.8GB,/,794MB,1166
2022-9-29 17:47:50,c8b279d5dd26,hadoop-slave1.1.r6hm6j1kvfs2jh08r6y6g6lev,2379.70%,37.57,/,125.5GiB,29.94%,109GB,/,113GB,12.8GB,/,794MB,861
2022-09-29 17:47:51,c8b279d5dd26,hadoop-slave1.1.r6hm6j1kvfs2jh08r6y6g6lev,1264.04%,37.57,/,125.5GiB,29.88%,109GB,/,113GB,12.8GB,/,794MB,861
2022-9-29 17:47:52,c8b279d5dd26,hadoop-slave1.1.r6hm6j1kvfs2jh08r6y6g6lev,148.39%,37.44,/,125.5GiB,29.83%,109GB,/,113GB,12.8GB,/,794MB,844
2022-09-29 17:47:53,c8b279d5dd26,hadoop-slave1.1.r6hm6j1kvfs2jh08r6y6g6lev,74.99%,37.44,/,125.5GiB,29.83%,109GB,/,113GB,12.8GB,/,794MB,844
2022-9-29 17:47:54,c8b279d5dd26,hadoop-slave1.1.r6hm6j1kvfs2jh08r6y6g6lev,1.60%,37.44,/,125.5GiB,29.83%,109GB,/,113GB,12.8GB,/,794MB,843
2022-09-29 17:47:55,c8b279d5dd26,hadoop-slave1.1.r6hm6j1kvfs2jh08r6y6g6lev,329.99%,37.44,/,125.5GiB,29.86%,109GB,/,113GB,12.8GB,/,794MB,843
2022-9-29 17:47:56,c8b279d5dd26,hadoop-slave1.1.r6hm6j1kvfs2jh08r6y6g6lev,658.38%,37.52,/,125.5GiB,29.90%,109GB,/,113GB,12.8GB,/,794MB,850
2022-09-29 17:47:57,c8b279d5dd26,hadoop-slave1.1.r6hm6j1kvfs2jh08r6y6g6lev,1862.07%,37.52,/,125.5GiB,30.07%,109GB,/,113GB,12.8GB,/,794MB,850
2022-9-29 17:47:58,c8b279d5dd26,hadoop-slave1.1.r6hm6j1kvfs2jh08r6y6g6lev,3065.75%,37.97,/,125.5GiB,30.25%,109GB,/,113GB,12.8GB,/,794MB,850
2022-09-29 17:47:59,c8b279d5dd26,hadoop-slave1.1.r6hm6j1kvfs2jh08r6y6g6lev,2332.88%,37.97,/,125.5GiB,31.39%,109GB,/,113GB,12.8GB,/,794MB,850
2022-9-29 17:48:00,c8b279d5dd26,hadoop-slave1.1.r6hm6j1kvfs2jh08r6y6g6lev,1600.00%,40.82,/,125.5GiB,32.53%,110GB,/,113GB,12.8GB,/,794MB,846
2022-09-29 17:48:01,c8b279d5dd26,hadoop-slave1.1.r6hm6j1kvfs2jh08r6y6g6lev,1166.91%,40.82,/,125.5GiB,33.42%,110GB,/,113GB,12.8GB,/,794MB,846
2022-9-29 17:48:02,c8b279d5dd26,hadoop-slave1.1.r6hm6j1kvfs2jh08r6y6g6lev,733.83%,43.07,/,125.5GiB,34.32%,110GB,/,113GB,12.8GB,/,794MB,848
2022-09-29 17:48:03,c8b279d5dd26,hadoop-slave1.1.r6hm6j1kvfs2jh08r6y6g6lev,1491.22%,43.07,/,125.5GiB,34.72%,110GB,/,113GB,12.8GB,/,794MB,848
2022-9-29 17:48:04,c8b279d5dd26,hadoop-slave1.1.r6hm6j1kvfs2jh08r6y6g6lev,2248.62%,44.07,/,125.5GiB,35.11%,110GB,/,113GB,12.8GB,/,794MB,846
2022-09-29 17:48:05,c8b279d5dd26,hadoop-slave1.1.r6hm6j1kvfs2jh08r6y6g6lev,2633.04%,44.07,/,125.5GiB,35.98%,110GB,/,113GB,12.8GB,/,794MB,846
2022-9-29 17:48:06,c8b279d5dd26,hadoop-slave1.1.r6hm6j1kvfs2jh08r6y6g6lev,3017.46%,46.25,/,125.5GiB,36.85%,110GB,/,113GB,12.8GB,/,794MB,847
2022-09-29 17:48:07,c8b279d5dd26,hadoop-slave1.1.r6hm6j1kvfs2jh08r6y6g6lev,1556.9%,46.25,/,125.5GiB,36.77%,110GB,/,113GB,12.8GB,/,794MB,847
2022-9-29 17:48:08,c8b279d5dd26,hadoop-slave1.1.r6hm6j1kvfs2jh08r6y6g6lev,96.34%,46.04,/,125.5GiB,36.68%,110GB,/,113GB,12.8GB,/,794MB,847
2022-09-29 17:48:09,c8b279d5dd26,hadoop-slave1.1.r6hm6j1kvfs2jh08r6y6g6lev,331.67%,46.04,/,125.5GiB,36.72%,110GB,/,113GB,12.8GB,/,794MB,847
2022-9-29 17:48:10,c8b279d5dd26,hadoop-slave1.1.r6hm6j1kvfs2jh08r6y6g6lev,567.00%,46.13,/,125.5GiB,36.76%,110GB,/,114GB,12.8GB,/,794MB,847
2022-09-29 17:48:11,c8b279d5dd26,hadoop-slave1.1.r6hm6j1kvfs2jh08r6y6g6lev,1499.49%,46.13,/,125.5GiB,36.77%,110GB,/,114GB,12.8GB,/,794MB,847
2022-9-29 17:48:12,c8b279d5dd26,hadoop-slave1.1.r6hm6j1kvfs2jh08r6y6g6lev,2431.98%,46.17,/,125.5GiB,36.79%,110GB,/,114GB,12.8GB,/,794MB,845
2022-09-29 17:48:13,c8b279d5dd26,hadoop-slave1.1.r6hm6j1kvfs2jh08r6y6g6lev,2467.59%,46.17,/,125.5GiB,36.8%,110GB,/,114GB,12.8GB,/,794MB,845
2022-9-29 17:48:14,c8b279d5dd26,hadoop-slave1.1.r6hm6j1kvfs2jh08r6y6g6lev,2503.20%,46.18,/,125.5GiB,36.80%,110GB,/,114GB,12.8GB,/,794MB,850
2022-09-29 17:48:15,c8b279d5dd26,hadoop-slave1.1.r6hm6j1kvfs2jh08r6y6g6lev,1317.43%,46.18,/,125.5GiB,36.77%,110GB,/,114GB,12.8GB,/,794MB,850
2022-9-29 17:48:16,c8b279d5dd26,hadoop-slave1.1.r6hm6j1kvfs2jh08r6y6g6lev,131.66%,46.09,/,125.5GiB,36.73%,110GB,/,114GB,12.8GB,/,794MB,863
2022-09-29 17:48:17,c8b279d5dd26,hadoop-slave1.1.r6hm6j1kvfs2jh08r6y6g6lev,163.65%,46.09,/,125.5GiB,25.52%,110GB,/,114GB,12.8GB,/,794MB,863
2022-9-29 17:48:18,c8b279d5dd26,hadoop-slave1.1.r6hm6j1kvfs2jh08r6y6g6lev,195.64%,17.97,/,125.5GiB,14.32%,110GB,/,114GB,12.8GB,/,794MB,334
2022-09-29 17:48:19,c8b279d5dd26,hadoop-slave1.1.r6hm6j1kvfs2jh08r6y6g6lev,507.96%,17.97,/,125.5GiB,14.66%,110GB,/,114GB,12.8GB,/,794MB,334
2022-9-29 17:48:20,c8b279d5dd26,hadoop-slave1.1.r6hm6j1kvfs2jh08r6y6g6lev,820.29%,18.81,/,125.5GiB,14.99%,110GB,/,114GB,12.8GB,/,794MB,602
2022-09-29 17:48:21,c8b279d5dd26,hadoop-slave1.1.r6hm6j1kvfs2jh08r6y6g6lev,431.88%,18.81,/,125.5GiB,15.12%,110GB,/,114GB,12.8GB,/,794MB,602
2022-9-29 17:48:22,c8b279d5dd26,hadoop-slave1.1.r6hm6j1kvfs2jh08r6y6g6lev,43.47%,19.14,/,125.5GiB,15.25%,110GB,/,114GB,12.8GB,/,794MB,585
2022-09-29 17:48:23,c8b279d5dd26,hadoop-slave1.1.r6hm6j1kvfs2jh08r6y6g6lev,22.47%,19.14,/,125.5GiB,15.24%,110GB,/,114GB,12.8GB,/,794MB,585
2022-9-29 17:48:24,c8b279d5dd26,hadoop-slave1.1.r6hm6j1kvfs2jh08r6y6g6lev,1.47%,19.11,/,125.5GiB,15.23%,110GB,/,114GB,12.8GB,/,794MB,559
2022-09-29 17:48:25,c8b279d5dd26,hadoop-slave1.1.r6hm6j1kvfs2jh08r6y6g6lev,1.27%,19.11,/,125.5GiB,15.23%,110GB,/,114GB,12.8GB,/,794MB,559
2022-9-29 17:48:26,c8b279d5dd26,hadoop-slave1.1.r6hm6j1kvfs2jh08r6y6g6lev,1.06%,19.11,/,125.5GiB,15.23%,110GB,/,114GB,12.8GB,/,794MB,555
2022-09-29 17:48:27,c8b279d5dd26,hadoop-slave1.1.r6hm6j1kvfs2jh08r6y6g6lev,1.08%,19.11,/,125.5GiB,15.23%,110GB,/,114GB,12.8GB,/,794MB,555
2022-9-29 17:48:28,c8b279d5dd26,hadoop-slave1.1.r6hm6j1kvfs2jh08r6y6g6lev,1.09%,19.11,/,125.5GiB,15.23%,110GB,/,114GB,12.8GB,/,794MB,553
2022-09-29 17:48:29,c8b279d5dd26,hadoop-slave1.1.r6hm6j1kvfs2jh08r6y6g6lev,1.1%,19.11,/,125.5GiB,15.23%,110GB,/,114GB,12.8GB,/,794MB,553
2022-9-29 17:48:30,c8b279d5dd26,hadoop-slave1.1.r6hm6j1kvfs2jh08r6y6g6lev,1.12%,19.11,/,125.5GiB,15.23%,110GB,/,114GB,12.8GB,/,794MB,550
2022-09-29 17:48:31,c8b279d5dd26,hadoop-slave1.1.r6hm6j1kvfs2jh08r6y6g6lev,464.36%,19.11,/,125.5GiB,15.43%,110GB,/,114GB,12.8GB,/,794MB,550
2022-9-29 17:48:32,c8b279d5dd26,hadoop-slave1.1.r6hm6j1kvfs2jh08r6y6g6lev,927.60%,19.61,/,125.5GiB,15.62%,110GB,/,114GB,12.8GB,/,796MB,563
2022-09-29 17:48:33,c8b279d5dd26,hadoop-slave1.1.r6hm6j1kvfs2jh08r6y6g6lev,828.5%,19.61,/,125.5GiB,15.82%,110GB,/,114GB,12.8GB,/,796MB,563
2022-9-29 17:48:34,c8b279d5dd26,hadoop-slave1.1.r6hm6j1kvfs2jh08r6y6g6lev,729.40%,20.11,/,125.5GiB,16.02%,110GB,/,114GB,12.8GB,/,797MB,590
2022-09-29 17:48:35,c8b279d5dd26,hadoop-slave1.1.r6hm6j1kvfs2jh08r6y6g6lev,1800.87%,20.11,/,125.5GiB,17.2%,110GB,/,114GB,12.8GB,/,797MB,590
2022-9-29 17:48:36,c8b279d5dd26,hadoop-slave1.1.r6hm6j1kvfs2jh08r6y6g6lev,2872.34%,23.08,/,125.5GiB,18.39%,110GB,/,114GB,12.8GB,/,797MB,667
2022-09-29 17:48:37,c8b279d5dd26,hadoop-slave1.1.r6hm6j1kvfs2jh08r6y6g6lev,2929.36%,23.08,/,125.5GiB,19.83%,110GB,/,114GB,12.8GB,/,797MB,667
2022-9-29 17:48:38,c8b279d5dd26,hadoop-slave1.1.r6hm6j1kvfs2jh08r6y6g6lev,2986.37%,26.69,/,125.5GiB,21.27%,110GB,/,114GB,12.8GB,/,797MB,666
2022-09-29 17:48:39,c8b279d5dd26,hadoop-slave1.1.r6hm6j1kvfs2jh08r6y6g6lev,1558.52%,26.69,/,125.5GiB,21.2%,110GB,/,114GB,12.8GB,/,797MB,666
2022-9-29 17:48:40,c8b279d5dd26,hadoop-slave1.1.r6hm6j1kvfs2jh08r6y6g6lev,130.67%,26.53,/,125.5GiB,21.14%,110GB,/,114GB,12.8GB,/,797MB,656
2022-09-29 17:48:41,c8b279d5dd26,hadoop-slave1.1.r6hm6j1kvfs2jh08r6y6g6lev,713.46%,26.53,/,125.5GiB,21.18%,110GB,/,114GB,12.8GB,/,797MB,656
2022-9-29 17:48:42,c8b279d5dd26,hadoop-slave1.1.r6hm6j1kvfs2jh08r6y6g6lev,1296.24%,26.63,/,125.5GiB,21.22%,110GB,/,114GB,12.9GB,/,797MB,660
2022-09-29 17:48:43,c8b279d5dd26,hadoop-slave1.1.r6hm6j1kvfs2jh08r6y6g6lev,1188.85%,26.63,/,125.5GiB,21.39%,110GB,/,114GB,12.9GB,/,797MB,660
2022-9-29 17:48:44,c8b279d5dd26,hadoop-slave1.1.r6hm6j1kvfs2jh08r6y6g6lev,1081.46%,27.06,/,125.5GiB,21.56%,111GB,/,115GB,12.9GB,/,797MB,656
2022-09-29 17:48:45,c8b279d5dd26,hadoop-slave1.1.r6hm6j1kvfs2jh08r6y6g6lev,1654.31%,27.06,/,125.5GiB,21.82%,111GB,/,115GB,12.9GB,/,797MB,656
2022-9-29 17:48:46,c8b279d5dd26,hadoop-slave1.1.r6hm6j1kvfs2jh08r6y6g6lev,2227.16%,27.72,/,125.5GiB,22.09%,111GB,/,115GB,12.9GB,/,797MB,658
2022-09-29 17:48:47,c8b279d5dd26,hadoop-slave1.1.r6hm6j1kvfs2jh08r6y6g6lev,1926.98%,27.72,/,125.5GiB,22.3%,111GB,/,115GB,12.9GB,/,797MB,658
2022-9-29 17:48:48,c8b279d5dd26,hadoop-slave1.1.r6hm6j1kvfs2jh08r6y6g6lev,1626.80%,28.26,/,125.5GiB,22.52%,111GB,/,115GB,12.9GB,/,797MB,653
2022-09-29 17:48:49,c8b279d5dd26,hadoop-slave1.1.r6hm6j1kvfs2jh08r6y6g6lev,1060.93%,28.26,/,125.5GiB,22.52%,111GB,/,115GB,12.9GB,/,797MB,653
2022-9-29 17:48:50,c8b279d5dd26,hadoop-slave1.1.r6hm6j1kvfs2jh08r6y6g6lev,495.07%,28.28,/,125.5GiB,22.53%,111GB,/,115GB,12.9GB,/,797MB,653
2022-09-29 17:48:51,c8b279d5dd26,hadoop-slave1.1.r6hm6j1kvfs2jh08r6y6g6lev,320.75%,28.28,/,125.5GiB,19.46%,111GB,/,115GB,12.9GB,/,797MB,653
2022-9-29 17:48:52,c8b279d5dd26,hadoop-slave1.1.r6hm6j1kvfs2jh08r6y6g6lev,146.44%,20.57,/,125.5GiB,16.39%,111GB,/,115GB,13GB,/,797MB,346
2022-09-29 17:48:53,c8b279d5dd26,hadoop-slave1.1.r6hm6j1kvfs2jh08r6y6g6lev,82.62%,20.57,/,125.5GiB,15.32%,111GB,/,115GB,13GB,/,797MB,346
2022-09-29 17:48:54,c8b279d5dd26,hadoop-slave1.1.r6hm6j1kvfs2jh08r6y6g6lev,82.62%,20.57,/,125.5GiB,15.32%,111GB,/,115GB,13GB,/,797MB,346
2022-9-29 17:48:55,c8b279d5dd26,hadoop-slave1.1.r6hm6j1kvfs2jh08r6y6g6lev,18.81%,17.89,/,125.5GiB,14.25%,111GB,/,115GB,13GB,/,797MB,331
2022-09-29 17:48:56,c8b279d5dd26,hadoop-slave1.1.r6hm6j1kvfs2jh08r6y6g6lev,17.46%,17.89,/,125.5GiB,14.25%,111GB,/,115GB,13GB,/,797MB,331
2022-9-29 17:48:57,c8b279d5dd26,hadoop-slave1.1.r6hm6j1kvfs2jh08r6y6g6lev,16.11%,17.89,/,125.5GiB,14.25%,111GB,/,116GB,13.1GB,/,797MB,327
2022-09-29 17:48:58,c8b279d5dd26,hadoop-slave1.1.r6hm6j1kvfs2jh08r6y6g6lev,14.91%,17.89,/,125.5GiB,14.25%,111GB,/,116GB,13.1GB,/,797MB,327
2022-9-29 17:48:59,c8b279d5dd26,hadoop-slave1.1.r6hm6j1kvfs2jh08r6y6g6lev,13.72%,17.89,/,125.5GiB,14.25%,111GB,/,116GB,13.1GB,/,797MB,326
2022-09-29 17:49:00,c8b279d5dd26,hadoop-slave1.1.r6hm6j1kvfs2jh08r6y6g6lev,16.57%,17.89,/,125.5GiB,14.21%,111GB,/,116GB,13.1GB,/,797MB,326
2022-9-29 17:49:01,c8b279d5dd26,hadoop-slave1.1.r6hm6j1kvfs2jh08r6y6g6lev,19.42%,17.79,/,125.5GiB,14.18%,111GB,/,116GB,13.1GB,/,797MB,325
2022-09-29 17:49:02,c8b279d5dd26,hadoop-slave1.1.r6hm6j1kvfs2jh08r6y6g6lev,13.2%,17.79,/,125.5GiB,14.18%,111GB,/,116GB,13.1GB,/,797MB,325
2022-9-29 17:49:03,c8b279d5dd26,hadoop-slave1.1.r6hm6j1kvfs2jh08r6y6g6lev,6.98%,17.79,/,125.5GiB,14.18%,111GB,/,116GB,13.1GB,/,797MB,324
2022-09-29 17:49:04,c8b279d5dd26,hadoop-slave1.1.r6hm6j1kvfs2jh08r6y6g6lev,5.66%,17.79,/,125.5GiB,14.18%,111GB,/,116GB,13.1GB,/,797MB,324
2022-9-29 17:49:05,c8b279d5dd26,hadoop-slave1.1.r6hm6j1kvfs2jh08r6y6g6lev,4.33%,17.8,/,125.5GiB,14.18%,111GB,/,116GB,13.1GB,/,797MB,324
2022-09-29 17:49:06,c8b279d5dd26,hadoop-slave1.1.r6hm6j1kvfs2jh08r6y6g6lev,5.15%,17.8,/,125.5GiB,14.18%,111GB,/,116GB,13.1GB,/,797MB,324
2022-9-29 17:49:07,c8b279d5dd26,hadoop-slave1.1.r6hm6j1kvfs2jh08r6y6g6lev,5.97%,17.79,/,125.5GiB,14.18%,111GB,/,116GB,13.1GB,/,797MB,324
2022-09-29 17:49:08,c8b279d5dd26,hadoop-slave1.1.r6hm6j1kvfs2jh08r6y6g6lev,6.62%,17.79,/,125.5GiB,14.18%,111GB,/,116GB,13.1GB,/,797MB,324
2022-9-29 17:49:09,c8b279d5dd26,hadoop-slave1.1.r6hm6j1kvfs2jh08r6y6g6lev,7.27%,17.79,/,125.5GiB,14.18%,111GB,/,116GB,13.1GB,/,797MB,323
2022-09-29 17:49:10,c8b279d5dd26,hadoop-slave1.1.r6hm6j1kvfs2jh08r6y6g6lev,6.62%,17.79,/,125.5GiB,14.18%,111GB,/,116GB,13.1GB,/,797MB,323
2022-9-29 17:49:11,c8b279d5dd26,hadoop-slave1.1.r6hm6j1kvfs2jh08r6y6g6lev,5.98%,17.8,/,125.5GiB,14.18%,111GB,/,116GB,13.1GB,/,797MB,323
2022-09-29 17:49:12,c8b279d5dd26,hadoop-slave1.1.r6hm6j1kvfs2jh08r6y6g6lev,8.86%,17.8,/,125.5GiB,14.18%,111GB,/,116GB,13.1GB,/,797MB,323
2022-9-29 17:49:13,c8b279d5dd26,hadoop-slave1.1.r6hm6j1kvfs2jh08r6y6g6lev,11.73%,17.8,/,125.5GiB,14.18%,111GB,/,116GB,13.2GB,/,797MB,331
2022-09-29 17:49:14,c8b279d5dd26,hadoop-slave1.1.r6hm6j1kvfs2jh08r6y6g6lev,11.86%,17.8,/,125.5GiB,14.18%,111GB,/,116GB,13.2GB,/,797MB,331
2022-9-29 17:49:15,c8b279d5dd26,hadoop-slave1.1.r6hm6j1kvfs2jh08r6y6g6lev,11.98%,17.8,/,125.5GiB,14.18%,111GB,/,116GB,13.2GB,/,797MB,332
2022-09-29 17:49:16,c8b279d5dd26,hadoop-slave1.1.r6hm6j1kvfs2jh08r6y6g6lev,13.86%,17.8,/,125.5GiB,14.18%,111GB,/,116GB,13.2GB,/,797MB,332
2022-9-29 17:49:17,c8b279d5dd26,hadoop-slave1.1.r6hm6j1kvfs2jh08r6y6g6lev,15.74%,17.8,/,125.5GiB,14.18%,111GB,/,117GB,13.2GB,/,797MB,327
2022-09-29 17:49:18,c8b279d5dd26,hadoop-slave1.1.r6hm6j1kvfs2jh08r6y6g6lev,14.69%,17.8,/,125.5GiB,14.18%,111GB,/,117GB,13.2GB,/,797MB,327
2022-9-29 17:49:19,c8b279d5dd26,hadoop-slave1.1.r6hm6j1kvfs2jh08r6y6g6lev,13.63%,17.8,/,125.5GiB,14.18%,111GB,/,117GB,13.2GB,/,797MB,323
2022-09-29 17:49:20,c8b279d5dd26,hadoop-slave1.1.r6hm6j1kvfs2jh08r6y6g6lev,10.96%,17.8,/,125.5GiB,14.18%,111GB,/,117GB,13.2GB,/,797MB,323
2022-9-29 17:49:21,c8b279d5dd26,hadoop-slave1.1.r6hm6j1kvfs2jh08r6y6g6lev,8.29%,17.8,/,125.5GiB,14.18%,111GB,/,117GB,13.2GB,/,797MB,321
2022-09-29 17:49:22,c8b279d5dd26,hadoop-slave1.1.r6hm6j1kvfs2jh08r6y6g6lev,7.94%,17.8,/,125.5GiB,14.18%,111GB,/,117GB,13.2GB,/,797MB,321
2022-9-29 17:49:23,c8b279d5dd26,hadoop-slave1.1.r6hm6j1kvfs2jh08r6y6g6lev,7.60%,17.8,/,125.5GiB,14.18%,111GB,/,117GB,13.2GB,/,797MB,320
2022-09-29 17:49:24,c8b279d5dd26,hadoop-slave1.1.r6hm6j1kvfs2jh08r6y6g6lev,7.96%,17.8,/,125.5GiB,14.18%,111GB,/,117GB,13.2GB,/,797MB,320
2022-9-29 17:49:25,c8b279d5dd26,hadoop-slave1.1.r6hm6j1kvfs2jh08r6y6g6lev,8.33%,17.8,/,125.5GiB,14.18%,111GB,/,117GB,13.2GB,/,797MB,319
2022-09-29 17:49:26,c8b279d5dd26,hadoop-slave1.1.r6hm6j1kvfs2jh08r6y6g6lev,9.45%,17.8,/,125.5GiB,14.18%,111GB,/,117GB,13.2GB,/,797MB,319
2022-9-29 17:49:27,c8b279d5dd26,hadoop-slave1.1.r6hm6j1kvfs2jh08r6y6g6lev,10.57%,17.8,/,125.5GiB,14.18%,111GB,/,117GB,13.2GB,/,797MB,321
2022-09-29 17:49:28,c8b279d5dd26,hadoop-slave1.1.r6hm6j1kvfs2jh08r6y6g6lev,9.43%,17.8,/,125.5GiB,14.18%,111GB,/,117GB,13.2GB,/,797MB,321
2022-9-29 17:49:29,c8b279d5dd26,hadoop-slave1.1.r6hm6j1kvfs2jh08r6y6g6lev,8.29%,17.8,/,125.5GiB,14.18%,111GB,/,117GB,13.2GB,/,797MB,318
2022-09-29 17:49:30,c8b279d5dd26,hadoop-slave1.1.r6hm6j1kvfs2jh08r6y6g6lev,9.77%,17.8,/,125.5GiB,14.18%,111GB,/,117GB,13.2GB,/,797MB,318
2022-9-29 17:49:31,c8b279d5dd26,hadoop-slave1.1.r6hm6j1kvfs2jh08r6y6g6lev,11.26%,17.8,/,125.5GiB,14.18%,111GB,/,117GB,13.3GB,/,797MB,323
2022-09-29 17:49:32,c8b279d5dd26,hadoop-slave1.1.r6hm6j1kvfs2jh08r6y6g6lev,15.18%,17.8,/,125.5GiB,14.18%,111GB,/,117GB,13.3GB,/,797MB,323
2022-9-29 17:49:33,c8b279d5dd26,hadoop-slave1.1.r6hm6j1kvfs2jh08r6y6g6lev,19.09%,17.8,/,125.5GiB,14.18%,111GB,/,118GB,13.3GB,/,797MB,322
2022-09-29 17:49:34,c8b279d5dd26,hadoop-slave1.1.r6hm6j1kvfs2jh08r6y6g6lev,17.93%,17.8,/,125.5GiB,14.18%,111GB,/,118GB,13.3GB,/,797MB,322
2022-9-29 17:49:35,c8b279d5dd26,hadoop-slave1.1.r6hm6j1kvfs2jh08r6y6g6lev,16.77%,17.8,/,125.5GiB,14.18%,111GB,/,118GB,13.3GB,/,797MB,321
2022-09-29 17:49:36,c8b279d5dd26,hadoop-slave1.1.r6hm6j1kvfs2jh08r6y6g6lev,11.8%,17.8,/,125.5GiB,14.18%,111GB,/,118GB,13.3GB,/,797MB,321
2022-9-29 17:49:37,c8b279d5dd26,hadoop-slave1.1.r6hm6j1kvfs2jh08r6y6g6lev,6.84%,17.8,/,125.5GiB,14.18%,111GB,/,118GB,13.4GB,/,797MB,319
2022-09-29 17:49:38,c8b279d5dd26,hadoop-slave1.1.r6hm6j1kvfs2jh08r6y6g6lev,3.98%,17.8,/,125.5GiB,14.18%,111GB,/,118GB,13.4GB,/,797MB,319
2022-9-29 17:49:39,c8b279d5dd26,hadoop-slave1.1.r6hm6j1kvfs2jh08r6y6g6lev,1.13%,17.8,/,125.5GiB,14.18%,111GB,/,118GB,13.4GB,/,797MB,317
2022-09-29 17:49:40,c8b279d5dd26,hadoop-slave1.1.r6hm6j1kvfs2jh08r6y6g6lev,1.1%,17.8,/,125.5GiB,14.18%,111GB,/,118GB,13.4GB,/,797MB,317
2022-9-29 17:49:41,c8b279d5dd26,hadoop-slave1.1.r6hm6j1kvfs2jh08r6y6g6lev,1.08%,17.8,/,125.5GiB,14.18%,111GB,/,118GB,13.4GB,/,797MB,310
2022-09-29 17:49:42,c8b279d5dd26,hadoop-slave1.1.r6hm6j1kvfs2jh08r6y6g6lev,1.98%,17.8,/,125.5GiB,14.18%,111GB,/,118GB,13.4GB,/,797MB,310
2022-9-29 17:49:43,c8b279d5dd26,hadoop-slave1.1.r6hm6j1kvfs2jh08r6y6g6lev,2.88%,17.8,/,125.5GiB,14.18%,111GB,/,118GB,13.4GB,/,797MB,310
2022-09-29 17:49:44,c8b279d5dd26,hadoop-slave1.1.r6hm6j1kvfs2jh08r6y6g6lev,2.57%,17.8,/,125.5GiB,14.18%,111GB,/,118GB,13.4GB,/,797MB,310
2022-9-29 17:49:45,c8b279d5dd26,hadoop-slave1.1.r6hm6j1kvfs2jh08r6y6g6lev,2.26%,17.8,/,125.5GiB,14.18%,111GB,/,118GB,13.4GB,/,797MB,310
2022-09-29 17:49:46,c8b279d5dd26,hadoop-slave1.1.r6hm6j1kvfs2jh08r6y6g6lev,2.42%,17.8,/,125.5GiB,14.18%,111GB,/,118GB,13.4GB,/,797MB,310
2022-9-29 17:49:47,c8b279d5dd26,hadoop-slave1.1.r6hm6j1kvfs2jh08r6y6g6lev,2.59%,17.8,/,125.5GiB,14.18%,111GB,/,118GB,13.4GB,/,797MB,310
2022-09-29 17:49:48,c8b279d5dd26,hadoop-slave1.1.r6hm6j1kvfs2jh08r6y6g6lev,9.28%,17.8,/,125.5GiB,14.18%,111GB,/,118GB,13.4GB,/,797MB,310
2022-09-29 17:49:49,c8b279d5dd26,hadoop-slave1.1.r6hm6j1kvfs2jh08r6y6g6lev,9.28%,17.8,/,125.5GiB,14.18%,111GB,/,118GB,13.4GB,/,797MB,310
2022-9-29 17:49:50,c8b279d5dd26,hadoop-slave1.1.r6hm6j1kvfs2jh08r6y6g6lev,15.97%,17.8,/,125.5GiB,14.18%,111GB,/,118GB,13.4GB,/,797MB,315
2022-09-29 17:49:51,c8b279d5dd26,hadoop-slave1.1.r6hm6j1kvfs2jh08r6y6g6lev,14.29%,17.8,/,125.5GiB,14.18%,111GB,/,118GB,13.4GB,/,797MB,315
2022-9-29 17:49:52,c8b279d5dd26,hadoop-slave1.1.r6hm6j1kvfs2jh08r6y6g6lev,12.62%,17.8,/,125.5GiB,14.18%,111GB,/,118GB,13.4GB,/,797MB,322
2022-09-29 17:49:53,c8b279d5dd26,hadoop-slave1.1.r6hm6j1kvfs2jh08r6y6g6lev,17.26%,17.8,/,125.5GiB,14.18%,111GB,/,118GB,13.4GB,/,797MB,322
2022-9-29 17:49:54,c8b279d5dd26,hadoop-slave1.1.r6hm6j1kvfs2jh08r6y6g6lev,21.90%,17.8,/,125.5GiB,14.18%,111GB,/,118GB,13.4GB,/,797MB,313
2022-09-29 17:49:55,c8b279d5dd26,hadoop-slave1.1.r6hm6j1kvfs2jh08r6y6g6lev,14.64%,17.8,/,125.5GiB,14.18%,111GB,/,118GB,13.4GB,/,797MB,313
2022-9-29 17:49:56,c8b279d5dd26,hadoop-slave1.1.r6hm6j1kvfs2jh08r6y6g6lev,7.38%,17.8,/,125.5GiB,14.18%,111GB,/,118GB,13.4GB,/,797MB,309
2022-09-29 17:49:57,c8b279d5dd26,hadoop-slave1.1.r6hm6j1kvfs2jh08r6y6g6lev,9.16%,17.8,/,125.5GiB,14.18%,111GB,/,118GB,13.4GB,/,797MB,309
2022-9-29 17:49:58,c8b279d5dd26,hadoop-slave1.1.r6hm6j1kvfs2jh08r6y6g6lev,10.94%,17.8,/,125.5GiB,14.18%,111GB,/,118GB,13.4GB,/,797MB,312
2022-09-29 17:49:59,c8b279d5dd26,hadoop-slave1.1.r6hm6j1kvfs2jh08r6y6g6lev,10.29%,17.8,/,125.5GiB,14.18%,111GB,/,118GB,13.4GB,/,797MB,312
2022-9-29 17:50:00,c8b279d5dd26,hadoop-slave1.1.r6hm6j1kvfs2jh08r6y6g6lev,9.64%,17.8,/,125.5GiB,14.18%,111GB,/,118GB,13.5GB,/,797MB,309
2022-09-29 17:50:01,c8b279d5dd26,hadoop-slave1.1.r6hm6j1kvfs2jh08r6y6g6lev,8.5%,17.8,/,125.5GiB,14.18%,111GB,/,118GB,13.5GB,/,797MB,309
2022-9-29 17:50:02,c8b279d5dd26,hadoop-slave1.1.r6hm6j1kvfs2jh08r6y6g6lev,7.36%,17.8,/,125.5GiB,14.18%,111GB,/,118GB,13.5GB,/,797MB,307
2022-09-29 17:50:03,c8b279d5dd26,hadoop-slave1.1.r6hm6j1kvfs2jh08r6y6g6lev,15.26%,17.8,/,125.5GiB,14.18%,111GB,/,118GB,13.5GB,/,797MB,307
2022-9-29 17:50:04,c8b279d5dd26,hadoop-slave1.1.r6hm6j1kvfs2jh08r6y6g6lev,23.16%,17.8,/,125.5GiB,14.18%,111GB,/,119GB,13.5GB,/,797MB,309
2022-09-29 17:50:05,c8b279d5dd26,hadoop-slave1.1.r6hm6j1kvfs2jh08r6y6g6lev,14.92%,17.8,/,125.5GiB,14.18%,111GB,/,119GB,13.5GB,/,797MB,309
2022-9-29 17:50:06,c8b279d5dd26,hadoop-slave1.1.r6hm6j1kvfs2jh08r6y6g6lev,6.68%,17.8,/,125.5GiB,14.18%,111GB,/,119GB,13.5GB,/,797MB,307
2022-09-29 17:50:07,c8b279d5dd26,hadoop-slave1.1.r6hm6j1kvfs2jh08r6y6g6lev,4.1%,17.8,/,125.5GiB,14.18%,111GB,/,119GB,13.5GB,/,797MB,307
2022-9-29 17:50:08,c8b279d5dd26,hadoop-slave1.1.r6hm6j1kvfs2jh08r6y6g6lev,1.52%,17.8,/,125.5GiB,14.18%,111GB,/,119GB,13.5GB,/,797MB,302
2022-09-29 17:50:09,c8b279d5dd26,hadoop-slave1.1.r6hm6j1kvfs2jh08r6y6g6lev,1.16%,17.8,/,125.5GiB,14.18%,111GB,/,119GB,13.5GB,/,797MB,302
2022-9-29 17:50:10,c8b279d5dd26,hadoop-slave1.1.r6hm6j1kvfs2jh08r6y6g6lev,0.79%,17.8,/,125.5GiB,14.18%,111GB,/,119GB,13.5GB,/,797MB,301
2022-09-29 17:50:11,c8b279d5dd26,hadoop-slave1.1.r6hm6j1kvfs2jh08r6y6g6lev,0.84%,17.8,/,125.5GiB,14.18%,111GB,/,119GB,13.5GB,/,797MB,301
2022-9-29 17:50:12,c8b279d5dd26,hadoop-slave1.1.r6hm6j1kvfs2jh08r6y6g6lev,0.89%,17.8,/,125.5GiB,14.18%,111GB,/,119GB,13.5GB,/,797MB,301
2022-09-29 17:50:13,c8b279d5dd26,hadoop-slave1.1.r6hm6j1kvfs2jh08r6y6g6lev,0.84%,17.8,/,125.5GiB,14.18%,111GB,/,119GB,13.5GB,/,797MB,301
2022-9-29 17:50:14,c8b279d5dd26,hadoop-slave1.1.r6hm6j1kvfs2jh08r6y6g6lev,0.79%,17.8,/,125.5GiB,14.18%,111GB,/,119GB,13.5GB,/,797MB,301
2022-09-29 17:50:15,c8b279d5dd26,hadoop-slave1.1.r6hm6j1kvfs2jh08r6y6g6lev,0.79%,17.8,/,125.5GiB,14.18%,111GB,/,119GB,13.5GB,/,797MB,301
2022-9-29 17:50:16,c8b279d5dd26,hadoop-slave1.1.r6hm6j1kvfs2jh08r6y6g6lev,0.78%,17.8,/,125.5GiB,14.18%,111GB,/,119GB,13.5GB,/,797MB,301
2022-09-29 17:50:17,c8b279d5dd26,hadoop-slave1.1.r6hm6j1kvfs2jh08r6y6g6lev,0.83%,17.8,/,125.5GiB,14.18%,111GB,/,119GB,13.5GB,/,797MB,301
2022-9-29 17:50:18,c8b279d5dd26,hadoop-slave1.1.r6hm6j1kvfs2jh08r6y6g6lev,0.89%,17.8,/,125.5GiB,14.18%,111GB,/,119GB,13.5GB,/,797MB,301
2022-09-29 17:50:19,c8b279d5dd26,hadoop-slave1.1.r6hm6j1kvfs2jh08r6y6g6lev,0.84%,17.8,/,125.5GiB,14.18%,111GB,/,119GB,13.5GB,/,797MB,301
2022-9-29 17:50:20,c8b279d5dd26,hadoop-slave1.1.r6hm6j1kvfs2jh08r6y6g6lev,0.80%,17.8,/,125.5GiB,14.18%,111GB,/,119GB,13.5GB,/,797MB,301
2022-09-29 17:50:21,c8b279d5dd26,hadoop-slave1.1.r6hm6j1kvfs2jh08r6y6g6lev,0.86%,17.8,/,125.5GiB,14.18%,111GB,/,119GB,13.5GB,/,797MB,301
2022-9-29 17:50:22,c8b279d5dd26,hadoop-slave1.1.r6hm6j1kvfs2jh08r6y6g6lev,0.92%,17.8,/,125.5GiB,14.18%,111GB,/,119GB,13.5GB,/,797MB,301
2022-09-29 17:50:23,c8b279d5dd26,hadoop-slave1.1.r6hm6j1kvfs2jh08r6y6g6lev,0.85%,17.8,/,125.5GiB,14.18%,111GB,/,119GB,13.5GB,/,797MB,301
2022-9-29 17:50:24,c8b279d5dd26,hadoop-slave1.1.r6hm6j1kvfs2jh08r6y6g6lev,0.78%,17.8,/,125.5GiB,14.18%,111GB,/,119GB,13.5GB,/,797MB,301
2022-09-29 17:50:25,c8b279d5dd26,hadoop-slave1.1.r6hm6j1kvfs2jh08r6y6g6lev,0.73%,17.8,/,125.5GiB,14.18%,111GB,/,119GB,13.5GB,/,797MB,301
2022-9-29 17:50:26,c8b279d5dd26,hadoop-slave1.1.r6hm6j1kvfs2jh08r6y6g6lev,0.68%,17.8,/,125.5GiB,14.18%,111GB,/,119GB,13.5GB,/,797MB,301
2022-09-29 17:50:27,c8b279d5dd26,hadoop-slave1.1.r6hm6j1kvfs2jh08r6y6g6lev,0.72%,17.8,/,125.5GiB,14.18%,111GB,/,119GB,13.5GB,/,797MB,301
2022-9-29 17:50:28,c8b279d5dd26,hadoop-slave1.1.r6hm6j1kvfs2jh08r6y6g6lev,0.75%,17.8,/,125.5GiB,14.18%,111GB,/,119GB,13.5GB,/,797MB,302
2022-09-29 17:50:29,c8b279d5dd26,hadoop-slave1.1.r6hm6j1kvfs2jh08r6y6g6lev,0.74%,17.8,/,125.5GiB,14.18%,111GB,/,119GB,13.5GB,/,797MB,302
2022-9-29 17:50:30,c8b279d5dd26,hadoop-slave1.1.r6hm6j1kvfs2jh08r6y6g6lev,0.74%,17.8,/,125.5GiB,14.18%,111GB,/,119GB,13.5GB,/,797MB,302
2022-09-29 17:50:31,c8b279d5dd26,hadoop-slave1.1.r6hm6j1kvfs2jh08r6y6g6lev,0.76%,17.8,/,125.5GiB,14.18%,111GB,/,119GB,13.5GB,/,797MB,302
2022-9-29 17:50:32,c8b279d5dd26,hadoop-slave1.1.r6hm6j1kvfs2jh08r6y6g6lev,0.78%,17.8,/,125.5GiB,14.18%,111GB,/,119GB,13.5GB,/,797MB,302
2022-09-29 17:50:33,c8b279d5dd26,hadoop-slave1.1.r6hm6j1kvfs2jh08r6y6g6lev,0.73%,17.8,/,125.5GiB,14.18%,111GB,/,119GB,13.5GB,/,797MB,302
2022-9-29 17:50:34,c8b279d5dd26,hadoop-slave1.1.r6hm6j1kvfs2jh08r6y6g6lev,0.67%,17.8,/,125.5GiB,14.18%,111GB,/,119GB,13.5GB,/,797MB,302
2022-09-29 17:50:35,c8b279d5dd26,hadoop-slave1.1.r6hm6j1kvfs2jh08r6y6g6lev,0.73%,17.8,/,125.5GiB,14.18%,111GB,/,119GB,13.5GB,/,797MB,302
2022-9-29 17:50:36,c8b279d5dd26,hadoop-slave1.1.r6hm6j1kvfs2jh08r6y6g6lev,0.79%,17.8,/,125.5GiB,14.18%,111GB,/,119GB,13.5GB,/,797MB,302
2022-09-29 17:50:37,c8b279d5dd26,hadoop-slave1.1.r6hm6j1kvfs2jh08r6y6g6lev,0.77%,17.8,/,125.5GiB,14.18%,111GB,/,119GB,13.5GB,/,797MB,302
2022-9-29 17:50:38,c8b279d5dd26,hadoop-slave1.1.r6hm6j1kvfs2jh08r6y6g6lev,0.74%,17.8,/,125.5GiB,14.18%,111GB,/,119GB,13.5GB,/,797MB,302
2022-09-29 17:50:39,c8b279d5dd26,hadoop-slave1.1.r6hm6j1kvfs2jh08r6y6g6lev,0.69%,17.8,/,125.5GiB,14.18%,111GB,/,119GB,13.5GB,/,797MB,302
2022-9-29 17:50:40,c8b279d5dd26,hadoop-slave1.1.r6hm6j1kvfs2jh08r6y6g6lev,0.63%,17.8,/,125.5GiB,14.18%,111GB,/,119GB,13.5GB,/,797MB,302
2022-09-29 17:50:41,c8b279d5dd26,hadoop-slave1.1.r6hm6j1kvfs2jh08r6y6g6lev,3.12%,17.8,/,125.5GiB,14.18%,111GB,/,119GB,13.5GB,/,797MB,302
2022-9-29 17:50:42,c8b279d5dd26,hadoop-slave1.1.r6hm6j1kvfs2jh08r6y6g6lev,5.62%,17.8,/,125.5GiB,14.19%,111GB,/,119GB,13.5GB,/,797MB,303
2022-09-29 17:50:43,c8b279d5dd26,hadoop-slave1.1.r6hm6j1kvfs2jh08r6y6g6lev,5.06%,17.8,/,125.5GiB,14.18%,111GB,/,119GB,13.5GB,/,797MB,303
2022-9-29 17:50:44,c8b279d5dd26,hadoop-slave1.1.r6hm6j1kvfs2jh08r6y6g6lev,4.51%,17.8,/,125.5GiB,14.18%,111GB,/,119GB,13.5GB,/,797MB,306
2022-09-29 17:50:45,c8b279d5dd26,hadoop-slave1.1.r6hm6j1kvfs2jh08r6y6g6lev,4.87%,17.8,/,125.5GiB,14.18%,111GB,/,119GB,13.5GB,/,797MB,306
2022-9-29 17:50:46,c8b279d5dd26,hadoop-slave1.1.r6hm6j1kvfs2jh08r6y6g6lev,5.22%,17.81,/,125.5GiB,14.19%,111GB,/,119GB,13.5GB,/,797MB,305
2022-09-29 17:50:47,c8b279d5dd26,hadoop-slave1.1.r6hm6j1kvfs2jh08r6y6g6lev,4.0%,17.81,/,125.5GiB,14.2%,111GB,/,119GB,13.5GB,/,797MB,305
2022-9-29 17:50:48,c8b279d5dd26,hadoop-slave1.1.r6hm6j1kvfs2jh08r6y6g6lev,2.79%,17.82,/,125.5GiB,14.20%,111GB,/,119GB,13.5GB,/,797MB,306
2022-09-29 17:50:49,c8b279d5dd26,hadoop-slave1.1.r6hm6j1kvfs2jh08r6y6g6lev,3.53%,17.82,/,125.5GiB,14.2%,111GB,/,119GB,13.5GB,/,797MB,306
2022-09-29 17:50:50,c8b279d5dd26,hadoop-slave1.1.r6hm6j1kvfs2jh08r6y6g6lev,3.53%,17.82,/,125.5GiB,14.2%,111GB,/,119GB,13.5GB,/,797MB,306
2022-9-29 17:50:51,c8b279d5dd26,hadoop-slave1.1.r6hm6j1kvfs2jh08r6y6g6lev,4.27%,17.82,/,125.5GiB,14.20%,111GB,/,119GB,13.5GB,/,797MB,306
2022-09-29 17:50:52,c8b279d5dd26,hadoop-slave1.1.r6hm6j1kvfs2jh08r6y6g6lev,5.4%,17.82,/,125.5GiB,14.21%,111GB,/,119GB,13.5GB,/,797MB,306
2022-9-29 17:50:53,c8b279d5dd26,hadoop-slave1.1.r6hm6j1kvfs2jh08r6y6g6lev,6.54%,17.84,/,125.5GiB,14.21%,111GB,/,119GB,13.5GB,/,797MB,305
2022-09-29 17:50:54,c8b279d5dd26,hadoop-slave1.1.r6hm6j1kvfs2jh08r6y6g6lev,8.52%,17.84,/,125.5GiB,14.21%,111GB,/,119GB,13.5GB,/,797MB,305
2022-9-29 17:50:55,c8b279d5dd26,hadoop-slave1.1.r6hm6j1kvfs2jh08r6y6g6lev,10.50%,17.85,/,125.5GiB,14.22%,111GB,/,119GB,13.5GB,/,797MB,309
2022-09-29 17:50:56,c8b279d5dd26,hadoop-slave1.1.r6hm6j1kvfs2jh08r6y6g6lev,10.32%,17.85,/,125.5GiB,14.23%,111GB,/,119GB,13.5GB,/,797MB,309
2022-9-29 17:50:57,c8b279d5dd26,hadoop-slave1.1.r6hm6j1kvfs2jh08r6y6g6lev,10.13%,17.87,/,125.5GiB,14.24%,111GB,/,119GB,13.5GB,/,797MB,308
2022-09-29 17:50:58,c8b279d5dd26,hadoop-slave1.1.r6hm6j1kvfs2jh08r6y6g6lev,11.57%,17.87,/,125.5GiB,14.25%,111GB,/,119GB,13.5GB,/,797MB,308
2022-9-29 17:50:59,c8b279d5dd26,hadoop-slave1.1.r6hm6j1kvfs2jh08r6y6g6lev,13.02%,17.9,/,125.5GiB,14.26%,111GB,/,119GB,13.6GB,/,797MB,308
2022-09-29 17:51:00,c8b279d5dd26,hadoop-slave1.1.r6hm6j1kvfs2jh08r6y6g6lev,6.81%,17.9,/,125.5GiB,14.26%,111GB,/,119GB,13.6GB,/,797MB,308
2022-9-29 17:51:01,c8b279d5dd26,hadoop-slave1.1.r6hm6j1kvfs2jh08r6y6g6lev,0.60%,17.9,/,125.5GiB,14.26%,111GB,/,119GB,13.6GB,/,797MB,302
2022-09-29 17:51:02,c8b279d5dd26,hadoop-slave1.1.r6hm6j1kvfs2jh08r6y6g6lev,0.64%,17.9,/,125.5GiB,14.26%,111GB,/,119GB,13.6GB,/,797MB,302
2022-9-29 17:51:03,c8b279d5dd26,hadoop-slave1.1.r6hm6j1kvfs2jh08r6y6g6lev,0.68%,17.9,/,125.5GiB,14.26%,111GB,/,119GB,13.6GB,/,797MB,302
2022-09-29 17:51:04,c8b279d5dd26,hadoop-slave1.1.r6hm6j1kvfs2jh08r6y6g6lev,0.62%,17.9,/,125.5GiB,14.26%,111GB,/,119GB,13.6GB,/,797MB,302
2022-9-29 17:51:05,c8b279d5dd26,hadoop-slave1.1.r6hm6j1kvfs2jh08r6y6g6lev,0.57%,17.9,/,125.5GiB,14.26%,111GB,/,119GB,13.6GB,/,797MB,302
2022-09-29 17:51:06,c8b279d5dd26,hadoop-slave1.1.r6hm6j1kvfs2jh08r6y6g6lev,0.6%,17.9,/,125.5GiB,14.26%,111GB,/,119GB,13.6GB,/,797MB,302
2022-9-29 17:51:07,c8b279d5dd26,hadoop-slave1.1.r6hm6j1kvfs2jh08r6y6g6lev,0.63%,17.9,/,125.5GiB,14.26%,111GB,/,119GB,13.6GB,/,797MB,302
2022-09-29 17:51:08,c8b279d5dd26,hadoop-slave1.1.r6hm6j1kvfs2jh08r6y6g6lev,0.64%,17.9,/,125.5GiB,14.26%,111GB,/,119GB,13.6GB,/,797MB,302
2022-9-29 17:51:09,c8b279d5dd26,hadoop-slave1.1.r6hm6j1kvfs2jh08r6y6g6lev,0.64%,17.9,/,125.5GiB,14.26%,111GB,/,119GB,13.6GB,/,797MB,302
2022-09-29 17:51:10,c8b279d5dd26,hadoop-slave1.1.r6hm6j1kvfs2jh08r6y6g6lev,0.6%,17.9,/,125.5GiB,14.26%,111GB,/,119GB,13.6GB,/,797MB,302
2022-9-29 17:51:11,c8b279d5dd26,hadoop-slave1.1.r6hm6j1kvfs2jh08r6y6g6lev,0.56%,17.9,/,125.5GiB,14.26%,111GB,/,119GB,13.6GB,/,797MB,302
2022-09-29 17:51:12,c8b279d5dd26,hadoop-slave1.1.r6hm6j1kvfs2jh08r6y6g6lev,0.58%,17.9,/,125.5GiB,14.26%,111GB,/,119GB,13.6GB,/,797MB,302
2022-9-29 17:51:13,c8b279d5dd26,hadoop-slave1.1.r6hm6j1kvfs2jh08r6y6g6lev,0.60%,17.9,/,125.5GiB,14.26%,111GB,/,119GB,13.6GB,/,797MB,302
2022-09-29 17:51:14,c8b279d5dd26,hadoop-slave1.1.r6hm6j1kvfs2jh08r6y6g6lev,0.62%,17.9,/,125.5GiB,14.26%,111GB,/,119GB,13.6GB,/,797MB,302
2022-9-29 17:51:15,c8b279d5dd26,hadoop-slave1.1.r6hm6j1kvfs2jh08r6y6g6lev,0.64%,17.9,/,125.5GiB,14.26%,111GB,/,119GB,13.6GB,/,797MB,302
2022-09-29 17:51:16,c8b279d5dd26,hadoop-slave1.1.r6hm6j1kvfs2jh08r6y6g6lev,0.64%,17.9,/,125.5GiB,14.26%,111GB,/,119GB,13.6GB,/,797MB,302
2022-9-29 17:51:17,c8b279d5dd26,hadoop-slave1.1.r6hm6j1kvfs2jh08r6y6g6lev,0.63%,17.9,/,125.5GiB,14.26%,111GB,/,119GB,13.6GB,/,797MB,302
2022-09-29 17:51:18,c8b279d5dd26,hadoop-slave1.1.r6hm6j1kvfs2jh08r6y6g6lev,0.6%,17.9,/,125.5GiB,14.26%,111GB,/,119GB,13.6GB,/,797MB,302
2022-9-29 17:51:19,c8b279d5dd26,hadoop-slave1.1.r6hm6j1kvfs2jh08r6y6g6lev,0.58%,17.9,/,125.5GiB,14.26%,111GB,/,119GB,13.6GB,/,797MB,302
2022-09-29 17:51:20,c8b279d5dd26,hadoop-slave1.1.r6hm6j1kvfs2jh08r6y6g6lev,0.6%,17.9,/,125.5GiB,14.26%,111GB,/,119GB,13.6GB,/,797MB,302
2022-9-29 17:51:21,c8b279d5dd26,hadoop-slave1.1.r6hm6j1kvfs2jh08r6y6g6lev,0.62%,17.9,/,125.5GiB,14.26%,111GB,/,119GB,13.6GB,/,797MB,302
2022-09-29 17:51:22,c8b279d5dd26,hadoop-slave1.1.r6hm6j1kvfs2jh08r6y6g6lev,0.63%,17.9,/,125.5GiB,14.26%,111GB,/,119GB,13.6GB,/,797MB,302
2022-9-29 17:51:23,c8b279d5dd26,hadoop-slave1.1.r6hm6j1kvfs2jh08r6y6g6lev,0.64%,17.9,/,125.5GiB,14.26%,111GB,/,119GB,13.6GB,/,797MB,302
2022-09-29 17:51:24,c8b279d5dd26,hadoop-slave1.1.r6hm6j1kvfs2jh08r6y6g6lev,0.6%,17.9,/,125.5GiB,14.26%,111GB,/,119GB,13.6GB,/,797MB,302
2022-9-29 17:51:25,c8b279d5dd26,hadoop-slave1.1.r6hm6j1kvfs2jh08r6y6g6lev,0.57%,17.9,/,125.5GiB,14.26%,111GB,/,119GB,13.6GB,/,797MB,302
2022-09-29 17:51:26,c8b279d5dd26,hadoop-slave1.1.r6hm6j1kvfs2jh08r6y6g6lev,0.65%,17.9,/,125.5GiB,14.26%,111GB,/,119GB,13.6GB,/,797MB,302
2022-9-29 17:51:27,c8b279d5dd26,hadoop-slave1.1.r6hm6j1kvfs2jh08r6y6g6lev,0.72%,17.9,/,125.5GiB,14.26%,111GB,/,119GB,13.6GB,/,797MB,301
2022-09-29 17:51:28,c8b279d5dd26,hadoop-slave1.1.r6hm6j1kvfs2jh08r6y6g6lev,0.65%,17.9,/,125.5GiB,14.26%,111GB,/,119GB,13.6GB,/,797MB,301
2022-9-29 17:51:29,c8b279d5dd26,hadoop-slave1.1.r6hm6j1kvfs2jh08r6y6g6lev,0.57%,17.9,/,125.5GiB,14.26%,111GB,/,119GB,13.6GB,/,797MB,301
2022-09-29 17:51:30,c8b279d5dd26,hadoop-slave1.1.r6hm6j1kvfs2jh08r6y6g6lev,0.57%,17.9,/,125.5GiB,14.26%,111GB,/,119GB,13.6GB,/,797MB,301
2022-9-29 17:51:31,c8b279d5dd26,hadoop-slave1.1.r6hm6j1kvfs2jh08r6y6g6lev,0.58%,17.9,/,125.5GiB,14.26%,111GB,/,119GB,13.6GB,/,797MB,301
2022-09-29 17:51:32,c8b279d5dd26,hadoop-slave1.1.r6hm6j1kvfs2jh08r6y6g6lev,0.61%,17.9,/,125.5GiB,14.26%,111GB,/,119GB,13.6GB,/,797MB,301
2022-9-29 17:51:33,c8b279d5dd26,hadoop-slave1.1.r6hm6j1kvfs2jh08r6y6g6lev,0.65%,17.9,/,125.5GiB,14.26%,111GB,/,119GB,13.6GB,/,797MB,301
2022-09-29 17:51:34,c8b279d5dd26,hadoop-slave1.1.r6hm6j1kvfs2jh08r6y6g6lev,0.61%,17.9,/,125.5GiB,14.26%,111GB,/,119GB,13.6GB,/,797MB,301
2022-9-29 17:51:35,c8b279d5dd26,hadoop-slave1.1.r6hm6j1kvfs2jh08r6y6g6lev,0.57%,17.9,/,125.5GiB,14.26%,111GB,/,119GB,13.6GB,/,797MB,301
2022-09-29 17:51:36,c8b279d5dd26,hadoop-slave1.1.r6hm6j1kvfs2jh08r6y6g6lev,0.58%,17.9,/,125.5GiB,14.26%,111GB,/,119GB,13.6GB,/,797MB,301
2022-9-29 17:51:37,c8b279d5dd26,hadoop-slave1.1.r6hm6j1kvfs2jh08r6y6g6lev,0.59%,17.9,/,125.5GiB,14.26%,111GB,/,119GB,13.6GB,/,797MB,301
2022-09-29 17:51:38,c8b279d5dd26,hadoop-slave1.1.r6hm6j1kvfs2jh08r6y6g6lev,0.59%,17.9,/,125.5GiB,14.26%,111GB,/,119GB,13.6GB,/,797MB,301
2022-9-29 17:51:39,c8b279d5dd26,hadoop-slave1.1.r6hm6j1kvfs2jh08r6y6g6lev,0.60%,17.9,/,125.5GiB,14.26%,111GB,/,119GB,13.6GB,/,797MB,301
2022-09-29 17:51:40,c8b279d5dd26,hadoop-slave1.1.r6hm6j1kvfs2jh08r6y6g6lev,0.57%,17.9,/,125.5GiB,14.26%,111GB,/,119GB,13.6GB,/,797MB,301
2022-9-29 17:51:41,c8b279d5dd26,hadoop-slave1.1.r6hm6j1kvfs2jh08r6y6g6lev,0.54%,17.9,/,125.5GiB,14.26%,111GB,/,119GB,13.6GB,/,797MB,301
2022-09-29 17:51:42,c8b279d5dd26,hadoop-slave1.1.r6hm6j1kvfs2jh08r6y6g6lev,0.57%,17.9,/,125.5GiB,14.26%,111GB,/,119GB,13.6GB,/,797MB,301
2022-9-29 17:51:43,c8b279d5dd26,hadoop-slave1.1.r6hm6j1kvfs2jh08r6y6g6lev,0.60%,17.9,/,125.5GiB,14.26%,111GB,/,119GB,13.6GB,/,797MB,301
2022-09-29 17:51:44,c8b279d5dd26,hadoop-slave1.1.r6hm6j1kvfs2jh08r6y6g6lev,0.57%,17.9,/,125.5GiB,14.26%,111GB,/,119GB,13.6GB,/,797MB,301
2022-9-29 17:51:45,c8b279d5dd26,hadoop-slave1.1.r6hm6j1kvfs2jh08r6y6g6lev,0.54%,17.9,/,125.5GiB,14.26%,111GB,/,119GB,13.6GB,/,797MB,301
2022-09-29 17:51:46,c8b279d5dd26,hadoop-slave1.1.r6hm6j1kvfs2jh08r6y6g6lev,0.59%,17.9,/,125.5GiB,14.26%,111GB,/,119GB,13.6GB,/,797MB,301
2022-9-29 17:51:47,c8b279d5dd26,hadoop-slave1.1.r6hm6j1kvfs2jh08r6y6g6lev,0.64%,17.9,/,125.5GiB,14.26%,111GB,/,119GB,13.6GB,/,797MB,301
2022-09-29 17:51:48,c8b279d5dd26,hadoop-slave1.1.r6hm6j1kvfs2jh08r6y6g6lev,0.6%,17.9,/,125.5GiB,14.26%,111GB,/,119GB,13.6GB,/,797MB,301
2022-9-29 17:51:49,c8b279d5dd26,hadoop-slave1.1.r6hm6j1kvfs2jh08r6y6g6lev,0.56%,17.9,/,125.5GiB,14.26%,111GB,/,119GB,13.6GB,/,797MB,301
2022-09-29 17:51:50,c8b279d5dd26,hadoop-slave1.1.r6hm6j1kvfs2jh08r6y6g6lev,0.56%,17.9,/,125.5GiB,14.26%,111GB,/,119GB,13.6GB,/,797MB,301
2022-9-29 17:51:51,c8b279d5dd26,hadoop-slave1.1.r6hm6j1kvfs2jh08r6y6g6lev,0.55%,17.9,/,125.5GiB,14.26%,111GB,/,119GB,13.6GB,/,797MB,301
2022-09-29 17:51:52,c8b279d5dd26,hadoop-slave1.1.r6hm6j1kvfs2jh08r6y6g6lev,0.63%,17.9,/,125.5GiB,14.26%,111GB,/,119GB,13.6GB,/,797MB,301
2022-09-29 17:51:53,c8b279d5dd26,hadoop-slave1.1.r6hm6j1kvfs2jh08r6y6g6lev,0.63%,17.9,/,125.5GiB,14.26%,111GB,/,119GB,13.6GB,/,797MB,301
2022-9-29 17:51:54,c8b279d5dd26,hadoop-slave1.1.r6hm6j1kvfs2jh08r6y6g6lev,0.71%,17.9,/,125.5GiB,14.26%,111GB,/,119GB,13.6GB,/,797MB,301
2022-09-29 17:51:55,c8b279d5dd26,hadoop-slave1.1.r6hm6j1kvfs2jh08r6y6g6lev,0.64%,17.9,/,125.5GiB,14.26%,111GB,/,119GB,13.6GB,/,797MB,301
2022-9-29 17:51:56,c8b279d5dd26,hadoop-slave1.1.r6hm6j1kvfs2jh08r6y6g6lev,0.57%,17.9,/,125.5GiB,14.26%,111GB,/,119GB,13.6GB,/,797MB,301
2022-09-29 17:51:57,c8b279d5dd26,hadoop-slave1.1.r6hm6j1kvfs2jh08r6y6g6lev,0.59%,17.9,/,125.5GiB,14.26%,111GB,/,119GB,13.6GB,/,797MB,301
2022-9-29 17:51:58,c8b279d5dd26,hadoop-slave1.1.r6hm6j1kvfs2jh08r6y6g6lev,0.61%,17.9,/,125.5GiB,14.26%,111GB,/,119GB,13.6GB,/,797MB,301
2022-09-29 17:51:59,c8b279d5dd26,hadoop-slave1.1.r6hm6j1kvfs2jh08r6y6g6lev,0.61%,17.9,/,125.5GiB,14.26%,111GB,/,119GB,13.6GB,/,797MB,301
2022-9-29 17:52:00,c8b279d5dd26,hadoop-slave1.1.r6hm6j1kvfs2jh08r6y6g6lev,0.61%,17.9,/,125.5GiB,14.26%,111GB,/,119GB,13.6GB,/,797MB,301
2022-09-29 17:52:01,c8b279d5dd26,hadoop-slave1.1.r6hm6j1kvfs2jh08r6y6g6lev,0.58%,17.9,/,125.5GiB,14.26%,111GB,/,119GB,13.6GB,/,797MB,301
2022-9-29 17:52:02,c8b279d5dd26,hadoop-slave1.1.r6hm6j1kvfs2jh08r6y6g6lev,0.55%,17.9,/,125.5GiB,14.26%,111GB,/,119GB,13.6GB,/,797MB,301
2022-09-29 17:52:03,c8b279d5dd26,hadoop-slave1.1.r6hm6j1kvfs2jh08r6y6g6lev,0.57%,17.9,/,125.5GiB,14.26%,111GB,/,119GB,13.6GB,/,797MB,301
2022-9-29 17:52:04,c8b279d5dd26,hadoop-slave1.1.r6hm6j1kvfs2jh08r6y6g6lev,0.59%,17.9,/,125.5GiB,14.26%,111GB,/,119GB,13.6GB,/,797MB,301
2022-09-29 17:52:05,c8b279d5dd26,hadoop-slave1.1.r6hm6j1kvfs2jh08r6y6g6lev,0.6%,17.9,/,125.5GiB,14.26%,111GB,/,119GB,13.6GB,/,797MB,301
2022-9-29 17:52:06,c8b279d5dd26,hadoop-slave1.1.r6hm6j1kvfs2jh08r6y6g6lev,0.62%,17.9,/,125.5GiB,14.26%,111GB,/,119GB,13.6GB,/,797MB,301
2022-09-29 17:52:07,c8b279d5dd26,hadoop-slave1.1.r6hm6j1kvfs2jh08r6y6g6lev,0.61%,17.9,/,125.5GiB,14.26%,111GB,/,119GB,13.6GB,/,797MB,301
2022-9-29 17:52:08,c8b279d5dd26,hadoop-slave1.1.r6hm6j1kvfs2jh08r6y6g6lev,0.60%,17.9,/,125.5GiB,14.26%,111GB,/,119GB,13.6GB,/,797MB,301
2022-09-29 17:52:09,c8b279d5dd26,hadoop-slave1.1.r6hm6j1kvfs2jh08r6y6g6lev,0.57%,17.9,/,125.5GiB,14.26%,111GB,/,119GB,13.6GB,/,797MB,301
2022-9-29 17:52:10,c8b279d5dd26,hadoop-slave1.1.r6hm6j1kvfs2jh08r6y6g6lev,0.55%,17.9,/,125.5GiB,14.26%,111GB,/,119GB,13.6GB,/,797MB,301
2022-09-29 17:52:11,c8b279d5dd26,hadoop-slave1.1.r6hm6j1kvfs2jh08r6y6g6lev,0.59%,17.9,/,125.5GiB,14.26%,111GB,/,119GB,13.6GB,/,797MB,301
2022-9-29 17:52:12,c8b279d5dd26,hadoop-slave1.1.r6hm6j1kvfs2jh08r6y6g6lev,0.64%,17.9,/,125.5GiB,14.26%,111GB,/,119GB,13.6GB,/,797MB,301
2022-09-29 17:52:13,c8b279d5dd26,hadoop-slave1.1.r6hm6j1kvfs2jh08r6y6g6lev,0.6%,17.9,/,125.5GiB,14.26%,111GB,/,119GB,13.6GB,/,797MB,301
2022-9-29 17:52:14,c8b279d5dd26,hadoop-slave1.1.r6hm6j1kvfs2jh08r6y6g6lev,0.56%,17.9,/,125.5GiB,14.26%,111GB,/,119GB,13.6GB,/,797MB,301
2022-09-29 17:52:15,c8b279d5dd26,hadoop-slave1.1.r6hm6j1kvfs2jh08r6y6g6lev,0.56%,17.9,/,125.5GiB,14.26%,111GB,/,119GB,13.6GB,/,797MB,301
2022-9-29 17:52:16,c8b279d5dd26,hadoop-slave1.1.r6hm6j1kvfs2jh08r6y6g6lev,0.56%,17.9,/,125.5GiB,14.26%,111GB,/,119GB,13.6GB,/,797MB,301
2022-09-29 17:52:17,c8b279d5dd26,hadoop-slave1.1.r6hm6j1kvfs2jh08r6y6g6lev,0.61%,17.9,/,125.5GiB,14.26%,111GB,/,119GB,13.6GB,/,797MB,301
2022-9-29 17:52:18,c8b279d5dd26,hadoop-slave1.1.r6hm6j1kvfs2jh08r6y6g6lev,0.66%,17.9,/,125.5GiB,14.26%,111GB,/,119GB,13.6GB,/,797MB,301
2022-09-29 17:52:19,c8b279d5dd26,hadoop-slave1.1.r6hm6j1kvfs2jh08r6y6g6lev,0.61%,17.9,/,125.5GiB,14.26%,111GB,/,119GB,13.6GB,/,797MB,301
2022-9-29 17:52:20,c8b279d5dd26,hadoop-slave1.1.r6hm6j1kvfs2jh08r6y6g6lev,0.57%,17.9,/,125.5GiB,14.26%,111GB,/,119GB,13.6GB,/,797MB,301
2022-09-29 17:52:21,c8b279d5dd26,hadoop-slave1.1.r6hm6j1kvfs2jh08r6y6g6lev,0.58%,17.9,/,125.5GiB,14.26%,111GB,/,119GB,13.6GB,/,797MB,301
2022-9-29 17:52:22,c8b279d5dd26,hadoop-slave1.1.r6hm6j1kvfs2jh08r6y6g6lev,0.59%,17.9,/,125.5GiB,14.26%,111GB,/,119GB,13.6GB,/,797MB,301
2022-09-29 17:52:23,c8b279d5dd26,hadoop-slave1.1.r6hm6j1kvfs2jh08r6y6g6lev,0.61%,17.9,/,125.5GiB,14.26%,111GB,/,119GB,13.6GB,/,797MB,301
2022-9-29 17:52:24,c8b279d5dd26,hadoop-slave1.1.r6hm6j1kvfs2jh08r6y6g6lev,0.63%,17.9,/,125.5GiB,14.26%,111GB,/,119GB,13.6GB,/,797MB,301
2022-09-29 17:52:25,c8b279d5dd26,hadoop-slave1.1.r6hm6j1kvfs2jh08r6y6g6lev,0.6%,17.9,/,125.5GiB,14.26%,111GB,/,119GB,13.6GB,/,797MB,301
2022-9-29 17:52:26,c8b279d5dd26,hadoop-slave1.1.r6hm6j1kvfs2jh08r6y6g6lev,0.57%,17.9,/,125.5GiB,14.26%,111GB,/,119GB,13.6GB,/,797MB,301
2022-09-29 17:52:27,c8b279d5dd26,hadoop-slave1.1.r6hm6j1kvfs2jh08r6y6g6lev,0.59%,17.9,/,125.5GiB,14.26%,111GB,/,119GB,13.6GB,/,797MB,301
2022-9-29 17:52:28,c8b279d5dd26,hadoop-slave1.1.r6hm6j1kvfs2jh08r6y6g6lev,0.61%,17.9,/,125.5GiB,14.26%,111GB,/,119GB,13.6GB,/,797MB,301
2022-09-29 17:52:29,c8b279d5dd26,hadoop-slave1.1.r6hm6j1kvfs2jh08r6y6g6lev,0.62%,17.9,/,125.5GiB,14.26%,111GB,/,119GB,13.6GB,/,797MB,301
2022-9-29 17:52:30,c8b279d5dd26,hadoop-slave1.1.r6hm6j1kvfs2jh08r6y6g6lev,0.64%,17.9,/,125.5GiB,14.26%,111GB,/,119GB,13.6GB,/,797MB,301
2022-09-29 17:52:31,c8b279d5dd26,hadoop-slave1.1.r6hm6j1kvfs2jh08r6y6g6lev,0.61%,17.9,/,125.5GiB,14.26%,111GB,/,119GB,13.6GB,/,797MB,301
2022-9-29 17:52:32,c8b279d5dd26,hadoop-slave1.1.r6hm6j1kvfs2jh08r6y6g6lev,0.58%,17.9,/,125.5GiB,14.26%,111GB,/,119GB,13.6GB,/,797MB,301
2022-09-29 17:52:33,c8b279d5dd26,hadoop-slave1.1.r6hm6j1kvfs2jh08r6y6g6lev,0.56%,17.9,/,125.5GiB,14.26%,111GB,/,119GB,13.6GB,/,797MB,301
2022-9-29 17:52:34,c8b279d5dd26,hadoop-slave1.1.r6hm6j1kvfs2jh08r6y6g6lev,0.55%,17.9,/,125.5GiB,14.26%,111GB,/,119GB,13.6GB,/,797MB,301
2022-09-29 17:52:35,c8b279d5dd26,hadoop-slave1.1.r6hm6j1kvfs2jh08r6y6g6lev,0.58%,17.9,/,125.5GiB,14.26%,111GB,/,119GB,13.6GB,/,797MB,301
2022-9-29 17:52:36,c8b279d5dd26,hadoop-slave1.1.r6hm6j1kvfs2jh08r6y6g6lev,0.62%,17.9,/,125.5GiB,14.26%,111GB,/,119GB,13.6GB,/,797MB,301
2022-09-29 17:52:37,c8b279d5dd26,hadoop-slave1.1.r6hm6j1kvfs2jh08r6y6g6lev,0.6%,17.9,/,125.5GiB,14.26%,111GB,/,119GB,13.6GB,/,797MB,301
2022-9-29 17:52:38,c8b279d5dd26,hadoop-slave1.1.r6hm6j1kvfs2jh08r6y6g6lev,0.59%,17.9,/,125.5GiB,14.26%,111GB,/,119GB,13.6GB,/,797MB,301
2022-09-29 17:52:39,c8b279d5dd26,hadoop-slave1.1.r6hm6j1kvfs2jh08r6y6g6lev,0.57%,17.9,/,125.5GiB,14.26%,111GB,/,119GB,13.6GB,/,797MB,301
2022-9-29 17:52:40,c8b279d5dd26,hadoop-slave1.1.r6hm6j1kvfs2jh08r6y6g6lev,0.56%,17.9,/,125.5GiB,14.26%,111GB,/,119GB,13.6GB,/,797MB,301
2022-09-29 17:52:41,c8b279d5dd26,hadoop-slave1.1.r6hm6j1kvfs2jh08r6y6g6lev,0.59%,17.9,/,125.5GiB,14.26%,111GB,/,119GB,13.6GB,/,797MB,301
2022-9-29 17:52:42,c8b279d5dd26,hadoop-slave1.1.r6hm6j1kvfs2jh08r6y6g6lev,0.63%,17.9,/,125.5GiB,14.26%,111GB,/,119GB,13.6GB,/,797MB,301
2022-09-29 17:52:43,c8b279d5dd26,hadoop-slave1.1.r6hm6j1kvfs2jh08r6y6g6lev,0.58%,17.9,/,125.5GiB,14.26%,111GB,/,119GB,13.6GB,/,797MB,301
2022-9-29 17:52:44,c8b279d5dd26,hadoop-slave1.1.r6hm6j1kvfs2jh08r6y6g6lev,0.53%,17.9,/,125.5GiB,14.26%,111GB,/,119GB,13.6GB,/,797MB,301
2022-09-29 17:52:45,c8b279d5dd26,hadoop-slave1.1.r6hm6j1kvfs2jh08r6y6g6lev,0.55%,17.9,/,125.5GiB,14.26%,111GB,/,119GB,13.6GB,/,797MB,301
2022-9-29 17:52:46,c8b279d5dd26,hadoop-slave1.1.r6hm6j1kvfs2jh08r6y6g6lev,0.56%,17.9,/,125.5GiB,14.26%,111GB,/,119GB,13.6GB,/,797MB,301
2022-09-29 17:52:47,c8b279d5dd26,hadoop-slave1.1.r6hm6j1kvfs2jh08r6y6g6lev,0.58%,17.9,/,125.5GiB,14.26%,111GB,/,119GB,13.6GB,/,797MB,301
2022-9-29 17:52:48,c8b279d5dd26,hadoop-slave1.1.r6hm6j1kvfs2jh08r6y6g6lev,0.60%,17.9,/,125.5GiB,14.26%,111GB,/,119GB,13.6GB,/,797MB,301
2022-09-29 17:52:49,c8b279d5dd26,hadoop-slave1.1.r6hm6j1kvfs2jh08r6y6g6lev,0.6%,17.9,/,125.5GiB,14.26%,111GB,/,119GB,13.6GB,/,797MB,301
2022-9-29 17:52:50,c8b279d5dd26,hadoop-slave1.1.r6hm6j1kvfs2jh08r6y6g6lev,0.60%,17.9,/,125.5GiB,14.26%,111GB,/,119GB,13.6GB,/,797MB,301
2022-09-29 17:52:51,c8b279d5dd26,hadoop-slave1.1.r6hm6j1kvfs2jh08r6y6g6lev,0.59%,17.9,/,125.5GiB,14.26%,111GB,/,119GB,13.6GB,/,797MB,301
2022-9-29 17:52:52,c8b279d5dd26,hadoop-slave1.1.r6hm6j1kvfs2jh08r6y6g6lev,0.59%,17.9,/,125.5GiB,14.26%,111GB,/,119GB,13.6GB,/,797MB,301
2022-09-29 17:52:53,c8b279d5dd26,hadoop-slave1.1.r6hm6j1kvfs2jh08r6y6g6lev,0.57%,17.9,/,125.5GiB,14.26%,111GB,/,119GB,13.6GB,/,797MB,301
2022-9-29 17:52:54,c8b279d5dd26,hadoop-slave1.1.r6hm6j1kvfs2jh08r6y6g6lev,0.56%,17.9,/,125.5GiB,14.26%,111GB,/,119GB,13.6GB,/,797MB,301
2022-09-29 17:52:55,c8b279d5dd26,hadoop-slave1.1.r6hm6j1kvfs2jh08r6y6g6lev,0.57%,17.9,/,125.5GiB,14.26%,111GB,/,119GB,13.6GB,/,797MB,301
2022-09-29 17:52:56,c8b279d5dd26,hadoop-slave1.1.r6hm6j1kvfs2jh08r6y6g6lev,0.57%,17.9,/,125.5GiB,14.26%,111GB,/,119GB,13.6GB,/,797MB,301
2022-9-29 17:52:57,c8b279d5dd26,hadoop-slave1.1.r6hm6j1kvfs2jh08r6y6g6lev,0.59%,17.9,/,125.5GiB,14.26%,111GB,/,119GB,13.6GB,/,797MB,301
2022-09-29 17:52:58,c8b279d5dd26,hadoop-slave1.1.r6hm6j1kvfs2jh08r6y6g6lev,0.58%,17.9,/,125.5GiB,14.26%,111GB,/,119GB,13.6GB,/,797MB,301
2022-9-29 17:52:59,c8b279d5dd26,hadoop-slave1.1.r6hm6j1kvfs2jh08r6y6g6lev,0.58%,17.9,/,125.5GiB,14.26%,111GB,/,119GB,13.6GB,/,797MB,301
2022-09-29 17:53:00,c8b279d5dd26,hadoop-slave1.1.r6hm6j1kvfs2jh08r6y6g6lev,0.57%,17.9,/,125.5GiB,14.26%,111GB,/,119GB,13.6GB,/,797MB,301
2022-9-29 17:53:01,c8b279d5dd26,hadoop-slave1.1.r6hm6j1kvfs2jh08r6y6g6lev,0.57%,17.9,/,125.5GiB,14.26%,111GB,/,119GB,13.6GB,/,797MB,301
2022-09-29 17:53:02,c8b279d5dd26,hadoop-slave1.1.r6hm6j1kvfs2jh08r6y6g6lev,0.62%,17.9,/,125.5GiB,14.26%,111GB,/,119GB,13.6GB,/,797MB,301
2022-9-29 17:53:03,c8b279d5dd26,hadoop-slave1.1.r6hm6j1kvfs2jh08r6y6g6lev,0.67%,17.9,/,125.5GiB,14.26%,111GB,/,119GB,13.6GB,/,797MB,301
2022-09-29 17:53:04,c8b279d5dd26,hadoop-slave1.1.r6hm6j1kvfs2jh08r6y6g6lev,0.61%,17.9,/,125.5GiB,14.26%,111GB,/,119GB,13.6GB,/,797MB,301
2022-9-29 17:53:05,c8b279d5dd26,hadoop-slave1.1.r6hm6j1kvfs2jh08r6y6g6lev,0.56%,17.9,/,125.5GiB,14.26%,111GB,/,119GB,13.6GB,/,797MB,301
2022-09-29 17:53:06,c8b279d5dd26,hadoop-slave1.1.r6hm6j1kvfs2jh08r6y6g6lev,0.57%,17.9,/,125.5GiB,14.26%,111GB,/,119GB,13.6GB,/,797MB,301
2022-9-29 17:53:07,c8b279d5dd26,hadoop-slave1.1.r6hm6j1kvfs2jh08r6y6g6lev,0.59%,17.9,/,125.5GiB,14.26%,111GB,/,119GB,13.6GB,/,797MB,301
2022-09-29 17:53:08,c8b279d5dd26,hadoop-slave1.1.r6hm6j1kvfs2jh08r6y6g6lev,0.6%,17.9,/,125.5GiB,14.26%,111GB,/,119GB,13.6GB,/,797MB,301
2022-9-29 17:53:09,c8b279d5dd26,hadoop-slave1.1.r6hm6j1kvfs2jh08r6y6g6lev,0.62%,17.9,/,125.5GiB,14.26%,111GB,/,119GB,13.6GB,/,797MB,301
2022-09-29 17:53:10,c8b279d5dd26,hadoop-slave1.1.r6hm6j1kvfs2jh08r6y6g6lev,0.6%,17.9,/,125.5GiB,14.26%,111GB,/,119GB,13.6GB,/,797MB,301
2022-9-29 17:53:11,c8b279d5dd26,hadoop-slave1.1.r6hm6j1kvfs2jh08r6y6g6lev,0.59%,17.9,/,125.5GiB,14.26%,111GB,/,119GB,13.6GB,/,797MB,301
2022-09-29 17:53:12,c8b279d5dd26,hadoop-slave1.1.r6hm6j1kvfs2jh08r6y6g6lev,0.58%,17.9,/,125.5GiB,14.26%,111GB,/,119GB,13.6GB,/,797MB,301
2022-9-29 17:53:13,c8b279d5dd26,hadoop-slave1.1.r6hm6j1kvfs2jh08r6y6g6lev,0.58%,17.9,/,125.5GiB,14.26%,111GB,/,119GB,13.6GB,/,797MB,301
2022-09-29 17:53:14,c8b279d5dd26,hadoop-slave1.1.r6hm6j1kvfs2jh08r6y6g6lev,0.59%,17.9,/,125.5GiB,14.26%,111GB,/,119GB,13.6GB,/,797MB,301
2022-9-29 17:53:15,c8b279d5dd26,hadoop-slave1.1.r6hm6j1kvfs2jh08r6y6g6lev,0.61%,17.9,/,125.5GiB,14.26%,111GB,/,119GB,13.6GB,/,797MB,301
2022-09-29 17:53:16,c8b279d5dd26,hadoop-slave1.1.r6hm6j1kvfs2jh08r6y6g6lev,0.61%,17.9,/,125.5GiB,14.26%,111GB,/,119GB,13.6GB,/,797MB,301
2022-9-29 17:53:17,c8b279d5dd26,hadoop-slave1.1.r6hm6j1kvfs2jh08r6y6g6lev,0.61%,17.9,/,125.5GiB,14.26%,111GB,/,119GB,13.6GB,/,797MB,301
2022-09-29 17:53:18,c8b279d5dd26,hadoop-slave1.1.r6hm6j1kvfs2jh08r6y6g6lev,0.58%,17.9,/,125.5GiB,14.26%,111GB,/,119GB,13.6GB,/,797MB,301
2022-9-29 17:53:19,c8b279d5dd26,hadoop-slave1.1.r6hm6j1kvfs2jh08r6y6g6lev,0.56%,17.9,/,125.5GiB,14.26%,111GB,/,119GB,13.6GB,/,797MB,301
2022-09-29 17:53:20,c8b279d5dd26,hadoop-slave1.1.r6hm6j1kvfs2jh08r6y6g6lev,0.59%,17.9,/,125.5GiB,14.26%,111GB,/,119GB,13.6GB,/,797MB,301
2022-9-29 17:53:21,c8b279d5dd26,hadoop-slave1.1.r6hm6j1kvfs2jh08r6y6g6lev,0.62%,17.9,/,125.5GiB,14.26%,111GB,/,119GB,13.6GB,/,797MB,301
2022-09-29 17:53:22,c8b279d5dd26,hadoop-slave1.1.r6hm6j1kvfs2jh08r6y6g6lev,0.61%,17.9,/,125.5GiB,14.26%,111GB,/,119GB,13.6GB,/,797MB,301
2022-9-29 17:53:23,c8b279d5dd26,hadoop-slave1.1.r6hm6j1kvfs2jh08r6y6g6lev,0.61%,17.9,/,125.5GiB,14.26%,111GB,/,119GB,13.6GB,/,797MB,301
2022-09-29 17:53:24,c8b279d5dd26,hadoop-slave1.1.r6hm6j1kvfs2jh08r6y6g6lev,0.59%,17.9,/,125.5GiB,14.26%,111GB,/,119GB,13.6GB,/,797MB,301
2022-9-29 17:53:25,c8b279d5dd26,hadoop-slave1.1.r6hm6j1kvfs2jh08r6y6g6lev,0.57%,17.9,/,125.5GiB,14.26%,111GB,/,119GB,13.6GB,/,797MB,301
2022-09-29 17:53:26,c8b279d5dd26,hadoop-slave1.1.r6hm6j1kvfs2jh08r6y6g6lev,0.62%,17.9,/,125.5GiB,14.26%,111GB,/,119GB,13.6GB,/,797MB,301
