2022-9-27 19:49:58,a30f014f232c,hadoop-slave13.1.8vutq2fsdbahvuetvlezy2fme,0.77%,21.23,/,125.5GiB,16.92%,471GB,/,451GB,14.3GB,/,903MB,398
2022-09-27 19:49:59,a30f014f232c,hadoop-slave13.1.8vutq2fsdbahvuetvlezy2fme,5.38%,21.23,/,125.5GiB,16.92%,471GB,/,451GB,14.3GB,/,903MB,398
2022-09-27 19:50:00,a30f014f232c,hadoop-slave13.1.8vutq2fsdbahvuetvlezy2fme,5.38%,21.23,/,125.5GiB,16.92%,471GB,/,451GB,14.3GB,/,903MB,398
2022-9-27 19:50:01,a30f014f232c,hadoop-slave13.1.8vutq2fsdbahvuetvlezy2fme,10.00%,21.23,/,125.5GiB,16.92%,471GB,/,451GB,14.3GB,/,903MB,405
2022-09-27 19:50:02,a30f014f232c,hadoop-slave13.1.8vutq2fsdbahvuetvlezy2fme,18.73%,21.23,/,125.5GiB,16.92%,471GB,/,451GB,14.3GB,/,903MB,405
2022-9-27 19:50:03,a30f014f232c,hadoop-slave13.1.8vutq2fsdbahvuetvlezy2fme,27.45%,21.23,/,125.5GiB,16.92%,471GB,/,451GB,14.3GB,/,903MB,409
2022-09-27 19:50:04,a30f014f232c,hadoop-slave13.1.8vutq2fsdbahvuetvlezy2fme,27.35%,21.23,/,125.5GiB,16.92%,471GB,/,451GB,14.3GB,/,903MB,409
2022-9-27 19:50:05,a30f014f232c,hadoop-slave13.1.8vutq2fsdbahvuetvlezy2fme,27.25%,21.23,/,125.5GiB,16.92%,471GB,/,451GB,14.3GB,/,903MB,411
2022-09-27 19:50:06,a30f014f232c,hadoop-slave13.1.8vutq2fsdbahvuetvlezy2fme,57.79%,21.23,/,125.5GiB,16.96%,471GB,/,451GB,14.3GB,/,903MB,411
2022-9-27 19:50:07,a30f014f232c,hadoop-slave13.1.8vutq2fsdbahvuetvlezy2fme,88.33%,21.33,/,125.5GiB,17.00%,471GB,/,452GB,14.3GB,/,903MB,416
2022-09-27 19:50:08,a30f014f232c,hadoop-slave13.1.8vutq2fsdbahvuetvlezy2fme,564.35%,21.33,/,125.5GiB,17.39%,471GB,/,452GB,14.3GB,/,903MB,416
2022-9-27 19:50:09,a30f014f232c,hadoop-slave13.1.8vutq2fsdbahvuetvlezy2fme,1040.37%,22.32,/,125.5GiB,17.78%,471GB,/,452GB,14.3GB,/,903MB,638
2022-09-27 19:50:10,a30f014f232c,hadoop-slave13.1.8vutq2fsdbahvuetvlezy2fme,523.07%,22.32,/,125.5GiB,17.85%,471GB,/,452GB,14.3GB,/,903MB,638
2022-9-27 19:50:11,a30f014f232c,hadoop-slave13.1.8vutq2fsdbahvuetvlezy2fme,5.77%,22.49,/,125.5GiB,17.92%,471GB,/,452GB,14.3GB,/,903MB,640
2022-09-27 19:50:12,a30f014f232c,hadoop-slave13.1.8vutq2fsdbahvuetvlezy2fme,3.73%,22.49,/,125.5GiB,17.91%,471GB,/,452GB,14.3GB,/,903MB,640
2022-9-27 19:50:13,a30f014f232c,hadoop-slave13.1.8vutq2fsdbahvuetvlezy2fme,1.69%,22.45,/,125.5GiB,17.89%,471GB,/,452GB,14.3GB,/,903MB,620
2022-09-27 19:50:14,a30f014f232c,hadoop-slave13.1.8vutq2fsdbahvuetvlezy2fme,1.36%,22.45,/,125.5GiB,17.89%,471GB,/,452GB,14.3GB,/,903MB,620
2022-9-27 19:50:15,a30f014f232c,hadoop-slave13.1.8vutq2fsdbahvuetvlezy2fme,1.04%,22.45,/,125.5GiB,17.89%,471GB,/,452GB,14.3GB,/,903MB,620
2022-09-27 19:50:16,a30f014f232c,hadoop-slave13.1.8vutq2fsdbahvuetvlezy2fme,1.02%,22.45,/,125.5GiB,17.89%,471GB,/,452GB,14.3GB,/,903MB,620
2022-9-27 19:50:17,a30f014f232c,hadoop-slave13.1.8vutq2fsdbahvuetvlezy2fme,0.99%,22.45,/,125.5GiB,17.89%,471GB,/,452GB,14.3GB,/,903MB,620
2022-09-27 19:50:18,a30f014f232c,hadoop-slave13.1.8vutq2fsdbahvuetvlezy2fme,0.91%,22.45,/,125.5GiB,17.89%,471GB,/,452GB,14.3GB,/,903MB,620
2022-9-27 19:50:19,a30f014f232c,hadoop-slave13.1.8vutq2fsdbahvuetvlezy2fme,0.83%,22.45,/,125.5GiB,17.89%,471GB,/,452GB,14.3GB,/,903MB,617
2022-09-27 19:50:20,a30f014f232c,hadoop-slave13.1.8vutq2fsdbahvuetvlezy2fme,0.86%,22.45,/,125.5GiB,17.89%,471GB,/,452GB,14.3GB,/,903MB,617
2022-9-27 19:50:21,a30f014f232c,hadoop-slave13.1.8vutq2fsdbahvuetvlezy2fme,0.90%,22.45,/,125.5GiB,17.89%,471GB,/,452GB,14.3GB,/,903MB,617
2022-09-27 19:50:22,a30f014f232c,hadoop-slave13.1.8vutq2fsdbahvuetvlezy2fme,1.04%,22.45,/,125.5GiB,17.89%,471GB,/,452GB,14.3GB,/,903MB,617
2022-9-27 19:50:23,a30f014f232c,hadoop-slave13.1.8vutq2fsdbahvuetvlezy2fme,1.18%,22.45,/,125.5GiB,17.89%,471GB,/,452GB,14.3GB,/,903MB,617
2022-09-27 19:50:24,a30f014f232c,hadoop-slave13.1.8vutq2fsdbahvuetvlezy2fme,779.72%,22.45,/,125.5GiB,18.21%,471GB,/,452GB,14.3GB,/,903MB,617
2022-09-27 19:50:25,a30f014f232c,hadoop-slave13.1.8vutq2fsdbahvuetvlezy2fme,779.72%,22.45,/,125.5GiB,18.21%,471GB,/,452GB,14.3GB,/,903MB,617
2022-9-27 19:50:26,a30f014f232c,hadoop-slave13.1.8vutq2fsdbahvuetvlezy2fme,1558.26%,23.26,/,125.5GiB,18.53%,471GB,/,452GB,14.3GB,/,905MB,638
2022-09-27 19:50:27,a30f014f232c,hadoop-slave13.1.8vutq2fsdbahvuetvlezy2fme,1625.79%,23.26,/,125.5GiB,18.84%,471GB,/,452GB,14.3GB,/,905MB,638
2022-9-27 19:50:28,a30f014f232c,hadoop-slave13.1.8vutq2fsdbahvuetvlezy2fme,1693.32%,24.04,/,125.5GiB,19.16%,471GB,/,452GB,14.3GB,/,905MB,674
2022-09-27 19:50:29,a30f014f232c,hadoop-slave13.1.8vutq2fsdbahvuetvlezy2fme,1846.03%,24.04,/,125.5GiB,19.73%,471GB,/,452GB,14.3GB,/,905MB,674
2022-9-27 19:50:30,a30f014f232c,hadoop-slave13.1.8vutq2fsdbahvuetvlezy2fme,1998.73%,25.47,/,125.5GiB,20.29%,471GB,/,452GB,14.3GB,/,905MB,673
2022-09-27 19:50:31,a30f014f232c,hadoop-slave13.1.8vutq2fsdbahvuetvlezy2fme,1956.01%,25.47,/,125.5GiB,20.88%,471GB,/,452GB,14.3GB,/,905MB,673
2022-9-27 19:50:32,a30f014f232c,hadoop-slave13.1.8vutq2fsdbahvuetvlezy2fme,1913.28%,26.96,/,125.5GiB,21.48%,471GB,/,452GB,14.3GB,/,905MB,667
2022-09-27 19:50:33,a30f014f232c,hadoop-slave13.1.8vutq2fsdbahvuetvlezy2fme,1954.52%,26.96,/,125.5GiB,21.8%,471GB,/,452GB,14.3GB,/,905MB,667
2022-9-27 19:50:34,a30f014f232c,hadoop-slave13.1.8vutq2fsdbahvuetvlezy2fme,1995.76%,27.75,/,125.5GiB,22.11%,471GB,/,452GB,14.3GB,/,905MB,677
2022-09-27 19:50:35,a30f014f232c,hadoop-slave13.1.8vutq2fsdbahvuetvlezy2fme,1946.41%,27.75,/,125.5GiB,22.57%,471GB,/,452GB,14.3GB,/,905MB,677
2022-9-27 19:50:36,a30f014f232c,hadoop-slave13.1.8vutq2fsdbahvuetvlezy2fme,1897.06%,28.9,/,125.5GiB,23.03%,471GB,/,452GB,14.3GB,/,905MB,685
2022-09-27 19:50:37,a30f014f232c,hadoop-slave13.1.8vutq2fsdbahvuetvlezy2fme,1584.9%,28.9,/,125.5GiB,23.12%,471GB,/,452GB,14.3GB,/,905MB,685
2022-9-27 19:50:38,a30f014f232c,hadoop-slave13.1.8vutq2fsdbahvuetvlezy2fme,1272.75%,29.12,/,125.5GiB,23.20%,471GB,/,452GB,14.3GB,/,905MB,688
2022-09-27 19:50:39,a30f014f232c,hadoop-slave13.1.8vutq2fsdbahvuetvlezy2fme,1302.24%,29.12,/,125.5GiB,23.38%,471GB,/,452GB,14.3GB,/,905MB,688
2022-9-27 19:50:40,a30f014f232c,hadoop-slave13.1.8vutq2fsdbahvuetvlezy2fme,1331.73%,29.56,/,125.5GiB,23.56%,471GB,/,452GB,14.3GB,/,905MB,681
2022-09-27 19:50:41,a30f014f232c,hadoop-slave13.1.8vutq2fsdbahvuetvlezy2fme,804.65%,29.56,/,125.5GiB,23.73%,471GB,/,452GB,14.3GB,/,905MB,681
2022-9-27 19:50:42,a30f014f232c,hadoop-slave13.1.8vutq2fsdbahvuetvlezy2fme,277.58%,30,/,125.5GiB,23.91%,471GB,/,452GB,14.3GB,/,905MB,681
2022-09-27 19:50:43,a30f014f232c,hadoop-slave13.1.8vutq2fsdbahvuetvlezy2fme,256.14%,30,/,125.5GiB,24.08%,471GB,/,452GB,14.3GB,/,905MB,681
2022-9-27 19:50:44,a30f014f232c,hadoop-slave13.1.8vutq2fsdbahvuetvlezy2fme,234.70%,30.43,/,125.5GiB,24.25%,472GB,/,453GB,14.3GB,/,905MB,681
2022-09-27 19:50:45,a30f014f232c,hadoop-slave13.1.8vutq2fsdbahvuetvlezy2fme,212.03%,30.43,/,125.5GiB,24.43%,472GB,/,453GB,14.3GB,/,905MB,681
2022-9-27 19:50:46,a30f014f232c,hadoop-slave13.1.8vutq2fsdbahvuetvlezy2fme,189.37%,30.87,/,125.5GiB,24.60%,472GB,/,453GB,14.3GB,/,905MB,681
2022-09-27 19:50:47,a30f014f232c,hadoop-slave13.1.8vutq2fsdbahvuetvlezy2fme,445.78%,30.87,/,125.5GiB,24.86%,472GB,/,453GB,14.3GB,/,905MB,681
2022-9-27 19:50:48,a30f014f232c,hadoop-slave13.1.8vutq2fsdbahvuetvlezy2fme,702.19%,31.53,/,125.5GiB,25.12%,472GB,/,453GB,14.3GB,/,905MB,678
2022-09-27 19:50:49,a30f014f232c,hadoop-slave13.1.8vutq2fsdbahvuetvlezy2fme,1825.59%,31.53,/,125.5GiB,26.51%,472GB,/,453GB,14.3GB,/,905MB,678
2022-9-27 19:50:50,a30f014f232c,hadoop-slave13.1.8vutq2fsdbahvuetvlezy2fme,2948.99%,35.01,/,125.5GiB,27.90%,472GB,/,453GB,14.3GB,/,905MB,678
2022-09-27 19:50:51,a30f014f232c,hadoop-slave13.1.8vutq2fsdbahvuetvlezy2fme,1810.28%,35.01,/,125.5GiB,27.88%,472GB,/,453GB,14.3GB,/,905MB,678
2022-9-27 19:50:52,a30f014f232c,hadoop-slave13.1.8vutq2fsdbahvuetvlezy2fme,671.57%,34.95,/,125.5GiB,27.85%,473GB,/,453GB,14.3GB,/,905MB,678
2022-09-27 19:50:53,a30f014f232c,hadoop-slave13.1.8vutq2fsdbahvuetvlezy2fme,863.65%,34.95,/,125.5GiB,27.7%,473GB,/,453GB,14.3GB,/,905MB,678
2022-9-27 19:50:54,a30f014f232c,hadoop-slave13.1.8vutq2fsdbahvuetvlezy2fme,1055.74%,34.56,/,125.5GiB,27.54%,473GB,/,453GB,14.3GB,/,905MB,678
2022-09-27 19:50:55,a30f014f232c,hadoop-slave13.1.8vutq2fsdbahvuetvlezy2fme,718.72%,34.56,/,125.5GiB,27.52%,473GB,/,453GB,14.3GB,/,905MB,678
2022-9-27 19:50:56,a30f014f232c,hadoop-slave13.1.8vutq2fsdbahvuetvlezy2fme,381.69%,34.5,/,125.5GiB,27.49%,473GB,/,454GB,14.3GB,/,905MB,678
2022-09-27 19:50:57,a30f014f232c,hadoop-slave13.1.8vutq2fsdbahvuetvlezy2fme,388.11%,34.5,/,125.5GiB,27.51%,473GB,/,454GB,14.3GB,/,905MB,678
2022-9-27 19:50:58,a30f014f232c,hadoop-slave13.1.8vutq2fsdbahvuetvlezy2fme,394.52%,34.55,/,125.5GiB,27.53%,473GB,/,454GB,14.3GB,/,905MB,678
2022-09-27 19:50:59,a30f014f232c,hadoop-slave13.1.8vutq2fsdbahvuetvlezy2fme,441.14%,34.55,/,125.5GiB,27.55%,473GB,/,454GB,14.3GB,/,905MB,678
2022-9-27 19:51:00,a30f014f232c,hadoop-slave13.1.8vutq2fsdbahvuetvlezy2fme,487.76%,34.61,/,125.5GiB,27.58%,473GB,/,454GB,14.3GB,/,905MB,678
2022-09-27 19:51:01,a30f014f232c,hadoop-slave13.1.8vutq2fsdbahvuetvlezy2fme,650.43%,34.61,/,125.5GiB,27.61%,473GB,/,454GB,14.3GB,/,905MB,678
2022-09-27 19:51:02,a30f014f232c,hadoop-slave13.1.8vutq2fsdbahvuetvlezy2fme,650.43%,34.61,/,125.5GiB,27.61%,473GB,/,454GB,14.3GB,/,905MB,678
2022-9-27 19:51:03,a30f014f232c,hadoop-slave13.1.8vutq2fsdbahvuetvlezy2fme,813.10%,34.7,/,125.5GiB,27.65%,474GB,/,454GB,14.3GB,/,905MB,678
2022-09-27 19:51:04,a30f014f232c,hadoop-slave13.1.8vutq2fsdbahvuetvlezy2fme,602.61%,34.7,/,125.5GiB,27.74%,474GB,/,454GB,14.3GB,/,905MB,678
2022-9-27 19:51:05,a30f014f232c,hadoop-slave13.1.8vutq2fsdbahvuetvlezy2fme,392.12%,34.93,/,125.5GiB,27.83%,474GB,/,455GB,14.3GB,/,905MB,678
2022-09-27 19:51:06,a30f014f232c,hadoop-slave13.1.8vutq2fsdbahvuetvlezy2fme,396.2%,34.93,/,125.5GiB,27.73%,474GB,/,455GB,14.3GB,/,905MB,678
2022-9-27 19:51:07,a30f014f232c,hadoop-slave13.1.8vutq2fsdbahvuetvlezy2fme,400.28%,34.69,/,125.5GiB,27.64%,474GB,/,455GB,14.3GB,/,905MB,678
2022-09-27 19:51:08,a30f014f232c,hadoop-slave13.1.8vutq2fsdbahvuetvlezy2fme,402.66%,34.69,/,125.5GiB,27.89%,474GB,/,455GB,14.3GB,/,905MB,678
2022-9-27 19:51:09,a30f014f232c,hadoop-slave13.1.8vutq2fsdbahvuetvlezy2fme,405.04%,35.31,/,125.5GiB,28.14%,474GB,/,455GB,14.3GB,/,905MB,678
2022-09-27 19:51:10,a30f014f232c,hadoop-slave13.1.8vutq2fsdbahvuetvlezy2fme,401.34%,35.31,/,125.5GiB,28.15%,474GB,/,455GB,14.3GB,/,905MB,678
2022-9-27 19:51:11,a30f014f232c,hadoop-slave13.1.8vutq2fsdbahvuetvlezy2fme,397.64%,35.33,/,125.5GiB,28.16%,475GB,/,455GB,14.3GB,/,905MB,675
2022-09-27 19:51:12,a30f014f232c,hadoop-slave13.1.8vutq2fsdbahvuetvlezy2fme,397.91%,35.33,/,125.5GiB,28.17%,475GB,/,455GB,14.3GB,/,905MB,675
2022-9-27 19:51:13,a30f014f232c,hadoop-slave13.1.8vutq2fsdbahvuetvlezy2fme,398.18%,35.36,/,125.5GiB,28.18%,475GB,/,456GB,14.3GB,/,905MB,675
2022-09-27 19:51:14,a30f014f232c,hadoop-slave13.1.8vutq2fsdbahvuetvlezy2fme,435.45%,35.36,/,125.5GiB,28.2%,475GB,/,456GB,14.3GB,/,905MB,675
2022-9-27 19:51:15,a30f014f232c,hadoop-slave13.1.8vutq2fsdbahvuetvlezy2fme,472.72%,35.41,/,125.5GiB,28.22%,475GB,/,456GB,14.3GB,/,905MB,675
2022-09-27 19:51:16,a30f014f232c,hadoop-slave13.1.8vutq2fsdbahvuetvlezy2fme,471.3%,35.41,/,125.5GiB,28.23%,475GB,/,456GB,14.3GB,/,905MB,675
2022-9-27 19:51:17,a30f014f232c,hadoop-slave13.1.8vutq2fsdbahvuetvlezy2fme,469.88%,35.44,/,125.5GiB,28.24%,475GB,/,456GB,14.3GB,/,905MB,675
2022-09-27 19:51:18,a30f014f232c,hadoop-slave13.1.8vutq2fsdbahvuetvlezy2fme,416.69%,35.44,/,125.5GiB,28.25%,475GB,/,456GB,14.3GB,/,905MB,675
2022-9-27 19:51:19,a30f014f232c,hadoop-slave13.1.8vutq2fsdbahvuetvlezy2fme,363.51%,35.48,/,125.5GiB,28.27%,476GB,/,456GB,14.3GB,/,905MB,675
2022-09-27 19:51:20,a30f014f232c,hadoop-slave13.1.8vutq2fsdbahvuetvlezy2fme,378.41%,35.48,/,125.5GiB,28.29%,476GB,/,456GB,14.3GB,/,905MB,675
2022-9-27 19:51:21,a30f014f232c,hadoop-slave13.1.8vutq2fsdbahvuetvlezy2fme,393.31%,35.53,/,125.5GiB,28.31%,476GB,/,457GB,14.3GB,/,905MB,675
2022-09-27 19:51:22,a30f014f232c,hadoop-slave13.1.8vutq2fsdbahvuetvlezy2fme,371.88%,35.53,/,125.5GiB,28.31%,476GB,/,457GB,14.3GB,/,905MB,675
2022-9-27 19:51:23,a30f014f232c,hadoop-slave13.1.8vutq2fsdbahvuetvlezy2fme,350.46%,35.54,/,125.5GiB,28.32%,476GB,/,457GB,14.3GB,/,905MB,675
2022-09-27 19:51:24,a30f014f232c,hadoop-slave13.1.8vutq2fsdbahvuetvlezy2fme,344.48%,35.54,/,125.5GiB,28.34%,476GB,/,457GB,14.3GB,/,905MB,675
2022-9-27 19:51:25,a30f014f232c,hadoop-slave13.1.8vutq2fsdbahvuetvlezy2fme,338.49%,35.58,/,125.5GiB,28.35%,476GB,/,457GB,14.3GB,/,905MB,672
2022-09-27 19:51:26,a30f014f232c,hadoop-slave13.1.8vutq2fsdbahvuetvlezy2fme,343.89%,35.58,/,125.5GiB,28.37%,476GB,/,457GB,14.3GB,/,905MB,672
2022-9-27 19:51:27,a30f014f232c,hadoop-slave13.1.8vutq2fsdbahvuetvlezy2fme,349.30%,35.62,/,125.5GiB,28.38%,476GB,/,457GB,14.3GB,/,905MB,672
2022-09-27 19:51:28,a30f014f232c,hadoop-slave13.1.8vutq2fsdbahvuetvlezy2fme,333.27%,35.62,/,125.5GiB,28.39%,476GB,/,457GB,14.3GB,/,905MB,672
2022-9-27 19:51:29,a30f014f232c,hadoop-slave13.1.8vutq2fsdbahvuetvlezy2fme,317.24%,35.66,/,125.5GiB,28.41%,477GB,/,457GB,14.3GB,/,905MB,672
2022-09-27 19:51:30,a30f014f232c,hadoop-slave13.1.8vutq2fsdbahvuetvlezy2fme,334.13%,35.66,/,125.5GiB,28.42%,477GB,/,457GB,14.3GB,/,905MB,672
2022-9-27 19:51:31,a30f014f232c,hadoop-slave13.1.8vutq2fsdbahvuetvlezy2fme,351.02%,35.68,/,125.5GiB,28.43%,477GB,/,458GB,14.3GB,/,905MB,672
2022-09-27 19:51:32,a30f014f232c,hadoop-slave13.1.8vutq2fsdbahvuetvlezy2fme,315.86%,35.68,/,125.5GiB,28.44%,477GB,/,458GB,14.3GB,/,905MB,672
2022-9-27 19:51:33,a30f014f232c,hadoop-slave13.1.8vutq2fsdbahvuetvlezy2fme,280.69%,35.7,/,125.5GiB,28.45%,477GB,/,458GB,14.3GB,/,905MB,672
2022-09-27 19:51:34,a30f014f232c,hadoop-slave13.1.8vutq2fsdbahvuetvlezy2fme,226.56%,35.7,/,125.5GiB,28.44%,477GB,/,458GB,14.3GB,/,905MB,672
2022-09-27 19:51:35,a30f014f232c,hadoop-slave13.1.8vutq2fsdbahvuetvlezy2fme,226.56%,35.7,/,125.5GiB,28.44%,477GB,/,458GB,14.3GB,/,905MB,672
2022-9-27 19:51:36,a30f014f232c,hadoop-slave13.1.8vutq2fsdbahvuetvlezy2fme,172.43%,35.68,/,125.5GiB,28.43%,477GB,/,458GB,14.3GB,/,905MB,672
2022-09-27 19:51:37,a30f014f232c,hadoop-slave13.1.8vutq2fsdbahvuetvlezy2fme,146.65%,35.68,/,125.5GiB,28.44%,477GB,/,458GB,14.3GB,/,905MB,672
2022-9-27 19:51:38,a30f014f232c,hadoop-slave13.1.8vutq2fsdbahvuetvlezy2fme,120.86%,35.71,/,125.5GiB,28.45%,477GB,/,458GB,14.3GB,/,905MB,668
2022-09-27 19:51:39,a30f014f232c,hadoop-slave13.1.8vutq2fsdbahvuetvlezy2fme,112.6%,35.71,/,125.5GiB,28.46%,477GB,/,458GB,14.3GB,/,905MB,668
2022-9-27 19:51:40,a30f014f232c,hadoop-slave13.1.8vutq2fsdbahvuetvlezy2fme,104.35%,35.73,/,125.5GiB,28.47%,477GB,/,458GB,14.3GB,/,905MB,668
2022-09-27 19:51:41,a30f014f232c,hadoop-slave13.1.8vutq2fsdbahvuetvlezy2fme,92.81%,35.73,/,125.5GiB,28.48%,477GB,/,458GB,14.3GB,/,905MB,668
2022-9-27 19:51:42,a30f014f232c,hadoop-slave13.1.8vutq2fsdbahvuetvlezy2fme,81.27%,35.76,/,125.5GiB,28.49%,477GB,/,458GB,14.3GB,/,905MB,668
2022-09-27 19:51:43,a30f014f232c,hadoop-slave13.1.8vutq2fsdbahvuetvlezy2fme,75.47%,35.76,/,125.5GiB,28.5%,477GB,/,458GB,14.3GB,/,905MB,668
2022-9-27 19:51:44,a30f014f232c,hadoop-slave13.1.8vutq2fsdbahvuetvlezy2fme,69.68%,35.78,/,125.5GiB,28.51%,477GB,/,459GB,14.3GB,/,905MB,668
2022-09-27 19:51:45,a30f014f232c,hadoop-slave13.1.8vutq2fsdbahvuetvlezy2fme,160.41%,35.78,/,125.5GiB,28.54%,477GB,/,459GB,14.3GB,/,905MB,668
2022-9-27 19:51:46,a30f014f232c,hadoop-slave13.1.8vutq2fsdbahvuetvlezy2fme,251.13%,35.84,/,125.5GiB,28.56%,478GB,/,459GB,14.3GB,/,905MB,668
2022-09-27 19:51:47,a30f014f232c,hadoop-slave13.1.8vutq2fsdbahvuetvlezy2fme,174.78%,35.84,/,125.5GiB,28.59%,478GB,/,459GB,14.3GB,/,905MB,668
2022-9-27 19:51:48,a30f014f232c,hadoop-slave13.1.8vutq2fsdbahvuetvlezy2fme,98.42%,35.9,/,125.5GiB,28.61%,478GB,/,459GB,14.3GB,/,905MB,668
2022-09-27 19:51:49,a30f014f232c,hadoop-slave13.1.8vutq2fsdbahvuetvlezy2fme,121.38%,35.9,/,125.5GiB,28.62%,478GB,/,459GB,14.3GB,/,905MB,668
2022-9-27 19:51:50,a30f014f232c,hadoop-slave13.1.8vutq2fsdbahvuetvlezy2fme,144.34%,35.93,/,125.5GiB,28.63%,478GB,/,459GB,14.3GB,/,905MB,671
2022-09-27 19:51:51,a30f014f232c,hadoop-slave13.1.8vutq2fsdbahvuetvlezy2fme,143.42%,35.93,/,125.5GiB,28.64%,478GB,/,459GB,14.3GB,/,905MB,671
2022-9-27 19:51:52,a30f014f232c,hadoop-slave13.1.8vutq2fsdbahvuetvlezy2fme,142.49%,35.95,/,125.5GiB,28.65%,478GB,/,459GB,14.3GB,/,905MB,671
2022-09-27 19:51:53,a30f014f232c,hadoop-slave13.1.8vutq2fsdbahvuetvlezy2fme,161.31%,35.95,/,125.5GiB,28.66%,478GB,/,459GB,14.3GB,/,905MB,671
2022-9-27 19:51:54,a30f014f232c,hadoop-slave13.1.8vutq2fsdbahvuetvlezy2fme,180.14%,35.98,/,125.5GiB,28.67%,478GB,/,459GB,14.3GB,/,905MB,671
2022-09-27 19:51:55,a30f014f232c,hadoop-slave13.1.8vutq2fsdbahvuetvlezy2fme,279.07%,35.98,/,125.5GiB,28.69%,478GB,/,459GB,14.3GB,/,905MB,671
2022-9-27 19:51:56,a30f014f232c,hadoop-slave13.1.8vutq2fsdbahvuetvlezy2fme,378.00%,36.03,/,125.5GiB,28.71%,478GB,/,459GB,14.3GB,/,905MB,675
2022-09-27 19:51:57,a30f014f232c,hadoop-slave13.1.8vutq2fsdbahvuetvlezy2fme,561.4%,36.03,/,125.5GiB,28.73%,478GB,/,459GB,14.3GB,/,905MB,675
2022-9-27 19:51:58,a30f014f232c,hadoop-slave13.1.8vutq2fsdbahvuetvlezy2fme,744.80%,36.08,/,125.5GiB,28.75%,478GB,/,459GB,14.3GB,/,905MB,678
2022-09-27 19:51:59,a30f014f232c,hadoop-slave13.1.8vutq2fsdbahvuetvlezy2fme,907.38%,36.08,/,125.5GiB,28.77%,478GB,/,459GB,14.3GB,/,905MB,678
2022-9-27 19:52:00,a30f014f232c,hadoop-slave13.1.8vutq2fsdbahvuetvlezy2fme,1069.97%,36.13,/,125.5GiB,28.79%,478GB,/,459GB,14.3GB,/,905MB,681
2022-09-27 19:52:01,a30f014f232c,hadoop-slave13.1.8vutq2fsdbahvuetvlezy2fme,662.01%,36.13,/,125.5GiB,28.79%,478GB,/,459GB,14.3GB,/,905MB,681
2022-9-27 19:52:02,a30f014f232c,hadoop-slave13.1.8vutq2fsdbahvuetvlezy2fme,254.05%,36.13,/,125.5GiB,28.79%,478GB,/,459GB,14.3GB,/,905MB,674
2022-09-27 19:52:03,a30f014f232c,hadoop-slave13.1.8vutq2fsdbahvuetvlezy2fme,251.97%,36.13,/,125.5GiB,28.8%,478GB,/,459GB,14.3GB,/,905MB,674
2022-9-27 19:52:04,a30f014f232c,hadoop-slave13.1.8vutq2fsdbahvuetvlezy2fme,249.89%,36.16,/,125.5GiB,28.81%,479GB,/,459GB,14.3GB,/,905MB,674
2022-09-27 19:52:05,a30f014f232c,hadoop-slave13.1.8vutq2fsdbahvuetvlezy2fme,126.95%,36.16,/,125.5GiB,28.82%,479GB,/,459GB,14.3GB,/,905MB,674
2022-9-27 19:52:06,a30f014f232c,hadoop-slave13.1.8vutq2fsdbahvuetvlezy2fme,4.02%,36.18,/,125.5GiB,28.83%,479GB,/,460GB,14.3GB,/,905MB,674
2022-09-27 19:52:07,a30f014f232c,hadoop-slave13.1.8vutq2fsdbahvuetvlezy2fme,4.01%,36.18,/,125.5GiB,28.84%,479GB,/,460GB,14.3GB,/,905MB,674
2022-9-27 19:52:08,a30f014f232c,hadoop-slave13.1.8vutq2fsdbahvuetvlezy2fme,4.01%,36.19,/,125.5GiB,28.84%,479GB,/,460GB,14.3GB,/,905MB,674
2022-09-27 19:52:09,a30f014f232c,hadoop-slave13.1.8vutq2fsdbahvuetvlezy2fme,3.15%,36.19,/,125.5GiB,28.84%,479GB,/,460GB,14.3GB,/,905MB,674
2022-09-27 19:52:10,a30f014f232c,hadoop-slave13.1.8vutq2fsdbahvuetvlezy2fme,3.15%,36.19,/,125.5GiB,28.84%,479GB,/,460GB,14.3GB,/,905MB,674
2022-9-27 19:52:11,a30f014f232c,hadoop-slave13.1.8vutq2fsdbahvuetvlezy2fme,2.29%,36.21,/,125.5GiB,28.85%,479GB,/,460GB,14.3GB,/,905MB,671
2022-09-27 19:52:12,a30f014f232c,hadoop-slave13.1.8vutq2fsdbahvuetvlezy2fme,7.99%,36.21,/,125.5GiB,28.86%,479GB,/,460GB,14.3GB,/,905MB,671
2022-9-27 19:52:13,a30f014f232c,hadoop-slave13.1.8vutq2fsdbahvuetvlezy2fme,13.69%,36.22,/,125.5GiB,28.86%,479GB,/,460GB,14.3GB,/,905MB,671
2022-09-27 19:52:14,a30f014f232c,hadoop-slave13.1.8vutq2fsdbahvuetvlezy2fme,9.53%,36.22,/,125.5GiB,28.87%,479GB,/,460GB,14.3GB,/,905MB,671
2022-9-27 19:52:15,a30f014f232c,hadoop-slave13.1.8vutq2fsdbahvuetvlezy2fme,5.36%,36.24,/,125.5GiB,28.88%,479GB,/,460GB,14.3GB,/,905MB,671
2022-09-27 19:52:16,a30f014f232c,hadoop-slave13.1.8vutq2fsdbahvuetvlezy2fme,135.6%,36.24,/,125.5GiB,28.94%,479GB,/,460GB,14.3GB,/,905MB,671
2022-9-27 19:52:17,a30f014f232c,hadoop-slave13.1.8vutq2fsdbahvuetvlezy2fme,265.84%,36.39,/,125.5GiB,29.00%,479GB,/,460GB,14.3GB,/,905MB,671
2022-09-27 19:52:18,a30f014f232c,hadoop-slave13.1.8vutq2fsdbahvuetvlezy2fme,225.67%,36.39,/,125.5GiB,29.17%,479GB,/,460GB,14.3GB,/,905MB,671
2022-9-27 19:52:19,a30f014f232c,hadoop-slave13.1.8vutq2fsdbahvuetvlezy2fme,185.51%,36.82,/,125.5GiB,29.34%,479GB,/,460GB,14.3GB,/,905MB,671
2022-09-27 19:52:20,a30f014f232c,hadoop-slave13.1.8vutq2fsdbahvuetvlezy2fme,183.39%,36.82,/,125.5GiB,29.52%,479GB,/,460GB,14.3GB,/,905MB,671
2022-9-27 19:52:21,a30f014f232c,hadoop-slave13.1.8vutq2fsdbahvuetvlezy2fme,181.27%,37.28,/,125.5GiB,29.71%,479GB,/,461GB,14.3GB,/,905MB,671
2022-09-27 19:52:22,a30f014f232c,hadoop-slave13.1.8vutq2fsdbahvuetvlezy2fme,199.32%,37.28,/,125.5GiB,29.88%,479GB,/,461GB,14.3GB,/,905MB,671
2022-9-27 19:52:23,a30f014f232c,hadoop-slave13.1.8vutq2fsdbahvuetvlezy2fme,217.38%,37.7,/,125.5GiB,30.04%,480GB,/,461GB,14.3GB,/,905MB,671
2022-09-27 19:52:24,a30f014f232c,hadoop-slave13.1.8vutq2fsdbahvuetvlezy2fme,222.02%,37.7,/,125.5GiB,30.14%,480GB,/,461GB,14.3GB,/,905MB,671
2022-9-27 19:52:25,a30f014f232c,hadoop-slave13.1.8vutq2fsdbahvuetvlezy2fme,226.67%,37.96,/,125.5GiB,30.25%,480GB,/,461GB,14.3GB,/,905MB,671
2022-09-27 19:52:26,a30f014f232c,hadoop-slave13.1.8vutq2fsdbahvuetvlezy2fme,332.81%,37.96,/,125.5GiB,30.34%,480GB,/,461GB,14.3GB,/,905MB,671
2022-9-27 19:52:27,a30f014f232c,hadoop-slave13.1.8vutq2fsdbahvuetvlezy2fme,438.95%,38.18,/,125.5GiB,30.43%,480GB,/,461GB,14.3GB,/,905MB,671
2022-09-27 19:52:28,a30f014f232c,hadoop-slave13.1.8vutq2fsdbahvuetvlezy2fme,792.73%,38.18,/,125.5GiB,30.49%,480GB,/,461GB,14.3GB,/,905MB,671
2022-9-27 19:52:29,a30f014f232c,hadoop-slave13.1.8vutq2fsdbahvuetvlezy2fme,1146.50%,38.34,/,125.5GiB,30.55%,480GB,/,462GB,14.3GB,/,905MB,671
2022-09-27 19:52:30,a30f014f232c,hadoop-slave13.1.8vutq2fsdbahvuetvlezy2fme,762.89%,38.34,/,125.5GiB,30.55%,480GB,/,462GB,14.3GB,/,905MB,671
2022-9-27 19:52:31,a30f014f232c,hadoop-slave13.1.8vutq2fsdbahvuetvlezy2fme,379.29%,38.35,/,125.5GiB,30.56%,480GB,/,462GB,14.3GB,/,905MB,671
2022-09-27 19:52:32,a30f014f232c,hadoop-slave13.1.8vutq2fsdbahvuetvlezy2fme,394.62%,38.35,/,125.5GiB,30.57%,480GB,/,462GB,14.3GB,/,905MB,671
2022-9-27 19:52:33,a30f014f232c,hadoop-slave13.1.8vutq2fsdbahvuetvlezy2fme,409.96%,38.37,/,125.5GiB,30.58%,481GB,/,462GB,14.3GB,/,905MB,671
2022-09-27 19:52:34,a30f014f232c,hadoop-slave13.1.8vutq2fsdbahvuetvlezy2fme,412.83%,38.37,/,125.5GiB,30.57%,481GB,/,462GB,14.3GB,/,905MB,671
2022-9-27 19:52:35,a30f014f232c,hadoop-slave13.1.8vutq2fsdbahvuetvlezy2fme,415.70%,38.35,/,125.5GiB,30.56%,481GB,/,462GB,14.3GB,/,905MB,671
2022-09-27 19:52:36,a30f014f232c,hadoop-slave13.1.8vutq2fsdbahvuetvlezy2fme,416.19%,38.35,/,125.5GiB,30.57%,481GB,/,462GB,14.3GB,/,905MB,671
2022-9-27 19:52:37,a30f014f232c,hadoop-slave13.1.8vutq2fsdbahvuetvlezy2fme,416.68%,38.38,/,125.5GiB,30.58%,481GB,/,463GB,14.3GB,/,905MB,671
2022-09-27 19:52:38,a30f014f232c,hadoop-slave13.1.8vutq2fsdbahvuetvlezy2fme,401.19%,38.38,/,125.5GiB,30.59%,481GB,/,463GB,14.3GB,/,905MB,671
2022-9-27 19:52:39,a30f014f232c,hadoop-slave13.1.8vutq2fsdbahvuetvlezy2fme,385.70%,38.39,/,125.5GiB,30.59%,481GB,/,463GB,14.3GB,/,905MB,671
2022-09-27 19:52:40,a30f014f232c,hadoop-slave13.1.8vutq2fsdbahvuetvlezy2fme,403.3%,38.39,/,125.5GiB,30.6%,481GB,/,463GB,14.3GB,/,905MB,671
2022-9-27 19:52:41,a30f014f232c,hadoop-slave13.1.8vutq2fsdbahvuetvlezy2fme,420.90%,38.42,/,125.5GiB,30.61%,482GB,/,463GB,14.3GB,/,905MB,671
2022-09-27 19:52:42,a30f014f232c,hadoop-slave13.1.8vutq2fsdbahvuetvlezy2fme,404.2%,38.42,/,125.5GiB,30.63%,482GB,/,463GB,14.3GB,/,905MB,671
2022-09-27 19:52:43,a30f014f232c,hadoop-slave13.1.8vutq2fsdbahvuetvlezy2fme,404.2%,38.42,/,125.5GiB,30.63%,482GB,/,463GB,14.3GB,/,905MB,671
2022-9-27 19:52:44,a30f014f232c,hadoop-slave13.1.8vutq2fsdbahvuetvlezy2fme,387.51%,38.46,/,125.5GiB,30.65%,482GB,/,463GB,14.3GB,/,905MB,671
2022-09-27 19:52:45,a30f014f232c,hadoop-slave13.1.8vutq2fsdbahvuetvlezy2fme,385.8%,38.46,/,125.5GiB,30.64%,482GB,/,463GB,14.3GB,/,905MB,671
2022-9-27 19:52:46,a30f014f232c,hadoop-slave13.1.8vutq2fsdbahvuetvlezy2fme,384.09%,38.44,/,125.5GiB,30.63%,482GB,/,463GB,14.3GB,/,905MB,671
2022-09-27 19:52:47,a30f014f232c,hadoop-slave13.1.8vutq2fsdbahvuetvlezy2fme,386.64%,38.44,/,125.5GiB,30.65%,482GB,/,463GB,14.3GB,/,905MB,671
2022-9-27 19:52:48,a30f014f232c,hadoop-slave13.1.8vutq2fsdbahvuetvlezy2fme,389.20%,38.48,/,125.5GiB,30.67%,482GB,/,464GB,14.3GB,/,905MB,671
2022-09-27 19:52:49,a30f014f232c,hadoop-slave13.1.8vutq2fsdbahvuetvlezy2fme,381.15%,38.48,/,125.5GiB,30.66%,482GB,/,464GB,14.3GB,/,905MB,671
2022-9-27 19:52:50,a30f014f232c,hadoop-slave13.1.8vutq2fsdbahvuetvlezy2fme,373.10%,38.47,/,125.5GiB,30.65%,482GB,/,464GB,14.3GB,/,905MB,671
2022-09-27 19:52:51,a30f014f232c,hadoop-slave13.1.8vutq2fsdbahvuetvlezy2fme,380.88%,38.47,/,125.5GiB,30.65%,482GB,/,464GB,14.3GB,/,905MB,671
2022-9-27 19:52:52,a30f014f232c,hadoop-slave13.1.8vutq2fsdbahvuetvlezy2fme,388.67%,38.47,/,125.5GiB,30.65%,483GB,/,464GB,14.3GB,/,905MB,671
2022-09-27 19:52:53,a30f014f232c,hadoop-slave13.1.8vutq2fsdbahvuetvlezy2fme,379.6%,38.47,/,125.5GiB,30.64%,483GB,/,464GB,14.3GB,/,905MB,671
2022-9-27 19:52:54,a30f014f232c,hadoop-slave13.1.8vutq2fsdbahvuetvlezy2fme,370.53%,38.44,/,125.5GiB,30.63%,483GB,/,464GB,14.3GB,/,905MB,671
2022-09-27 19:52:55,a30f014f232c,hadoop-slave13.1.8vutq2fsdbahvuetvlezy2fme,353.23%,38.44,/,125.5GiB,30.64%,483GB,/,464GB,14.3GB,/,905MB,671
2022-9-27 19:52:56,a30f014f232c,hadoop-slave13.1.8vutq2fsdbahvuetvlezy2fme,335.93%,38.47,/,125.5GiB,30.66%,483GB,/,465GB,14.3GB,/,905MB,671
2022-09-27 19:52:57,a30f014f232c,hadoop-slave13.1.8vutq2fsdbahvuetvlezy2fme,339.38%,38.47,/,125.5GiB,30.68%,483GB,/,465GB,14.3GB,/,905MB,671
2022-9-27 19:52:58,a30f014f232c,hadoop-slave13.1.8vutq2fsdbahvuetvlezy2fme,342.82%,38.51,/,125.5GiB,30.69%,483GB,/,465GB,14.3GB,/,905MB,671
2022-09-27 19:52:59,a30f014f232c,hadoop-slave13.1.8vutq2fsdbahvuetvlezy2fme,355.49%,38.51,/,125.5GiB,30.7%,483GB,/,465GB,14.3GB,/,905MB,671
2022-9-27 19:53:00,a30f014f232c,hadoop-slave13.1.8vutq2fsdbahvuetvlezy2fme,368.15%,38.53,/,125.5GiB,30.70%,484GB,/,465GB,14.3GB,/,905MB,670
2022-09-27 19:53:01,a30f014f232c,hadoop-slave13.1.8vutq2fsdbahvuetvlezy2fme,350.79%,38.53,/,125.5GiB,30.7%,484GB,/,465GB,14.3GB,/,905MB,670
2022-9-27 19:53:02,a30f014f232c,hadoop-slave13.1.8vutq2fsdbahvuetvlezy2fme,333.43%,38.51,/,125.5GiB,30.69%,484GB,/,465GB,14.3GB,/,905MB,668
2022-09-27 19:53:03,a30f014f232c,hadoop-slave13.1.8vutq2fsdbahvuetvlezy2fme,328.83%,38.51,/,125.5GiB,30.66%,484GB,/,465GB,14.3GB,/,905MB,668
2022-9-27 19:53:04,a30f014f232c,hadoop-slave13.1.8vutq2fsdbahvuetvlezy2fme,324.23%,38.43,/,125.5GiB,30.62%,484GB,/,466GB,14.3GB,/,905MB,668
2022-09-27 19:53:05,a30f014f232c,hadoop-slave13.1.8vutq2fsdbahvuetvlezy2fme,319.95%,38.43,/,125.5GiB,30.63%,484GB,/,466GB,14.3GB,/,905MB,668
2022-9-27 19:53:06,a30f014f232c,hadoop-slave13.1.8vutq2fsdbahvuetvlezy2fme,315.66%,38.46,/,125.5GiB,30.65%,484GB,/,466GB,14.3GB,/,905MB,668
2022-09-27 19:53:07,a30f014f232c,hadoop-slave13.1.8vutq2fsdbahvuetvlezy2fme,318.39%,38.46,/,125.5GiB,30.63%,484GB,/,466GB,14.3GB,/,905MB,668
2022-9-27 19:53:08,a30f014f232c,hadoop-slave13.1.8vutq2fsdbahvuetvlezy2fme,321.12%,38.42,/,125.5GiB,30.61%,484GB,/,466GB,14.3GB,/,905MB,668
2022-09-27 19:53:09,a30f014f232c,hadoop-slave13.1.8vutq2fsdbahvuetvlezy2fme,306.25%,38.42,/,125.5GiB,30.61%,484GB,/,466GB,14.3GB,/,905MB,668
2022-9-27 19:53:10,a30f014f232c,hadoop-slave13.1.8vutq2fsdbahvuetvlezy2fme,291.39%,38.41,/,125.5GiB,30.61%,485GB,/,466GB,14.3GB,/,905MB,668
2022-09-27 19:53:11,a30f014f232c,hadoop-slave13.1.8vutq2fsdbahvuetvlezy2fme,206.57%,38.41,/,125.5GiB,30.62%,485GB,/,466GB,14.3GB,/,905MB,668
2022-9-27 19:53:12,a30f014f232c,hadoop-slave13.1.8vutq2fsdbahvuetvlezy2fme,121.75%,38.42,/,125.5GiB,30.62%,485GB,/,466GB,14.3GB,/,905MB,668
2022-09-27 19:53:13,a30f014f232c,hadoop-slave13.1.8vutq2fsdbahvuetvlezy2fme,120.35%,38.42,/,125.5GiB,30.58%,485GB,/,466GB,14.3GB,/,905MB,668
2022-9-27 19:53:14,a30f014f232c,hadoop-slave13.1.8vutq2fsdbahvuetvlezy2fme,118.96%,38.32,/,125.5GiB,30.54%,485GB,/,466GB,14.3GB,/,905MB,668
2022-09-27 19:53:15,a30f014f232c,hadoop-slave13.1.8vutq2fsdbahvuetvlezy2fme,130.54%,38.32,/,125.5GiB,30.52%,485GB,/,466GB,14.3GB,/,905MB,668
2022-09-27 19:53:16,a30f014f232c,hadoop-slave13.1.8vutq2fsdbahvuetvlezy2fme,130.54%,38.32,/,125.5GiB,30.52%,485GB,/,466GB,14.3GB,/,905MB,668
2022-9-27 19:53:17,a30f014f232c,hadoop-slave13.1.8vutq2fsdbahvuetvlezy2fme,142.12%,38.28,/,125.5GiB,30.51%,485GB,/,466GB,14.3GB,/,905MB,668
2022-09-27 19:53:18,a30f014f232c,hadoop-slave13.1.8vutq2fsdbahvuetvlezy2fme,206.86%,38.28,/,125.5GiB,30.5%,485GB,/,466GB,14.3GB,/,905MB,668
2022-9-27 19:53:19,a30f014f232c,hadoop-slave13.1.8vutq2fsdbahvuetvlezy2fme,271.60%,38.27,/,125.5GiB,30.49%,485GB,/,466GB,14.3GB,/,905MB,668
2022-09-27 19:53:20,a30f014f232c,hadoop-slave13.1.8vutq2fsdbahvuetvlezy2fme,301.04%,38.27,/,125.5GiB,30.51%,485GB,/,466GB,14.3GB,/,905MB,668
2022-9-27 19:53:21,a30f014f232c,hadoop-slave13.1.8vutq2fsdbahvuetvlezy2fme,330.48%,38.31,/,125.5GiB,30.53%,485GB,/,467GB,14.3GB,/,905MB,668
2022-09-27 19:53:22,a30f014f232c,hadoop-slave13.1.8vutq2fsdbahvuetvlezy2fme,364.0%,38.31,/,125.5GiB,30.51%,485GB,/,467GB,14.3GB,/,905MB,668
2022-9-27 19:53:23,a30f014f232c,hadoop-slave13.1.8vutq2fsdbahvuetvlezy2fme,397.52%,38.25,/,125.5GiB,30.48%,485GB,/,467GB,14.3GB,/,905MB,668
2022-09-27 19:53:24,a30f014f232c,hadoop-slave13.1.8vutq2fsdbahvuetvlezy2fme,340.98%,38.25,/,125.5GiB,30.39%,485GB,/,467GB,14.3GB,/,905MB,668
2022-9-27 19:53:25,a30f014f232c,hadoop-slave13.1.8vutq2fsdbahvuetvlezy2fme,284.44%,38.02,/,125.5GiB,30.30%,486GB,/,467GB,14.3GB,/,905MB,668
2022-09-27 19:53:26,a30f014f232c,hadoop-slave13.1.8vutq2fsdbahvuetvlezy2fme,270.12%,38.02,/,125.5GiB,30.3%,486GB,/,467GB,14.3GB,/,905MB,668
2022-9-27 19:53:27,a30f014f232c,hadoop-slave13.1.8vutq2fsdbahvuetvlezy2fme,255.79%,38.01,/,125.5GiB,30.29%,486GB,/,467GB,14.3GB,/,905MB,668
2022-09-27 19:53:28,a30f014f232c,hadoop-slave13.1.8vutq2fsdbahvuetvlezy2fme,300.67%,38.01,/,125.5GiB,30.3%,486GB,/,467GB,14.3GB,/,905MB,668
2022-9-27 19:53:29,a30f014f232c,hadoop-slave13.1.8vutq2fsdbahvuetvlezy2fme,345.54%,38.04,/,125.5GiB,30.31%,486GB,/,467GB,14.3GB,/,905MB,668
2022-09-27 19:53:30,a30f014f232c,hadoop-slave13.1.8vutq2fsdbahvuetvlezy2fme,329.23%,38.04,/,125.5GiB,30.29%,486GB,/,467GB,14.3GB,/,905MB,668
2022-9-27 19:53:31,a30f014f232c,hadoop-slave13.1.8vutq2fsdbahvuetvlezy2fme,312.92%,37.97,/,125.5GiB,30.26%,486GB,/,467GB,14.3GB,/,905MB,668
2022-09-27 19:53:32,a30f014f232c,hadoop-slave13.1.8vutq2fsdbahvuetvlezy2fme,304.52%,37.97,/,125.5GiB,30.27%,486GB,/,467GB,14.3GB,/,905MB,668
2022-9-27 19:53:33,a30f014f232c,hadoop-slave13.1.8vutq2fsdbahvuetvlezy2fme,296.13%,37.99,/,125.5GiB,30.27%,487GB,/,468GB,14.3GB,/,905MB,668
2022-09-27 19:53:34,a30f014f232c,hadoop-slave13.1.8vutq2fsdbahvuetvlezy2fme,252.51%,37.99,/,125.5GiB,30.28%,487GB,/,468GB,14.3GB,/,905MB,668
2022-9-27 19:53:35,a30f014f232c,hadoop-slave13.1.8vutq2fsdbahvuetvlezy2fme,208.89%,38.02,/,125.5GiB,30.29%,487GB,/,468GB,14.3GB,/,905MB,668
2022-09-27 19:53:36,a30f014f232c,hadoop-slave13.1.8vutq2fsdbahvuetvlezy2fme,146.29%,38.02,/,125.5GiB,30.3%,487GB,/,468GB,14.3GB,/,905MB,668
2022-9-27 19:53:37,a30f014f232c,hadoop-slave13.1.8vutq2fsdbahvuetvlezy2fme,83.69%,38.02,/,125.5GiB,30.30%,487GB,/,468GB,14.3GB,/,905MB,668
2022-09-27 19:53:38,a30f014f232c,hadoop-slave13.1.8vutq2fsdbahvuetvlezy2fme,94.3%,38.02,/,125.5GiB,30.28%,487GB,/,468GB,14.3GB,/,905MB,668
2022-9-27 19:53:39,a30f014f232c,hadoop-slave13.1.8vutq2fsdbahvuetvlezy2fme,104.90%,37.98,/,125.5GiB,30.26%,487GB,/,468GB,14.3GB,/,905MB,668
2022-09-27 19:53:40,a30f014f232c,hadoop-slave13.1.8vutq2fsdbahvuetvlezy2fme,68.22%,37.98,/,125.5GiB,30.27%,487GB,/,468GB,14.3GB,/,905MB,668
2022-9-27 19:53:41,a30f014f232c,hadoop-slave13.1.8vutq2fsdbahvuetvlezy2fme,31.54%,37.98,/,125.5GiB,30.27%,487GB,/,468GB,14.3GB,/,905MB,668
2022-09-27 19:53:42,a30f014f232c,hadoop-slave13.1.8vutq2fsdbahvuetvlezy2fme,52.47%,37.98,/,125.5GiB,30.27%,487GB,/,468GB,14.3GB,/,905MB,668
2022-9-27 19:53:43,a30f014f232c,hadoop-slave13.1.8vutq2fsdbahvuetvlezy2fme,73.41%,37.98,/,125.5GiB,30.27%,487GB,/,468GB,14.3GB,/,905MB,668
2022-09-27 19:53:44,a30f014f232c,hadoop-slave13.1.8vutq2fsdbahvuetvlezy2fme,71.45%,37.98,/,125.5GiB,30.27%,487GB,/,468GB,14.3GB,/,905MB,668
2022-9-27 19:53:45,a30f014f232c,hadoop-slave13.1.8vutq2fsdbahvuetvlezy2fme,69.49%,37.98,/,125.5GiB,30.27%,487GB,/,468GB,14.3GB,/,905MB,668
2022-09-27 19:53:46,a30f014f232c,hadoop-slave13.1.8vutq2fsdbahvuetvlezy2fme,210.27%,37.98,/,125.5GiB,30.27%,487GB,/,468GB,14.3GB,/,905MB,668
2022-9-27 19:53:47,a30f014f232c,hadoop-slave13.1.8vutq2fsdbahvuetvlezy2fme,351.04%,37.99,/,125.5GiB,30.27%,487GB,/,468GB,14.3GB,/,905MB,668
2022-09-27 19:53:48,a30f014f232c,hadoop-slave13.1.8vutq2fsdbahvuetvlezy2fme,939.97%,37.99,/,125.5GiB,30.28%,487GB,/,468GB,14.3GB,/,905MB,668
2022-9-27 19:53:49,a30f014f232c,hadoop-slave13.1.8vutq2fsdbahvuetvlezy2fme,1528.89%,38.01,/,125.5GiB,30.29%,487GB,/,468GB,14.3GB,/,905MB,683
2022-09-27 19:53:50,a30f014f232c,hadoop-slave13.1.8vutq2fsdbahvuetvlezy2fme,1828.98%,38.01,/,125.5GiB,30.29%,487GB,/,468GB,14.3GB,/,905MB,683
2022-9-27 19:53:51,a30f014f232c,hadoop-slave13.1.8vutq2fsdbahvuetvlezy2fme,2129.07%,38.01,/,125.5GiB,30.29%,487GB,/,468GB,14.3GB,/,905MB,698
2022-09-27 19:53:52,a30f014f232c,hadoop-slave13.1.8vutq2fsdbahvuetvlezy2fme,2825.2%,38.01,/,125.5GiB,31.2%,487GB,/,468GB,14.3GB,/,905MB,698
2022-09-27 19:53:53,a30f014f232c,hadoop-slave13.1.8vutq2fsdbahvuetvlezy2fme,2825.2%,38.01,/,125.5GiB,31.2%,487GB,/,468GB,14.3GB,/,905MB,698
2022-9-27 19:53:54,a30f014f232c,hadoop-slave13.1.8vutq2fsdbahvuetvlezy2fme,3521.34%,40.3,/,125.5GiB,32.11%,487GB,/,468GB,14.3GB,/,905MB,698
2022-09-27 19:53:55,a30f014f232c,hadoop-slave13.1.8vutq2fsdbahvuetvlezy2fme,3011.13%,40.3,/,125.5GiB,32.54%,487GB,/,468GB,14.3GB,/,905MB,698
2022-9-27 19:53:56,a30f014f232c,hadoop-slave13.1.8vutq2fsdbahvuetvlezy2fme,2500.92%,41.37,/,125.5GiB,32.97%,487GB,/,468GB,14.3GB,/,905MB,687
2022-09-27 19:53:57,a30f014f232c,hadoop-slave13.1.8vutq2fsdbahvuetvlezy2fme,2572.76%,41.37,/,125.5GiB,33.4%,487GB,/,468GB,14.3GB,/,905MB,687
2022-9-27 19:53:58,a30f014f232c,hadoop-slave13.1.8vutq2fsdbahvuetvlezy2fme,2644.59%,42.45,/,125.5GiB,33.83%,487GB,/,468GB,14.3GB,/,905MB,698
2022-09-27 19:53:59,a30f014f232c,hadoop-slave13.1.8vutq2fsdbahvuetvlezy2fme,2734.92%,42.45,/,125.5GiB,33.83%,487GB,/,468GB,14.3GB,/,905MB,698
2022-9-27 19:54:00,a30f014f232c,hadoop-slave13.1.8vutq2fsdbahvuetvlezy2fme,2825.25%,42.45,/,125.5GiB,33.83%,487GB,/,468GB,14.3GB,/,905MB,698
2022-09-27 19:54:01,a30f014f232c,hadoop-slave13.1.8vutq2fsdbahvuetvlezy2fme,2502.23%,42.45,/,125.5GiB,33.84%,487GB,/,468GB,14.3GB,/,905MB,698
2022-9-27 19:54:02,a30f014f232c,hadoop-slave13.1.8vutq2fsdbahvuetvlezy2fme,2179.22%,42.5,/,125.5GiB,33.86%,487GB,/,468GB,14.3GB,/,905MB,688
2022-09-27 19:54:03,a30f014f232c,hadoop-slave13.1.8vutq2fsdbahvuetvlezy2fme,2425.72%,42.5,/,125.5GiB,33.88%,487GB,/,468GB,14.3GB,/,905MB,688
2022-9-27 19:54:04,a30f014f232c,hadoop-slave13.1.8vutq2fsdbahvuetvlezy2fme,2672.21%,42.53,/,125.5GiB,33.89%,487GB,/,468GB,14.3GB,/,905MB,698
2022-09-27 19:54:05,a30f014f232c,hadoop-slave13.1.8vutq2fsdbahvuetvlezy2fme,2308.77%,42.53,/,125.5GiB,33.89%,487GB,/,468GB,14.3GB,/,905MB,698
2022-9-27 19:54:06,a30f014f232c,hadoop-slave13.1.8vutq2fsdbahvuetvlezy2fme,1945.33%,42.53,/,125.5GiB,33.89%,487GB,/,468GB,14.3GB,/,905MB,687
2022-09-27 19:54:07,a30f014f232c,hadoop-slave13.1.8vutq2fsdbahvuetvlezy2fme,2185.1%,42.53,/,125.5GiB,33.91%,487GB,/,468GB,14.3GB,/,905MB,687
2022-9-27 19:54:08,a30f014f232c,hadoop-slave13.1.8vutq2fsdbahvuetvlezy2fme,2424.86%,42.58,/,125.5GiB,33.93%,487GB,/,468GB,14.3GB,/,905MB,698
2022-09-27 19:54:09,a30f014f232c,hadoop-slave13.1.8vutq2fsdbahvuetvlezy2fme,2396.24%,42.58,/,125.5GiB,33.93%,487GB,/,468GB,14.3GB,/,905MB,698
2022-9-27 19:54:10,a30f014f232c,hadoop-slave13.1.8vutq2fsdbahvuetvlezy2fme,2367.61%,42.58,/,125.5GiB,33.93%,487GB,/,468GB,14.3GB,/,905MB,698
2022-09-27 19:54:11,a30f014f232c,hadoop-slave13.1.8vutq2fsdbahvuetvlezy2fme,2372.03%,42.58,/,125.5GiB,33.91%,487GB,/,468GB,14.3GB,/,905MB,698
2022-9-27 19:54:12,a30f014f232c,hadoop-slave13.1.8vutq2fsdbahvuetvlezy2fme,2376.44%,42.52,/,125.5GiB,33.88%,487GB,/,468GB,14.3GB,/,905MB,688
2022-09-27 19:54:13,a30f014f232c,hadoop-slave13.1.8vutq2fsdbahvuetvlezy2fme,2471.31%,42.52,/,125.5GiB,33.89%,487GB,/,468GB,14.3GB,/,905MB,688
2022-9-27 19:54:14,a30f014f232c,hadoop-slave13.1.8vutq2fsdbahvuetvlezy2fme,2566.18%,42.55,/,125.5GiB,33.91%,487GB,/,468GB,14.3GB,/,905MB,698
2022-09-27 19:54:15,a30f014f232c,hadoop-slave13.1.8vutq2fsdbahvuetvlezy2fme,2566.1%,42.55,/,125.5GiB,33.91%,487GB,/,468GB,14.3GB,/,905MB,698
2022-9-27 19:54:16,a30f014f232c,hadoop-slave13.1.8vutq2fsdbahvuetvlezy2fme,2566.02%,42.57,/,125.5GiB,33.92%,487GB,/,468GB,14.3GB,/,905MB,688
2022-09-27 19:54:17,a30f014f232c,hadoop-slave13.1.8vutq2fsdbahvuetvlezy2fme,2428.81%,42.57,/,125.5GiB,33.96%,487GB,/,468GB,14.3GB,/,905MB,688
2022-9-27 19:54:18,a30f014f232c,hadoop-slave13.1.8vutq2fsdbahvuetvlezy2fme,2291.59%,42.67,/,125.5GiB,34.00%,487GB,/,468GB,14.3GB,/,905MB,696
2022-09-27 19:54:19,a30f014f232c,hadoop-slave13.1.8vutq2fsdbahvuetvlezy2fme,2063.21%,42.67,/,125.5GiB,34.02%,487GB,/,468GB,14.3GB,/,905MB,696
2022-9-27 19:54:20,a30f014f232c,hadoop-slave13.1.8vutq2fsdbahvuetvlezy2fme,1834.83%,42.72,/,125.5GiB,34.04%,487GB,/,468GB,14.3GB,/,905MB,690
2022-09-27 19:54:21,a30f014f232c,hadoop-slave13.1.8vutq2fsdbahvuetvlezy2fme,1875.28%,42.72,/,125.5GiB,34.07%,487GB,/,468GB,14.3GB,/,905MB,690
2022-9-27 19:54:22,a30f014f232c,hadoop-slave13.1.8vutq2fsdbahvuetvlezy2fme,1915.74%,42.8,/,125.5GiB,34.10%,487GB,/,468GB,14.3GB,/,905MB,697
2022-09-27 19:54:23,a30f014f232c,hadoop-slave13.1.8vutq2fsdbahvuetvlezy2fme,1785.03%,42.8,/,125.5GiB,34.09%,487GB,/,468GB,14.3GB,/,905MB,697
2022-9-27 19:54:24,a30f014f232c,hadoop-slave13.1.8vutq2fsdbahvuetvlezy2fme,1654.33%,42.78,/,125.5GiB,34.09%,487GB,/,468GB,14.3GB,/,905MB,695
2022-09-27 19:54:25,a30f014f232c,hadoop-slave13.1.8vutq2fsdbahvuetvlezy2fme,890.12%,42.78,/,125.5GiB,34.09%,487GB,/,468GB,14.3GB,/,905MB,695
2022-9-27 19:54:26,a30f014f232c,hadoop-slave13.1.8vutq2fsdbahvuetvlezy2fme,125.90%,42.78,/,125.5GiB,34.09%,487GB,/,468GB,14.3GB,/,905MB,683
2022-09-27 19:54:27,a30f014f232c,hadoop-slave13.1.8vutq2fsdbahvuetvlezy2fme,900.62%,42.78,/,125.5GiB,34.09%,487GB,/,468GB,14.3GB,/,905MB,683
2022-9-27 19:54:28,a30f014f232c,hadoop-slave13.1.8vutq2fsdbahvuetvlezy2fme,1675.33%,42.79,/,125.5GiB,34.10%,487GB,/,468GB,14.3GB,/,905MB,696
2022-09-27 19:54:29,a30f014f232c,hadoop-slave13.1.8vutq2fsdbahvuetvlezy2fme,1219.76%,42.79,/,125.5GiB,34.09%,487GB,/,468GB,14.3GB,/,905MB,696
2022-09-27 19:54:30,a30f014f232c,hadoop-slave13.1.8vutq2fsdbahvuetvlezy2fme,1219.76%,42.79,/,125.5GiB,34.09%,487GB,/,468GB,14.3GB,/,905MB,696
2022-9-27 19:54:31,a30f014f232c,hadoop-slave13.1.8vutq2fsdbahvuetvlezy2fme,764.19%,42.78,/,125.5GiB,34.09%,487GB,/,468GB,14.3GB,/,905MB,688
2022-09-27 19:54:32,a30f014f232c,hadoop-slave13.1.8vutq2fsdbahvuetvlezy2fme,444.17%,42.78,/,125.5GiB,34.09%,487GB,/,468GB,14.3GB,/,905MB,688
2022-9-27 19:54:33,a30f014f232c,hadoop-slave13.1.8vutq2fsdbahvuetvlezy2fme,124.15%,42.79,/,125.5GiB,34.10%,487GB,/,468GB,14.3GB,/,905MB,685
2022-09-27 19:54:34,a30f014f232c,hadoop-slave13.1.8vutq2fsdbahvuetvlezy2fme,368.19%,42.79,/,125.5GiB,34.09%,487GB,/,468GB,14.3GB,/,905MB,685
2022-9-27 19:54:35,a30f014f232c,hadoop-slave13.1.8vutq2fsdbahvuetvlezy2fme,612.23%,42.78,/,125.5GiB,34.09%,488GB,/,468GB,14.3GB,/,905MB,684
2022-09-27 19:54:36,a30f014f232c,hadoop-slave13.1.8vutq2fsdbahvuetvlezy2fme,555.42%,42.78,/,125.5GiB,34.11%,488GB,/,468GB,14.3GB,/,905MB,684
2022-9-27 19:54:37,a30f014f232c,hadoop-slave13.1.8vutq2fsdbahvuetvlezy2fme,498.61%,42.82,/,125.5GiB,34.12%,488GB,/,468GB,14.3GB,/,905MB,683
2022-09-27 19:54:38,a30f014f232c,hadoop-slave13.1.8vutq2fsdbahvuetvlezy2fme,439.3%,42.82,/,125.5GiB,34.14%,488GB,/,468GB,14.3GB,/,905MB,683
2022-9-27 19:54:39,a30f014f232c,hadoop-slave13.1.8vutq2fsdbahvuetvlezy2fme,379.98%,42.89,/,125.5GiB,34.17%,488GB,/,468GB,14.3GB,/,905MB,685
2022-09-27 19:54:40,a30f014f232c,hadoop-slave13.1.8vutq2fsdbahvuetvlezy2fme,345.12%,42.89,/,125.5GiB,34.19%,488GB,/,468GB,14.3GB,/,905MB,685
2022-9-27 19:54:41,a30f014f232c,hadoop-slave13.1.8vutq2fsdbahvuetvlezy2fme,310.25%,42.92,/,125.5GiB,34.20%,488GB,/,469GB,14.3GB,/,905MB,683
2022-09-27 19:54:42,a30f014f232c,hadoop-slave13.1.8vutq2fsdbahvuetvlezy2fme,342.75%,42.92,/,125.5GiB,34.22%,488GB,/,469GB,14.3GB,/,905MB,683
2022-9-27 19:54:43,a30f014f232c,hadoop-slave13.1.8vutq2fsdbahvuetvlezy2fme,375.25%,42.96,/,125.5GiB,34.23%,489GB,/,469GB,14.3GB,/,905MB,681
2022-09-27 19:54:44,a30f014f232c,hadoop-slave13.1.8vutq2fsdbahvuetvlezy2fme,330.38%,42.96,/,125.5GiB,34.24%,489GB,/,469GB,14.3GB,/,905MB,681
2022-9-27 19:54:45,a30f014f232c,hadoop-slave13.1.8vutq2fsdbahvuetvlezy2fme,285.52%,43,/,125.5GiB,34.26%,489GB,/,469GB,14.3GB,/,905MB,681
2022-09-27 19:54:46,a30f014f232c,hadoop-slave13.1.8vutq2fsdbahvuetvlezy2fme,295.82%,43,/,125.5GiB,34.27%,489GB,/,469GB,14.3GB,/,905MB,681
2022-9-27 19:54:47,a30f014f232c,hadoop-slave13.1.8vutq2fsdbahvuetvlezy2fme,306.13%,43.04,/,125.5GiB,34.29%,489GB,/,469GB,14.3GB,/,905MB,681
2022-09-27 19:54:48,a30f014f232c,hadoop-slave13.1.8vutq2fsdbahvuetvlezy2fme,305.64%,43.04,/,125.5GiB,34.31%,489GB,/,469GB,14.3GB,/,905MB,681
2022-9-27 19:54:49,a30f014f232c,hadoop-slave13.1.8vutq2fsdbahvuetvlezy2fme,305.16%,43.08,/,125.5GiB,34.33%,489GB,/,470GB,14.3GB,/,905MB,672
2022-09-27 19:54:50,a30f014f232c,hadoop-slave13.1.8vutq2fsdbahvuetvlezy2fme,295.82%,43.08,/,125.5GiB,34.34%,489GB,/,470GB,14.3GB,/,905MB,672
2022-9-27 19:54:51,a30f014f232c,hadoop-slave13.1.8vutq2fsdbahvuetvlezy2fme,286.48%,43.12,/,125.5GiB,34.36%,489GB,/,470GB,14.3GB,/,905MB,672
2022-09-27 19:54:52,a30f014f232c,hadoop-slave13.1.8vutq2fsdbahvuetvlezy2fme,298.88%,43.12,/,125.5GiB,34.38%,489GB,/,470GB,14.3GB,/,905MB,672
2022-9-27 19:54:53,a30f014f232c,hadoop-slave13.1.8vutq2fsdbahvuetvlezy2fme,311.27%,43.16,/,125.5GiB,34.39%,490GB,/,470GB,14.3GB,/,905MB,672
2022-09-27 19:54:54,a30f014f232c,hadoop-slave13.1.8vutq2fsdbahvuetvlezy2fme,304.65%,43.16,/,125.5GiB,34.41%,490GB,/,470GB,14.3GB,/,905MB,672
2022-9-27 19:54:55,a30f014f232c,hadoop-slave13.1.8vutq2fsdbahvuetvlezy2fme,298.03%,43.19,/,125.5GiB,34.42%,490GB,/,470GB,14.3GB,/,905MB,672
2022-09-27 19:54:56,a30f014f232c,hadoop-slave13.1.8vutq2fsdbahvuetvlezy2fme,315.25%,43.19,/,125.5GiB,34.42%,490GB,/,470GB,14.3GB,/,905MB,672
2022-9-27 19:54:57,a30f014f232c,hadoop-slave13.1.8vutq2fsdbahvuetvlezy2fme,332.46%,43.2,/,125.5GiB,34.43%,490GB,/,471GB,14.3GB,/,905MB,672
2022-09-27 19:54:58,a30f014f232c,hadoop-slave13.1.8vutq2fsdbahvuetvlezy2fme,322.0%,43.2,/,125.5GiB,34.45%,490GB,/,471GB,14.3GB,/,905MB,672
2022-9-27 19:54:59,a30f014f232c,hadoop-slave13.1.8vutq2fsdbahvuetvlezy2fme,311.54%,43.24,/,125.5GiB,34.46%,490GB,/,471GB,14.3GB,/,905MB,672
2022-09-27 19:55:00,a30f014f232c,hadoop-slave13.1.8vutq2fsdbahvuetvlezy2fme,301.94%,43.24,/,125.5GiB,34.48%,490GB,/,471GB,14.3GB,/,905MB,672
2022-9-27 19:55:01,a30f014f232c,hadoop-slave13.1.8vutq2fsdbahvuetvlezy2fme,292.34%,43.28,/,125.5GiB,34.49%,491GB,/,471GB,14.3GB,/,905MB,672
2022-09-27 19:55:02,a30f014f232c,hadoop-slave13.1.8vutq2fsdbahvuetvlezy2fme,317.89%,43.28,/,125.5GiB,34.5%,491GB,/,471GB,14.3GB,/,905MB,672
2022-09-27 19:55:03,a30f014f232c,hadoop-slave13.1.8vutq2fsdbahvuetvlezy2fme,317.89%,43.28,/,125.5GiB,34.5%,491GB,/,471GB,14.3GB,/,905MB,672
2022-9-27 19:55:04,a30f014f232c,hadoop-slave13.1.8vutq2fsdbahvuetvlezy2fme,343.45%,43.31,/,125.5GiB,34.51%,491GB,/,471GB,14.3GB,/,905MB,672
2022-09-27 19:55:05,a30f014f232c,hadoop-slave13.1.8vutq2fsdbahvuetvlezy2fme,348.19%,43.31,/,125.5GiB,34.53%,491GB,/,471GB,14.3GB,/,905MB,672
2022-9-27 19:55:06,a30f014f232c,hadoop-slave13.1.8vutq2fsdbahvuetvlezy2fme,352.93%,43.35,/,125.5GiB,34.55%,491GB,/,472GB,14.3GB,/,905MB,672
2022-09-27 19:55:07,a30f014f232c,hadoop-slave13.1.8vutq2fsdbahvuetvlezy2fme,329.31%,43.35,/,125.5GiB,34.56%,491GB,/,472GB,14.3GB,/,905MB,672
2022-9-27 19:55:08,a30f014f232c,hadoop-slave13.1.8vutq2fsdbahvuetvlezy2fme,305.69%,43.39,/,125.5GiB,34.58%,491GB,/,472GB,14.3GB,/,905MB,672
2022-09-27 19:55:09,a30f014f232c,hadoop-slave13.1.8vutq2fsdbahvuetvlezy2fme,312.5%,43.39,/,125.5GiB,34.59%,491GB,/,472GB,14.3GB,/,905MB,672
2022-9-27 19:55:10,a30f014f232c,hadoop-slave13.1.8vutq2fsdbahvuetvlezy2fme,319.31%,43.43,/,125.5GiB,34.61%,492GB,/,472GB,14.3GB,/,905MB,672
2022-09-27 19:55:11,a30f014f232c,hadoop-slave13.1.8vutq2fsdbahvuetvlezy2fme,305.9%,43.43,/,125.5GiB,34.62%,492GB,/,472GB,14.3GB,/,905MB,672
2022-9-27 19:55:12,a30f014f232c,hadoop-slave13.1.8vutq2fsdbahvuetvlezy2fme,292.50%,43.47,/,125.5GiB,34.64%,492GB,/,472GB,14.3GB,/,905MB,672
2022-09-27 19:55:13,a30f014f232c,hadoop-slave13.1.8vutq2fsdbahvuetvlezy2fme,303.1%,43.47,/,125.5GiB,34.66%,492GB,/,472GB,14.3GB,/,905MB,672
2022-9-27 19:55:14,a30f014f232c,hadoop-slave13.1.8vutq2fsdbahvuetvlezy2fme,313.70%,43.51,/,125.5GiB,34.67%,492GB,/,472GB,14.3GB,/,905MB,672
2022-09-27 19:55:15,a30f014f232c,hadoop-slave13.1.8vutq2fsdbahvuetvlezy2fme,309.03%,43.51,/,125.5GiB,34.69%,492GB,/,472GB,14.3GB,/,905MB,672
2022-9-27 19:55:16,a30f014f232c,hadoop-slave13.1.8vutq2fsdbahvuetvlezy2fme,304.37%,43.55,/,125.5GiB,34.70%,492GB,/,473GB,14.3GB,/,905MB,672
2022-09-27 19:55:17,a30f014f232c,hadoop-slave13.1.8vutq2fsdbahvuetvlezy2fme,302.3%,43.55,/,125.5GiB,34.72%,492GB,/,473GB,14.3GB,/,905MB,672
2022-9-27 19:55:18,a30f014f232c,hadoop-slave13.1.8vutq2fsdbahvuetvlezy2fme,300.23%,43.59,/,125.5GiB,34.74%,492GB,/,473GB,14.3GB,/,905MB,672
2022-09-27 19:55:19,a30f014f232c,hadoop-slave13.1.8vutq2fsdbahvuetvlezy2fme,302.16%,43.59,/,125.5GiB,34.76%,492GB,/,473GB,14.3GB,/,905MB,672
2022-9-27 19:55:20,a30f014f232c,hadoop-slave13.1.8vutq2fsdbahvuetvlezy2fme,304.09%,43.63,/,125.5GiB,34.77%,493GB,/,473GB,14.3GB,/,905MB,672
2022-09-27 19:55:21,a30f014f232c,hadoop-slave13.1.8vutq2fsdbahvuetvlezy2fme,287.79%,43.63,/,125.5GiB,34.78%,493GB,/,473GB,14.3GB,/,905MB,672
2022-9-27 19:55:22,a30f014f232c,hadoop-slave13.1.8vutq2fsdbahvuetvlezy2fme,271.49%,43.67,/,125.5GiB,34.80%,493GB,/,473GB,14.3GB,/,905MB,672
2022-09-27 19:55:23,a30f014f232c,hadoop-slave13.1.8vutq2fsdbahvuetvlezy2fme,272.24%,43.67,/,125.5GiB,34.81%,493GB,/,473GB,14.3GB,/,905MB,672
2022-9-27 19:55:24,a30f014f232c,hadoop-slave13.1.8vutq2fsdbahvuetvlezy2fme,272.98%,43.71,/,125.5GiB,34.83%,493GB,/,474GB,14.3GB,/,905MB,672
2022-09-27 19:55:25,a30f014f232c,hadoop-slave13.1.8vutq2fsdbahvuetvlezy2fme,276.23%,43.71,/,125.5GiB,34.84%,493GB,/,474GB,14.3GB,/,905MB,672
2022-9-27 19:55:26,a30f014f232c,hadoop-slave13.1.8vutq2fsdbahvuetvlezy2fme,279.47%,43.73,/,125.5GiB,34.85%,493GB,/,474GB,14.3GB,/,905MB,672
2022-09-27 19:55:27,a30f014f232c,hadoop-slave13.1.8vutq2fsdbahvuetvlezy2fme,252.69%,43.73,/,125.5GiB,34.87%,493GB,/,474GB,14.3GB,/,905MB,672
2022-9-27 19:55:28,a30f014f232c,hadoop-slave13.1.8vutq2fsdbahvuetvlezy2fme,225.90%,43.77,/,125.5GiB,34.88%,494GB,/,474GB,14.3GB,/,905MB,672
2022-09-27 19:55:29,a30f014f232c,hadoop-slave13.1.8vutq2fsdbahvuetvlezy2fme,223.28%,43.77,/,125.5GiB,34.89%,494GB,/,474GB,14.3GB,/,905MB,672
2022-9-27 19:55:30,a30f014f232c,hadoop-slave13.1.8vutq2fsdbahvuetvlezy2fme,220.66%,43.8,/,125.5GiB,34.90%,494GB,/,474GB,14.3GB,/,905MB,671
2022-09-27 19:55:31,a30f014f232c,hadoop-slave13.1.8vutq2fsdbahvuetvlezy2fme,215.31%,43.8,/,125.5GiB,34.91%,494GB,/,474GB,14.3GB,/,905MB,671
2022-9-27 19:55:32,a30f014f232c,hadoop-slave13.1.8vutq2fsdbahvuetvlezy2fme,209.97%,43.83,/,125.5GiB,34.93%,494GB,/,475GB,14.3GB,/,905MB,669
2022-09-27 19:55:33,a30f014f232c,hadoop-slave13.1.8vutq2fsdbahvuetvlezy2fme,201.05%,43.83,/,125.5GiB,34.95%,494GB,/,475GB,14.3GB,/,905MB,669
2022-9-27 19:55:34,a30f014f232c,hadoop-slave13.1.8vutq2fsdbahvuetvlezy2fme,192.13%,43.87,/,125.5GiB,34.96%,494GB,/,475GB,14.3GB,/,905MB,669
2022-09-27 19:55:35,a30f014f232c,hadoop-slave13.1.8vutq2fsdbahvuetvlezy2fme,172.06%,43.87,/,125.5GiB,34.97%,494GB,/,475GB,14.3GB,/,905MB,669
2022-09-27 19:55:36,a30f014f232c,hadoop-slave13.1.8vutq2fsdbahvuetvlezy2fme,172.06%,43.87,/,125.5GiB,34.97%,494GB,/,475GB,14.3GB,/,905MB,669
2022-9-27 19:55:37,a30f014f232c,hadoop-slave13.1.8vutq2fsdbahvuetvlezy2fme,152.00%,43.9,/,125.5GiB,34.98%,494GB,/,475GB,14.3GB,/,905MB,669
2022-09-27 19:55:38,a30f014f232c,hadoop-slave13.1.8vutq2fsdbahvuetvlezy2fme,164.39%,43.9,/,125.5GiB,34.95%,494GB,/,475GB,14.3GB,/,905MB,669
2022-9-27 19:55:39,a30f014f232c,hadoop-slave13.1.8vutq2fsdbahvuetvlezy2fme,176.78%,43.82,/,125.5GiB,34.92%,494GB,/,475GB,14.3GB,/,905MB,669
2022-09-27 19:55:40,a30f014f232c,hadoop-slave13.1.8vutq2fsdbahvuetvlezy2fme,172.78%,43.82,/,125.5GiB,34.93%,494GB,/,475GB,14.3GB,/,905MB,669
2022-9-27 19:55:41,a30f014f232c,hadoop-slave13.1.8vutq2fsdbahvuetvlezy2fme,168.78%,43.85,/,125.5GiB,34.94%,495GB,/,475GB,14.3GB,/,905MB,669
2022-09-27 19:55:42,a30f014f232c,hadoop-slave13.1.8vutq2fsdbahvuetvlezy2fme,194.99%,43.85,/,125.5GiB,34.95%,495GB,/,475GB,14.3GB,/,905MB,669
2022-9-27 19:55:43,a30f014f232c,hadoop-slave13.1.8vutq2fsdbahvuetvlezy2fme,221.20%,43.87,/,125.5GiB,34.95%,495GB,/,475GB,14.3GB,/,905MB,668
2022-09-27 19:55:44,a30f014f232c,hadoop-slave13.1.8vutq2fsdbahvuetvlezy2fme,200.44%,43.87,/,125.5GiB,34.96%,495GB,/,475GB,14.3GB,/,905MB,668
2022-9-27 19:55:45,a30f014f232c,hadoop-slave13.1.8vutq2fsdbahvuetvlezy2fme,179.67%,43.88,/,125.5GiB,34.97%,495GB,/,476GB,14.3GB,/,905MB,668
2022-09-27 19:55:46,a30f014f232c,hadoop-slave13.1.8vutq2fsdbahvuetvlezy2fme,158.78%,43.88,/,125.5GiB,34.98%,495GB,/,476GB,14.3GB,/,905MB,668
2022-9-27 19:55:47,a30f014f232c,hadoop-slave13.1.8vutq2fsdbahvuetvlezy2fme,137.90%,43.9,/,125.5GiB,34.99%,495GB,/,476GB,14.3GB,/,905MB,668
2022-09-27 19:55:48,a30f014f232c,hadoop-slave13.1.8vutq2fsdbahvuetvlezy2fme,146.92%,43.9,/,125.5GiB,35.0%,495GB,/,476GB,14.3GB,/,905MB,668
2022-9-27 19:55:49,a30f014f232c,hadoop-slave13.1.8vutq2fsdbahvuetvlezy2fme,155.94%,43.93,/,125.5GiB,35.01%,495GB,/,476GB,14.3GB,/,905MB,668
2022-09-27 19:55:50,a30f014f232c,hadoop-slave13.1.8vutq2fsdbahvuetvlezy2fme,152.54%,43.93,/,125.5GiB,35.02%,495GB,/,476GB,14.3GB,/,905MB,668
2022-9-27 19:55:51,a30f014f232c,hadoop-slave13.1.8vutq2fsdbahvuetvlezy2fme,149.14%,43.96,/,125.5GiB,35.03%,495GB,/,476GB,14.3GB,/,905MB,668
2022-09-27 19:55:52,a30f014f232c,hadoop-slave13.1.8vutq2fsdbahvuetvlezy2fme,273.28%,43.96,/,125.5GiB,35.0%,495GB,/,476GB,14.3GB,/,905MB,668
2022-9-27 19:55:53,a30f014f232c,hadoop-slave13.1.8vutq2fsdbahvuetvlezy2fme,397.43%,43.89,/,125.5GiB,34.98%,495GB,/,476GB,14.3GB,/,905MB,668
2022-09-27 19:55:54,a30f014f232c,hadoop-slave13.1.8vutq2fsdbahvuetvlezy2fme,311.8%,43.89,/,125.5GiB,34.99%,495GB,/,476GB,14.3GB,/,905MB,668
2022-9-27 19:55:55,a30f014f232c,hadoop-slave13.1.8vutq2fsdbahvuetvlezy2fme,226.16%,43.93,/,125.5GiB,35.00%,496GB,/,476GB,14.3GB,/,905MB,677
2022-09-27 19:55:56,a30f014f232c,hadoop-slave13.1.8vutq2fsdbahvuetvlezy2fme,198.38%,43.93,/,125.5GiB,35.01%,496GB,/,476GB,14.3GB,/,905MB,677
2022-9-27 19:55:57,a30f014f232c,hadoop-slave13.1.8vutq2fsdbahvuetvlezy2fme,170.59%,43.95,/,125.5GiB,35.02%,496GB,/,477GB,14.3GB,/,905MB,677
2022-09-27 19:55:58,a30f014f232c,hadoop-slave13.1.8vutq2fsdbahvuetvlezy2fme,161.78%,43.95,/,125.5GiB,35.03%,496GB,/,477GB,14.3GB,/,905MB,677
2022-9-27 19:55:59,a30f014f232c,hadoop-slave13.1.8vutq2fsdbahvuetvlezy2fme,152.98%,43.98,/,125.5GiB,35.05%,496GB,/,477GB,14.3GB,/,905MB,677
2022-09-27 19:56:00,a30f014f232c,hadoop-slave13.1.8vutq2fsdbahvuetvlezy2fme,116.45%,43.98,/,125.5GiB,35.05%,496GB,/,477GB,14.3GB,/,905MB,677
2022-09-27 19:56:01,a30f014f232c,hadoop-slave13.1.8vutq2fsdbahvuetvlezy2fme,116.45%,43.98,/,125.5GiB,35.05%,496GB,/,477GB,14.3GB,/,905MB,677
2022-9-27 19:56:02,a30f014f232c,hadoop-slave13.1.8vutq2fsdbahvuetvlezy2fme,79.92%,44,/,125.5GiB,35.06%,496GB,/,477GB,14.3GB,/,905MB,677
2022-09-27 19:56:03,a30f014f232c,hadoop-slave13.1.8vutq2fsdbahvuetvlezy2fme,80.93%,44,/,125.5GiB,35.07%,496GB,/,477GB,14.3GB,/,905MB,677
2022-9-27 19:56:04,a30f014f232c,hadoop-slave13.1.8vutq2fsdbahvuetvlezy2fme,81.93%,44.03,/,125.5GiB,35.08%,496GB,/,477GB,14.3GB,/,905MB,677
2022-09-27 19:56:05,a30f014f232c,hadoop-slave13.1.8vutq2fsdbahvuetvlezy2fme,71.93%,44.03,/,125.5GiB,35.09%,496GB,/,477GB,14.3GB,/,905MB,677
2022-9-27 19:56:06,a30f014f232c,hadoop-slave13.1.8vutq2fsdbahvuetvlezy2fme,61.92%,44.05,/,125.5GiB,35.10%,496GB,/,477GB,14.3GB,/,905MB,677
2022-09-27 19:56:07,a30f014f232c,hadoop-slave13.1.8vutq2fsdbahvuetvlezy2fme,116.0%,44.05,/,125.5GiB,35.12%,496GB,/,477GB,14.3GB,/,905MB,677
2022-9-27 19:56:08,a30f014f232c,hadoop-slave13.1.8vutq2fsdbahvuetvlezy2fme,170.07%,44.08,/,125.5GiB,35.13%,496GB,/,477GB,14.3GB,/,905MB,677
2022-09-27 19:56:09,a30f014f232c,hadoop-slave13.1.8vutq2fsdbahvuetvlezy2fme,123.61%,44.08,/,125.5GiB,35.14%,496GB,/,477GB,14.3GB,/,905MB,677
2022-9-27 19:56:10,a30f014f232c,hadoop-slave13.1.8vutq2fsdbahvuetvlezy2fme,77.16%,44.1,/,125.5GiB,35.14%,496GB,/,477GB,14.3GB,/,905MB,677
2022-09-27 19:56:11,a30f014f232c,hadoop-slave13.1.8vutq2fsdbahvuetvlezy2fme,103.0%,44.1,/,125.5GiB,35.14%,496GB,/,477GB,14.3GB,/,905MB,677
2022-9-27 19:56:12,a30f014f232c,hadoop-slave13.1.8vutq2fsdbahvuetvlezy2fme,128.84%,44.11,/,125.5GiB,35.15%,497GB,/,477GB,14.3GB,/,905MB,677
2022-09-27 19:56:13,a30f014f232c,hadoop-slave13.1.8vutq2fsdbahvuetvlezy2fme,129.42%,44.11,/,125.5GiB,35.16%,497GB,/,477GB,14.3GB,/,905MB,677
2022-9-27 19:56:14,a30f014f232c,hadoop-slave13.1.8vutq2fsdbahvuetvlezy2fme,129.99%,44.13,/,125.5GiB,35.17%,497GB,/,478GB,14.3GB,/,905MB,677
2022-09-27 19:56:15,a30f014f232c,hadoop-slave13.1.8vutq2fsdbahvuetvlezy2fme,165.56%,44.13,/,125.5GiB,35.17%,497GB,/,478GB,14.3GB,/,905MB,677
2022-9-27 19:56:16,a30f014f232c,hadoop-slave13.1.8vutq2fsdbahvuetvlezy2fme,201.14%,44.15,/,125.5GiB,35.18%,497GB,/,478GB,14.3GB,/,905MB,677
2022-09-27 19:56:17,a30f014f232c,hadoop-slave13.1.8vutq2fsdbahvuetvlezy2fme,297.85%,44.15,/,125.5GiB,35.17%,497GB,/,478GB,14.3GB,/,905MB,677
2022-9-27 19:56:18,a30f014f232c,hadoop-slave13.1.8vutq2fsdbahvuetvlezy2fme,394.56%,44.13,/,125.5GiB,35.17%,497GB,/,478GB,14.3GB,/,905MB,681
2022-09-27 19:56:19,a30f014f232c,hadoop-slave13.1.8vutq2fsdbahvuetvlezy2fme,378.56%,44.13,/,125.5GiB,35.16%,497GB,/,478GB,14.3GB,/,905MB,681
2022-9-27 19:56:20,a30f014f232c,hadoop-slave13.1.8vutq2fsdbahvuetvlezy2fme,362.55%,44.1,/,125.5GiB,35.15%,497GB,/,478GB,14.3GB,/,905MB,682
2022-09-27 19:56:21,a30f014f232c,hadoop-slave13.1.8vutq2fsdbahvuetvlezy2fme,450.39%,44.1,/,125.5GiB,35.14%,497GB,/,478GB,14.3GB,/,905MB,682
2022-9-27 19:56:22,a30f014f232c,hadoop-slave13.1.8vutq2fsdbahvuetvlezy2fme,538.23%,44.09,/,125.5GiB,35.14%,497GB,/,478GB,14.3GB,/,905MB,682
2022-09-27 19:56:23,a30f014f232c,hadoop-slave13.1.8vutq2fsdbahvuetvlezy2fme,605.08%,44.09,/,125.5GiB,35.14%,497GB,/,478GB,14.3GB,/,905MB,682
2022-9-27 19:56:24,a30f014f232c,hadoop-slave13.1.8vutq2fsdbahvuetvlezy2fme,671.92%,44.11,/,125.5GiB,35.15%,497GB,/,478GB,14.3GB,/,905MB,688
2022-09-27 19:56:25,a30f014f232c,hadoop-slave13.1.8vutq2fsdbahvuetvlezy2fme,815.52%,44.11,/,125.5GiB,35.17%,497GB,/,478GB,14.3GB,/,905MB,688
2022-9-27 19:56:26,a30f014f232c,hadoop-slave13.1.8vutq2fsdbahvuetvlezy2fme,959.13%,44.16,/,125.5GiB,35.19%,497GB,/,478GB,14.3GB,/,905MB,687
2022-09-27 19:56:27,a30f014f232c,hadoop-slave13.1.8vutq2fsdbahvuetvlezy2fme,519.29%,44.16,/,125.5GiB,35.19%,497GB,/,478GB,14.3GB,/,905MB,687
2022-9-27 19:56:28,a30f014f232c,hadoop-slave13.1.8vutq2fsdbahvuetvlezy2fme,79.45%,44.16,/,125.5GiB,35.19%,497GB,/,478GB,14.3GB,/,905MB,683
2022-09-27 19:56:29,a30f014f232c,hadoop-slave13.1.8vutq2fsdbahvuetvlezy2fme,198.07%,44.16,/,125.5GiB,35.2%,497GB,/,478GB,14.3GB,/,905MB,683
2022-9-27 19:56:30,a30f014f232c,hadoop-slave13.1.8vutq2fsdbahvuetvlezy2fme,316.69%,44.18,/,125.5GiB,35.21%,497GB,/,478GB,14.3GB,/,905MB,683
2022-09-27 19:56:31,a30f014f232c,hadoop-slave13.1.8vutq2fsdbahvuetvlezy2fme,258.78%,44.18,/,125.5GiB,35.3%,497GB,/,478GB,14.3GB,/,905MB,683
2022-9-27 19:56:32,a30f014f232c,hadoop-slave13.1.8vutq2fsdbahvuetvlezy2fme,200.87%,44.4,/,125.5GiB,35.38%,498GB,/,478GB,14.3GB,/,905MB,683
2022-09-27 19:56:33,a30f014f232c,hadoop-slave13.1.8vutq2fsdbahvuetvlezy2fme,181.84%,44.4,/,125.5GiB,35.48%,498GB,/,478GB,14.3GB,/,905MB,683
2022-9-27 19:56:34,a30f014f232c,hadoop-slave13.1.8vutq2fsdbahvuetvlezy2fme,162.81%,44.65,/,125.5GiB,35.58%,498GB,/,478GB,14.3GB,/,905MB,683
2022-09-27 19:56:35,a30f014f232c,hadoop-slave13.1.8vutq2fsdbahvuetvlezy2fme,160.83%,44.65,/,125.5GiB,35.7%,498GB,/,478GB,14.3GB,/,905MB,683
2022-09-27 19:56:36,a30f014f232c,hadoop-slave13.1.8vutq2fsdbahvuetvlezy2fme,160.83%,44.65,/,125.5GiB,35.7%,498GB,/,478GB,14.3GB,/,905MB,683
2022-9-27 19:56:37,a30f014f232c,hadoop-slave13.1.8vutq2fsdbahvuetvlezy2fme,158.85%,44.94,/,125.5GiB,35.81%,498GB,/,479GB,14.3GB,/,905MB,680
2022-09-27 19:56:38,a30f014f232c,hadoop-slave13.1.8vutq2fsdbahvuetvlezy2fme,181.43%,44.94,/,125.5GiB,35.88%,498GB,/,479GB,14.3GB,/,905MB,680
2022-9-27 19:56:39,a30f014f232c,hadoop-slave13.1.8vutq2fsdbahvuetvlezy2fme,204.00%,45.11,/,125.5GiB,35.95%,498GB,/,479GB,14.3GB,/,905MB,680
2022-09-27 19:56:40,a30f014f232c,hadoop-slave13.1.8vutq2fsdbahvuetvlezy2fme,305.37%,45.11,/,125.5GiB,36.0%,498GB,/,479GB,14.3GB,/,905MB,680
2022-9-27 19:56:41,a30f014f232c,hadoop-slave13.1.8vutq2fsdbahvuetvlezy2fme,406.74%,45.23,/,125.5GiB,36.04%,498GB,/,479GB,14.3GB,/,905MB,680
2022-09-27 19:56:42,a30f014f232c,hadoop-slave13.1.8vutq2fsdbahvuetvlezy2fme,356.32%,45.23,/,125.5GiB,36.05%,498GB,/,479GB,14.3GB,/,905MB,680
2022-9-27 19:56:43,a30f014f232c,hadoop-slave13.1.8vutq2fsdbahvuetvlezy2fme,305.90%,45.25,/,125.5GiB,36.06%,499GB,/,479GB,14.3GB,/,905MB,680
2022-09-27 19:56:44,a30f014f232c,hadoop-slave13.1.8vutq2fsdbahvuetvlezy2fme,534.1%,45.25,/,125.5GiB,36.1%,499GB,/,479GB,14.3GB,/,905MB,680
2022-9-27 19:56:45,a30f014f232c,hadoop-slave13.1.8vutq2fsdbahvuetvlezy2fme,762.29%,45.35,/,125.5GiB,36.14%,499GB,/,480GB,14.3GB,/,905MB,680
2022-09-27 19:56:46,a30f014f232c,hadoop-slave13.1.8vutq2fsdbahvuetvlezy2fme,541.84%,45.35,/,125.5GiB,36.16%,499GB,/,480GB,14.3GB,/,905MB,680
2022-9-27 19:56:47,a30f014f232c,hadoop-slave13.1.8vutq2fsdbahvuetvlezy2fme,321.38%,45.41,/,125.5GiB,36.18%,499GB,/,480GB,14.3GB,/,905MB,680
2022-09-27 19:56:48,a30f014f232c,hadoop-slave13.1.8vutq2fsdbahvuetvlezy2fme,387.86%,45.41,/,125.5GiB,36.19%,499GB,/,480GB,14.3GB,/,905MB,680
2022-9-27 19:56:49,a30f014f232c,hadoop-slave13.1.8vutq2fsdbahvuetvlezy2fme,454.33%,45.42,/,125.5GiB,36.19%,499GB,/,480GB,14.3GB,/,905MB,680
2022-09-27 19:56:50,a30f014f232c,hadoop-slave13.1.8vutq2fsdbahvuetvlezy2fme,466.0%,45.42,/,125.5GiB,36.22%,499GB,/,480GB,14.3GB,/,905MB,680
2022-9-27 19:56:51,a30f014f232c,hadoop-slave13.1.8vutq2fsdbahvuetvlezy2fme,477.66%,45.48,/,125.5GiB,36.24%,500GB,/,480GB,14.3GB,/,905MB,680
2022-09-27 19:56:52,a30f014f232c,hadoop-slave13.1.8vutq2fsdbahvuetvlezy2fme,416.44%,45.48,/,125.5GiB,36.27%,500GB,/,480GB,14.3GB,/,905MB,680
2022-9-27 19:56:53,a30f014f232c,hadoop-slave13.1.8vutq2fsdbahvuetvlezy2fme,355.22%,45.54,/,125.5GiB,36.29%,500GB,/,480GB,14.3GB,/,905MB,680
2022-09-27 19:56:54,a30f014f232c,hadoop-slave13.1.8vutq2fsdbahvuetvlezy2fme,369.36%,45.54,/,125.5GiB,36.29%,500GB,/,480GB,14.3GB,/,905MB,680
2022-9-27 19:56:55,a30f014f232c,hadoop-slave13.1.8vutq2fsdbahvuetvlezy2fme,383.49%,45.54,/,125.5GiB,36.29%,500GB,/,481GB,14.3GB,/,905MB,671
2022-09-27 19:56:56,a30f014f232c,hadoop-slave13.1.8vutq2fsdbahvuetvlezy2fme,358.02%,45.54,/,125.5GiB,36.3%,500GB,/,481GB,14.3GB,/,905MB,671
2022-9-27 19:56:57,a30f014f232c,hadoop-slave13.1.8vutq2fsdbahvuetvlezy2fme,332.56%,45.58,/,125.5GiB,36.32%,500GB,/,481GB,14.3GB,/,905MB,671
2022-09-27 19:56:58,a30f014f232c,hadoop-slave13.1.8vutq2fsdbahvuetvlezy2fme,308.94%,45.58,/,125.5GiB,36.34%,500GB,/,481GB,14.3GB,/,905MB,671
2022-9-27 19:56:59,a30f014f232c,hadoop-slave13.1.8vutq2fsdbahvuetvlezy2fme,285.33%,45.65,/,125.5GiB,36.37%,500GB,/,481GB,14.3GB,/,905MB,671
2022-09-27 19:57:00,a30f014f232c,hadoop-slave13.1.8vutq2fsdbahvuetvlezy2fme,258.28%,45.65,/,125.5GiB,36.38%,500GB,/,481GB,14.3GB,/,905MB,671
2022-9-27 19:57:01,a30f014f232c,hadoop-slave13.1.8vutq2fsdbahvuetvlezy2fme,231.24%,45.66,/,125.5GiB,36.38%,501GB,/,481GB,14.3GB,/,905MB,671
2022-09-27 19:57:02,a30f014f232c,hadoop-slave13.1.8vutq2fsdbahvuetvlezy2fme,285.52%,45.66,/,125.5GiB,36.38%,501GB,/,481GB,14.3GB,/,905MB,671
2022-9-27 19:57:03,a30f014f232c,hadoop-slave13.1.8vutq2fsdbahvuetvlezy2fme,339.80%,45.65,/,125.5GiB,36.38%,501GB,/,482GB,14.3GB,/,905MB,671
2022-09-27 19:57:04,a30f014f232c,hadoop-slave13.1.8vutq2fsdbahvuetvlezy2fme,384.79%,45.65,/,125.5GiB,36.38%,501GB,/,482GB,14.3GB,/,905MB,671
2022-9-27 19:57:05,a30f014f232c,hadoop-slave13.1.8vutq2fsdbahvuetvlezy2fme,429.78%,45.65,/,125.5GiB,36.38%,501GB,/,482GB,14.3GB,/,905MB,671
2022-09-27 19:57:06,a30f014f232c,hadoop-slave13.1.8vutq2fsdbahvuetvlezy2fme,377.18%,45.65,/,125.5GiB,36.37%,501GB,/,482GB,14.3GB,/,905MB,671
2022-9-27 19:57:07,a30f014f232c,hadoop-slave13.1.8vutq2fsdbahvuetvlezy2fme,324.58%,45.62,/,125.5GiB,36.35%,501GB,/,482GB,14.3GB,/,905MB,671
2022-09-27 19:57:08,a30f014f232c,hadoop-slave13.1.8vutq2fsdbahvuetvlezy2fme,311.33%,45.62,/,125.5GiB,36.37%,501GB,/,482GB,14.3GB,/,905MB,671
2022-9-27 19:57:09,a30f014f232c,hadoop-slave13.1.8vutq2fsdbahvuetvlezy2fme,298.09%,45.65,/,125.5GiB,36.38%,501GB,/,482GB,14.3GB,/,905MB,671
2022-09-27 19:57:10,a30f014f232c,hadoop-slave13.1.8vutq2fsdbahvuetvlezy2fme,478.79%,45.65,/,125.5GiB,36.35%,501GB,/,482GB,14.3GB,/,905MB,671
2022-09-27 19:57:11,a30f014f232c,hadoop-slave13.1.8vutq2fsdbahvuetvlezy2fme,478.79%,45.65,/,125.5GiB,36.35%,501GB,/,482GB,14.3GB,/,905MB,671
2022-9-27 19:57:12,a30f014f232c,hadoop-slave13.1.8vutq2fsdbahvuetvlezy2fme,659.49%,45.58,/,125.5GiB,36.32%,502GB,/,482GB,14.3GB,/,905MB,671
2022-09-27 19:57:13,a30f014f232c,hadoop-slave13.1.8vutq2fsdbahvuetvlezy2fme,493.58%,45.58,/,125.5GiB,36.3%,502GB,/,482GB,14.3GB,/,905MB,671
2022-9-27 19:57:14,a30f014f232c,hadoop-slave13.1.8vutq2fsdbahvuetvlezy2fme,327.67%,45.53,/,125.5GiB,36.28%,502GB,/,482GB,14.3GB,/,905MB,671
2022-09-27 19:57:15,a30f014f232c,hadoop-slave13.1.8vutq2fsdbahvuetvlezy2fme,368.95%,45.53,/,125.5GiB,36.3%,502GB,/,482GB,14.3GB,/,905MB,671
2022-9-27 19:57:16,a30f014f232c,hadoop-slave13.1.8vutq2fsdbahvuetvlezy2fme,410.22%,45.59,/,125.5GiB,36.33%,502GB,/,483GB,14.3GB,/,905MB,671
2022-09-27 19:57:17,a30f014f232c,hadoop-slave13.1.8vutq2fsdbahvuetvlezy2fme,365.74%,45.59,/,125.5GiB,36.34%,502GB,/,483GB,14.3GB,/,905MB,671
2022-9-27 19:57:18,a30f014f232c,hadoop-slave13.1.8vutq2fsdbahvuetvlezy2fme,321.26%,45.63,/,125.5GiB,36.36%,502GB,/,483GB,14.3GB,/,905MB,671
2022-09-27 19:57:19,a30f014f232c,hadoop-slave13.1.8vutq2fsdbahvuetvlezy2fme,324.91%,45.63,/,125.5GiB,36.36%,502GB,/,483GB,14.3GB,/,905MB,671
2022-9-27 19:57:20,a30f014f232c,hadoop-slave13.1.8vutq2fsdbahvuetvlezy2fme,328.57%,45.64,/,125.5GiB,36.37%,503GB,/,483GB,14.3GB,/,905MB,671
2022-09-27 19:57:21,a30f014f232c,hadoop-slave13.1.8vutq2fsdbahvuetvlezy2fme,297.85%,45.64,/,125.5GiB,36.36%,503GB,/,483GB,14.3GB,/,905MB,671
2022-9-27 19:57:22,a30f014f232c,hadoop-slave13.1.8vutq2fsdbahvuetvlezy2fme,267.13%,45.6,/,125.5GiB,36.34%,503GB,/,483GB,14.3GB,/,905MB,671
2022-09-27 19:57:23,a30f014f232c,hadoop-slave13.1.8vutq2fsdbahvuetvlezy2fme,270.7%,45.6,/,125.5GiB,36.36%,503GB,/,483GB,14.3GB,/,905MB,671
2022-9-27 19:57:24,a30f014f232c,hadoop-slave13.1.8vutq2fsdbahvuetvlezy2fme,274.27%,45.66,/,125.5GiB,36.38%,503GB,/,483GB,14.3GB,/,905MB,671
2022-09-27 19:57:25,a30f014f232c,hadoop-slave13.1.8vutq2fsdbahvuetvlezy2fme,261.03%,45.66,/,125.5GiB,36.4%,503GB,/,483GB,14.3GB,/,905MB,671
2022-9-27 19:57:26,a30f014f232c,hadoop-slave13.1.8vutq2fsdbahvuetvlezy2fme,247.80%,45.71,/,125.5GiB,36.42%,503GB,/,483GB,14.3GB,/,905MB,671
2022-09-27 19:57:27,a30f014f232c,hadoop-slave13.1.8vutq2fsdbahvuetvlezy2fme,212.63%,45.71,/,125.5GiB,36.45%,503GB,/,483GB,14.3GB,/,905MB,671
2022-9-27 19:57:28,a30f014f232c,hadoop-slave13.1.8vutq2fsdbahvuetvlezy2fme,177.46%,45.79,/,125.5GiB,36.49%,503GB,/,484GB,14.3GB,/,905MB,668
2022-09-27 19:57:29,a30f014f232c,hadoop-slave13.1.8vutq2fsdbahvuetvlezy2fme,186.83%,45.79,/,125.5GiB,36.53%,503GB,/,484GB,14.3GB,/,905MB,668
2022-9-27 19:57:30,a30f014f232c,hadoop-slave13.1.8vutq2fsdbahvuetvlezy2fme,196.20%,45.89,/,125.5GiB,36.57%,503GB,/,484GB,14.3GB,/,905MB,668
2022-09-27 19:57:31,a30f014f232c,hadoop-slave13.1.8vutq2fsdbahvuetvlezy2fme,157.38%,45.89,/,125.5GiB,36.59%,503GB,/,484GB,14.3GB,/,905MB,668
2022-9-27 19:57:32,a30f014f232c,hadoop-slave13.1.8vutq2fsdbahvuetvlezy2fme,118.57%,45.94,/,125.5GiB,36.61%,504GB,/,484GB,14.3GB,/,905MB,668
2022-09-27 19:57:33,a30f014f232c,hadoop-slave13.1.8vutq2fsdbahvuetvlezy2fme,145.91%,45.94,/,125.5GiB,36.62%,504GB,/,484GB,14.3GB,/,905MB,668
2022-9-27 19:57:34,a30f014f232c,hadoop-slave13.1.8vutq2fsdbahvuetvlezy2fme,173.24%,45.97,/,125.5GiB,36.63%,504GB,/,484GB,14.3GB,/,905MB,668
2022-09-27 19:57:35,a30f014f232c,hadoop-slave13.1.8vutq2fsdbahvuetvlezy2fme,225.4%,45.97,/,125.5GiB,36.66%,504GB,/,484GB,14.3GB,/,905MB,668
2022-9-27 19:57:36,a30f014f232c,hadoop-slave13.1.8vutq2fsdbahvuetvlezy2fme,277.56%,46.04,/,125.5GiB,36.69%,504GB,/,484GB,14.3GB,/,905MB,668
2022-09-27 19:57:37,a30f014f232c,hadoop-slave13.1.8vutq2fsdbahvuetvlezy2fme,200.34%,46.04,/,125.5GiB,36.7%,504GB,/,484GB,14.3GB,/,905MB,668
2022-9-27 19:57:38,a30f014f232c,hadoop-slave13.1.8vutq2fsdbahvuetvlezy2fme,123.13%,46.08,/,125.5GiB,36.72%,504GB,/,484GB,14.3GB,/,905MB,668
2022-09-27 19:57:39,a30f014f232c,hadoop-slave13.1.8vutq2fsdbahvuetvlezy2fme,343.14%,46.08,/,125.5GiB,36.74%,504GB,/,484GB,14.3GB,/,905MB,668
2022-9-27 19:57:40,a30f014f232c,hadoop-slave13.1.8vutq2fsdbahvuetvlezy2fme,563.16%,46.13,/,125.5GiB,36.76%,504GB,/,484GB,14.3GB,/,905MB,668
2022-09-27 19:57:41,a30f014f232c,hadoop-slave13.1.8vutq2fsdbahvuetvlezy2fme,455.8%,46.13,/,125.5GiB,36.78%,504GB,/,484GB,14.3GB,/,905MB,668
2022-9-27 19:57:42,a30f014f232c,hadoop-slave13.1.8vutq2fsdbahvuetvlezy2fme,348.45%,46.18,/,125.5GiB,36.80%,504GB,/,485GB,14.3GB,/,905MB,668
2022-09-27 19:57:43,a30f014f232c,hadoop-slave13.1.8vutq2fsdbahvuetvlezy2fme,395.26%,46.18,/,125.5GiB,36.82%,504GB,/,485GB,14.3GB,/,905MB,668
2022-9-27 19:57:44,a30f014f232c,hadoop-slave13.1.8vutq2fsdbahvuetvlezy2fme,442.07%,46.23,/,125.5GiB,36.84%,505GB,/,485GB,14.3GB,/,905MB,668
2022-09-27 19:57:45,a30f014f232c,hadoop-slave13.1.8vutq2fsdbahvuetvlezy2fme,291.36%,46.23,/,125.5GiB,36.86%,505GB,/,485GB,14.3GB,/,905MB,668
2022-09-27 19:57:46,a30f014f232c,hadoop-slave13.1.8vutq2fsdbahvuetvlezy2fme,291.36%,46.23,/,125.5GiB,36.86%,505GB,/,485GB,14.3GB,/,905MB,668
2022-9-27 19:57:47,a30f014f232c,hadoop-slave13.1.8vutq2fsdbahvuetvlezy2fme,140.65%,46.28,/,125.5GiB,36.88%,505GB,/,485GB,14.3GB,/,905MB,668
2022-09-27 19:57:48,a30f014f232c,hadoop-slave13.1.8vutq2fsdbahvuetvlezy2fme,229.29%,46.28,/,125.5GiB,36.88%,505GB,/,485GB,14.3GB,/,905MB,668
2022-9-27 19:57:49,a30f014f232c,hadoop-slave13.1.8vutq2fsdbahvuetvlezy2fme,317.93%,46.27,/,125.5GiB,36.87%,505GB,/,485GB,14.3GB,/,905MB,668
2022-09-27 19:57:50,a30f014f232c,hadoop-slave13.1.8vutq2fsdbahvuetvlezy2fme,412.23%,46.27,/,125.5GiB,36.87%,505GB,/,485GB,14.3GB,/,905MB,668
2022-9-27 19:57:51,a30f014f232c,hadoop-slave13.1.8vutq2fsdbahvuetvlezy2fme,506.52%,46.27,/,125.5GiB,36.87%,505GB,/,485GB,14.3GB,/,905MB,668
2022-09-27 19:57:52,a30f014f232c,hadoop-slave13.1.8vutq2fsdbahvuetvlezy2fme,413.13%,46.27,/,125.5GiB,36.92%,505GB,/,485GB,14.3GB,/,905MB,668
2022-9-27 19:57:53,a30f014f232c,hadoop-slave13.1.8vutq2fsdbahvuetvlezy2fme,319.75%,46.4,/,125.5GiB,36.97%,505GB,/,485GB,14.3GB,/,905MB,668
2022-09-27 19:57:54,a30f014f232c,hadoop-slave13.1.8vutq2fsdbahvuetvlezy2fme,348.82%,46.4,/,125.5GiB,37.0%,505GB,/,485GB,14.3GB,/,905MB,668
2022-9-27 19:57:55,a30f014f232c,hadoop-slave13.1.8vutq2fsdbahvuetvlezy2fme,377.89%,46.46,/,125.5GiB,37.02%,506GB,/,486GB,14.3GB,/,905MB,668
2022-09-27 19:57:56,a30f014f232c,hadoop-slave13.1.8vutq2fsdbahvuetvlezy2fme,299.4%,46.46,/,125.5GiB,37.05%,506GB,/,486GB,14.3GB,/,905MB,668
2022-9-27 19:57:57,a30f014f232c,hadoop-slave13.1.8vutq2fsdbahvuetvlezy2fme,220.92%,46.52,/,125.5GiB,37.07%,506GB,/,486GB,14.3GB,/,905MB,668
2022-09-27 19:57:58,a30f014f232c,hadoop-slave13.1.8vutq2fsdbahvuetvlezy2fme,229.11%,46.52,/,125.5GiB,37.09%,506GB,/,486GB,14.3GB,/,905MB,668
2022-9-27 19:57:59,a30f014f232c,hadoop-slave13.1.8vutq2fsdbahvuetvlezy2fme,237.30%,46.56,/,125.5GiB,37.10%,506GB,/,486GB,14.3GB,/,905MB,668
2022-09-27 19:58:00,a30f014f232c,hadoop-slave13.1.8vutq2fsdbahvuetvlezy2fme,253.16%,46.56,/,125.5GiB,37.12%,506GB,/,486GB,14.3GB,/,905MB,668
2022-9-27 19:58:01,a30f014f232c,hadoop-slave13.1.8vutq2fsdbahvuetvlezy2fme,269.03%,46.63,/,125.5GiB,37.15%,506GB,/,486GB,14.3GB,/,905MB,668
2022-09-27 19:58:02,a30f014f232c,hadoop-slave13.1.8vutq2fsdbahvuetvlezy2fme,235.36%,46.63,/,125.5GiB,37.18%,506GB,/,486GB,14.3GB,/,905MB,668
2022-9-27 19:58:03,a30f014f232c,hadoop-slave13.1.8vutq2fsdbahvuetvlezy2fme,201.70%,46.7,/,125.5GiB,37.21%,506GB,/,487GB,14.3GB,/,905MB,668
2022-09-27 19:58:04,a30f014f232c,hadoop-slave13.1.8vutq2fsdbahvuetvlezy2fme,124.73%,46.7,/,125.5GiB,37.22%,506GB,/,487GB,14.3GB,/,905MB,668
2022-9-27 19:58:05,a30f014f232c,hadoop-slave13.1.8vutq2fsdbahvuetvlezy2fme,47.77%,46.72,/,125.5GiB,37.23%,506GB,/,487GB,14.3GB,/,905MB,668
2022-09-27 19:58:06,a30f014f232c,hadoop-slave13.1.8vutq2fsdbahvuetvlezy2fme,50.47%,46.72,/,125.5GiB,37.24%,506GB,/,487GB,14.3GB,/,905MB,668
2022-9-27 19:58:07,a30f014f232c,hadoop-slave13.1.8vutq2fsdbahvuetvlezy2fme,53.16%,46.75,/,125.5GiB,37.25%,506GB,/,487GB,14.3GB,/,905MB,668
2022-09-27 19:58:08,a30f014f232c,hadoop-slave13.1.8vutq2fsdbahvuetvlezy2fme,114.17%,46.75,/,125.5GiB,37.27%,506GB,/,487GB,14.3GB,/,905MB,668
2022-9-27 19:58:09,a30f014f232c,hadoop-slave13.1.8vutq2fsdbahvuetvlezy2fme,175.19%,46.78,/,125.5GiB,37.28%,506GB,/,487GB,14.3GB,/,905MB,668
2022-09-27 19:58:10,a30f014f232c,hadoop-slave13.1.8vutq2fsdbahvuetvlezy2fme,151.62%,46.78,/,125.5GiB,37.28%,506GB,/,487GB,14.3GB,/,905MB,668
2022-9-27 19:58:11,a30f014f232c,hadoop-slave13.1.8vutq2fsdbahvuetvlezy2fme,128.05%,46.8,/,125.5GiB,37.29%,506GB,/,487GB,14.3GB,/,905MB,668
2022-09-27 19:58:12,a30f014f232c,hadoop-slave13.1.8vutq2fsdbahvuetvlezy2fme,148.42%,46.8,/,125.5GiB,37.31%,506GB,/,487GB,14.3GB,/,905MB,668
2022-9-27 19:58:13,a30f014f232c,hadoop-slave13.1.8vutq2fsdbahvuetvlezy2fme,168.78%,46.85,/,125.5GiB,37.34%,507GB,/,487GB,14.3GB,/,905MB,668
2022-09-27 19:58:14,a30f014f232c,hadoop-slave13.1.8vutq2fsdbahvuetvlezy2fme,227.35%,46.85,/,125.5GiB,37.36%,507GB,/,487GB,14.3GB,/,905MB,668
2022-9-27 19:58:15,a30f014f232c,hadoop-slave13.1.8vutq2fsdbahvuetvlezy2fme,285.92%,46.89,/,125.5GiB,37.37%,507GB,/,488GB,14.3GB,/,905MB,668
2022-09-27 19:58:16,a30f014f232c,hadoop-slave13.1.8vutq2fsdbahvuetvlezy2fme,253.99%,46.89,/,125.5GiB,37.38%,507GB,/,488GB,14.3GB,/,905MB,668
2022-9-27 19:58:17,a30f014f232c,hadoop-slave13.1.8vutq2fsdbahvuetvlezy2fme,222.05%,46.93,/,125.5GiB,37.40%,507GB,/,488GB,14.3GB,/,905MB,668
2022-09-27 19:58:18,a30f014f232c,hadoop-slave13.1.8vutq2fsdbahvuetvlezy2fme,282.86%,46.93,/,125.5GiB,37.41%,507GB,/,488GB,14.3GB,/,905MB,668
2022-9-27 19:58:19,a30f014f232c,hadoop-slave13.1.8vutq2fsdbahvuetvlezy2fme,343.66%,46.97,/,125.5GiB,37.43%,507GB,/,488GB,14.3GB,/,1.07GB,668
2022-09-27 19:58:20,a30f014f232c,hadoop-slave13.1.8vutq2fsdbahvuetvlezy2fme,325.97%,46.97,/,125.5GiB,37.45%,507GB,/,488GB,14.3GB,/,1.07GB,668
2022-9-27 19:58:21,a30f014f232c,hadoop-slave13.1.8vutq2fsdbahvuetvlezy2fme,308.28%,47.04,/,125.5GiB,37.48%,507GB,/,488GB,14.3GB,/,1.07GB,668
2022-09-27 19:58:22,a30f014f232c,hadoop-slave13.1.8vutq2fsdbahvuetvlezy2fme,260.39%,47.04,/,125.5GiB,37.49%,507GB,/,488GB,14.3GB,/,1.07GB,668
2022-09-27 19:58:23,a30f014f232c,hadoop-slave13.1.8vutq2fsdbahvuetvlezy2fme,260.39%,47.04,/,125.5GiB,37.49%,507GB,/,488GB,14.3GB,/,1.07GB,668
2022-9-27 19:58:24,a30f014f232c,hadoop-slave13.1.8vutq2fsdbahvuetvlezy2fme,212.51%,47.06,/,125.5GiB,37.50%,507GB,/,488GB,14.3GB,/,1.07GB,668
2022-09-27 19:58:25,a30f014f232c,hadoop-slave13.1.8vutq2fsdbahvuetvlezy2fme,186.34%,47.06,/,125.5GiB,37.52%,507GB,/,488GB,14.3GB,/,1.07GB,668
2022-9-27 19:58:26,a30f014f232c,hadoop-slave13.1.8vutq2fsdbahvuetvlezy2fme,160.17%,47.11,/,125.5GiB,37.54%,508GB,/,488GB,14.3GB,/,1.07GB,668
2022-09-27 19:58:27,a30f014f232c,hadoop-slave13.1.8vutq2fsdbahvuetvlezy2fme,98.73%,47.11,/,125.5GiB,37.55%,508GB,/,488GB,14.3GB,/,1.07GB,668
2022-9-27 19:58:28,a30f014f232c,hadoop-slave13.1.8vutq2fsdbahvuetvlezy2fme,37.29%,47.14,/,125.5GiB,37.56%,508GB,/,489GB,14.3GB,/,1.07GB,668
2022-09-27 19:58:29,a30f014f232c,hadoop-slave13.1.8vutq2fsdbahvuetvlezy2fme,93.98%,47.14,/,125.5GiB,37.58%,508GB,/,489GB,14.3GB,/,1.07GB,668
2022-9-27 19:58:30,a30f014f232c,hadoop-slave13.1.8vutq2fsdbahvuetvlezy2fme,150.68%,47.18,/,125.5GiB,37.60%,508GB,/,489GB,14.3GB,/,1.07GB,668
2022-09-27 19:58:31,a30f014f232c,hadoop-slave13.1.8vutq2fsdbahvuetvlezy2fme,348.66%,47.18,/,125.5GiB,37.59%,508GB,/,489GB,14.3GB,/,1.07GB,668
2022-9-27 19:58:32,a30f014f232c,hadoop-slave13.1.8vutq2fsdbahvuetvlezy2fme,546.64%,47.16,/,125.5GiB,37.58%,508GB,/,489GB,14.3GB,/,1.07GB,668
2022-09-27 19:58:33,a30f014f232c,hadoop-slave13.1.8vutq2fsdbahvuetvlezy2fme,531.7%,47.16,/,125.5GiB,37.59%,508GB,/,489GB,14.3GB,/,1.07GB,668
2022-9-27 19:58:34,a30f014f232c,hadoop-slave13.1.8vutq2fsdbahvuetvlezy2fme,516.77%,47.17,/,125.5GiB,37.59%,508GB,/,489GB,14.3GB,/,1.07GB,668
2022-09-27 19:58:35,a30f014f232c,hadoop-slave13.1.8vutq2fsdbahvuetvlezy2fme,759.12%,47.17,/,125.5GiB,37.61%,508GB,/,489GB,14.3GB,/,1.07GB,668
2022-9-27 19:58:36,a30f014f232c,hadoop-slave13.1.8vutq2fsdbahvuetvlezy2fme,1001.46%,47.21,/,125.5GiB,37.62%,508GB,/,490GB,14.3GB,/,1.07GB,668
2022-09-27 19:58:37,a30f014f232c,hadoop-slave13.1.8vutq2fsdbahvuetvlezy2fme,673.73%,47.21,/,125.5GiB,37.66%,508GB,/,490GB,14.3GB,/,1.07GB,668
2022-9-27 19:58:38,a30f014f232c,hadoop-slave13.1.8vutq2fsdbahvuetvlezy2fme,345.99%,47.29,/,125.5GiB,37.69%,508GB,/,490GB,14.3GB,/,1.07GB,668
2022-09-27 19:58:39,a30f014f232c,hadoop-slave13.1.8vutq2fsdbahvuetvlezy2fme,360.28%,47.29,/,125.5GiB,37.72%,508GB,/,490GB,14.3GB,/,1.07GB,668
2022-9-27 19:58:40,a30f014f232c,hadoop-slave13.1.8vutq2fsdbahvuetvlezy2fme,374.57%,47.37,/,125.5GiB,37.75%,509GB,/,490GB,14.3GB,/,1.07GB,668
2022-09-27 19:58:41,a30f014f232c,hadoop-slave13.1.8vutq2fsdbahvuetvlezy2fme,391.87%,47.37,/,125.5GiB,37.78%,509GB,/,490GB,14.3GB,/,1.07GB,668
2022-9-27 19:58:42,a30f014f232c,hadoop-slave13.1.8vutq2fsdbahvuetvlezy2fme,409.17%,47.46,/,125.5GiB,37.82%,509GB,/,490GB,14.3GB,/,1.07GB,668
2022-09-27 19:58:43,a30f014f232c,hadoop-slave13.1.8vutq2fsdbahvuetvlezy2fme,403.53%,47.46,/,125.5GiB,37.84%,509GB,/,490GB,14.3GB,/,1.07GB,668
2022-9-27 19:58:44,a30f014f232c,hadoop-slave13.1.8vutq2fsdbahvuetvlezy2fme,397.90%,47.5,/,125.5GiB,37.85%,509GB,/,490GB,14.3GB,/,1.07GB,668
2022-09-27 19:58:45,a30f014f232c,hadoop-slave13.1.8vutq2fsdbahvuetvlezy2fme,540.11%,47.5,/,125.5GiB,37.92%,509GB,/,490GB,14.3GB,/,1.07GB,668
2022-9-27 19:58:46,a30f014f232c,hadoop-slave13.1.8vutq2fsdbahvuetvlezy2fme,682.31%,47.69,/,125.5GiB,38.00%,509GB,/,491GB,14.3GB,/,1.07GB,668
2022-09-27 19:58:47,a30f014f232c,hadoop-slave13.1.8vutq2fsdbahvuetvlezy2fme,765.09%,47.69,/,125.5GiB,38.03%,509GB,/,491GB,14.3GB,/,1.07GB,668
2022-9-27 19:58:48,a30f014f232c,hadoop-slave13.1.8vutq2fsdbahvuetvlezy2fme,847.87%,47.76,/,125.5GiB,38.06%,510GB,/,491GB,14.3GB,/,1.07GB,668
2022-09-27 19:58:49,a30f014f232c,hadoop-slave13.1.8vutq2fsdbahvuetvlezy2fme,724.82%,47.76,/,125.5GiB,38.06%,510GB,/,491GB,14.3GB,/,1.07GB,668
2022-9-27 19:58:50,a30f014f232c,hadoop-slave13.1.8vutq2fsdbahvuetvlezy2fme,601.76%,47.77,/,125.5GiB,38.07%,510GB,/,491GB,14.3GB,/,1.07GB,668
2022-09-27 19:58:51,a30f014f232c,hadoop-slave13.1.8vutq2fsdbahvuetvlezy2fme,867.74%,47.77,/,125.5GiB,38.16%,510GB,/,491GB,14.3GB,/,1.07GB,668
2022-9-27 19:58:52,a30f014f232c,hadoop-slave13.1.8vutq2fsdbahvuetvlezy2fme,1133.72%,48,/,125.5GiB,38.25%,510GB,/,491GB,14.3GB,/,1.07GB,668
2022-09-27 19:58:53,a30f014f232c,hadoop-slave13.1.8vutq2fsdbahvuetvlezy2fme,792.5%,48,/,125.5GiB,38.28%,510GB,/,491GB,14.3GB,/,1.07GB,668
2022-9-27 19:58:54,a30f014f232c,hadoop-slave13.1.8vutq2fsdbahvuetvlezy2fme,451.28%,48.08,/,125.5GiB,38.31%,510GB,/,492GB,14.3GB,/,1.07GB,668
2022-09-27 19:58:55,a30f014f232c,hadoop-slave13.1.8vutq2fsdbahvuetvlezy2fme,363.99%,48.08,/,125.5GiB,38.34%,510GB,/,492GB,14.3GB,/,1.07GB,668
2022-9-27 19:58:56,a30f014f232c,hadoop-slave13.1.8vutq2fsdbahvuetvlezy2fme,276.69%,48.16,/,125.5GiB,38.37%,510GB,/,492GB,14.3GB,/,1.07GB,668
2022-09-27 19:58:57,a30f014f232c,hadoop-slave13.1.8vutq2fsdbahvuetvlezy2fme,397.54%,48.16,/,125.5GiB,38.41%,510GB,/,492GB,14.3GB,/,1.07GB,668
2022-09-27 19:58:58,a30f014f232c,hadoop-slave13.1.8vutq2fsdbahvuetvlezy2fme,397.54%,48.16,/,125.5GiB,38.41%,510GB,/,492GB,14.3GB,/,1.07GB,668
2022-9-27 19:58:59,a30f014f232c,hadoop-slave13.1.8vutq2fsdbahvuetvlezy2fme,518.40%,48.27,/,125.5GiB,38.46%,511GB,/,492GB,14.3GB,/,1.07GB,668
2022-09-27 19:59:00,a30f014f232c,hadoop-slave13.1.8vutq2fsdbahvuetvlezy2fme,433.57%,48.27,/,125.5GiB,38.5%,511GB,/,492GB,14.3GB,/,1.07GB,668
2022-9-27 19:59:01,a30f014f232c,hadoop-slave13.1.8vutq2fsdbahvuetvlezy2fme,348.75%,48.36,/,125.5GiB,38.54%,511GB,/,492GB,14.3GB,/,1.07GB,668
2022-09-27 19:59:02,a30f014f232c,hadoop-slave13.1.8vutq2fsdbahvuetvlezy2fme,603.16%,48.36,/,125.5GiB,38.63%,511GB,/,492GB,14.3GB,/,1.07GB,668
2022-9-27 19:59:03,a30f014f232c,hadoop-slave13.1.8vutq2fsdbahvuetvlezy2fme,857.57%,48.6,/,125.5GiB,38.73%,511GB,/,493GB,14.3GB,/,1.07GB,668
2022-09-27 19:59:04,a30f014f232c,hadoop-slave13.1.8vutq2fsdbahvuetvlezy2fme,599.51%,48.6,/,125.5GiB,38.77%,511GB,/,493GB,14.3GB,/,1.07GB,668
2022-9-27 19:59:05,a30f014f232c,hadoop-slave13.1.8vutq2fsdbahvuetvlezy2fme,341.46%,48.72,/,125.5GiB,38.82%,511GB,/,493GB,14.3GB,/,1.07GB,668
2022-09-27 19:59:06,a30f014f232c,hadoop-slave13.1.8vutq2fsdbahvuetvlezy2fme,262.46%,48.72,/,125.5GiB,38.84%,511GB,/,493GB,14.3GB,/,1.07GB,668
2022-9-27 19:59:07,a30f014f232c,hadoop-slave13.1.8vutq2fsdbahvuetvlezy2fme,183.46%,48.76,/,125.5GiB,38.86%,511GB,/,493GB,14.3GB,/,1.07GB,668
2022-09-27 19:59:08,a30f014f232c,hadoop-slave13.1.8vutq2fsdbahvuetvlezy2fme,147.69%,48.76,/,125.5GiB,38.88%,511GB,/,493GB,14.3GB,/,1.07GB,668
2022-9-27 19:59:09,a30f014f232c,hadoop-slave13.1.8vutq2fsdbahvuetvlezy2fme,111.93%,48.8,/,125.5GiB,38.89%,511GB,/,493GB,14.3GB,/,1.07GB,677
2022-09-27 19:59:10,a30f014f232c,hadoop-slave13.1.8vutq2fsdbahvuetvlezy2fme,143.11%,48.8,/,125.5GiB,38.91%,511GB,/,493GB,14.3GB,/,1.07GB,677
2022-9-27 19:59:11,a30f014f232c,hadoop-slave13.1.8vutq2fsdbahvuetvlezy2fme,174.29%,48.85,/,125.5GiB,38.93%,511GB,/,494GB,14.3GB,/,1.07GB,677
2022-09-27 19:59:12,a30f014f232c,hadoop-slave13.1.8vutq2fsdbahvuetvlezy2fme,322.83%,48.85,/,125.5GiB,38.94%,511GB,/,494GB,14.3GB,/,1.07GB,677
2022-9-27 19:59:13,a30f014f232c,hadoop-slave13.1.8vutq2fsdbahvuetvlezy2fme,471.37%,48.88,/,125.5GiB,38.95%,512GB,/,494GB,14.3GB,/,1.07GB,677
2022-09-27 19:59:14,a30f014f232c,hadoop-slave13.1.8vutq2fsdbahvuetvlezy2fme,466.19%,48.88,/,125.5GiB,38.98%,512GB,/,494GB,14.3GB,/,1.07GB,677
2022-9-27 19:59:15,a30f014f232c,hadoop-slave13.1.8vutq2fsdbahvuetvlezy2fme,461.02%,48.97,/,125.5GiB,39.02%,512GB,/,494GB,14.3GB,/,1.07GB,677
2022-09-27 19:59:16,a30f014f232c,hadoop-slave13.1.8vutq2fsdbahvuetvlezy2fme,501.81%,48.97,/,125.5GiB,39.02%,512GB,/,494GB,14.3GB,/,1.07GB,677
2022-9-27 19:59:17,a30f014f232c,hadoop-slave13.1.8vutq2fsdbahvuetvlezy2fme,542.60%,48.95,/,125.5GiB,39.01%,512GB,/,494GB,14.3GB,/,1.07GB,677
2022-09-27 19:59:18,a30f014f232c,hadoop-slave13.1.8vutq2fsdbahvuetvlezy2fme,447.5%,48.95,/,125.5GiB,39.01%,512GB,/,494GB,14.3GB,/,1.07GB,677
2022-9-27 19:59:19,a30f014f232c,hadoop-slave13.1.8vutq2fsdbahvuetvlezy2fme,352.41%,48.95,/,125.5GiB,39.01%,512GB,/,494GB,14.3GB,/,1.07GB,677
2022-09-27 19:59:20,a30f014f232c,hadoop-slave13.1.8vutq2fsdbahvuetvlezy2fme,252.22%,48.95,/,125.5GiB,39.02%,512GB,/,494GB,14.3GB,/,1.07GB,677
2022-9-27 19:59:21,a30f014f232c,hadoop-slave13.1.8vutq2fsdbahvuetvlezy2fme,152.03%,49,/,125.5GiB,39.04%,512GB,/,494GB,14.3GB,/,1.07GB,677
2022-09-27 19:59:22,a30f014f232c,hadoop-slave13.1.8vutq2fsdbahvuetvlezy2fme,156.77%,49,/,125.5GiB,39.06%,512GB,/,494GB,14.3GB,/,1.07GB,677
2022-9-27 19:59:23,a30f014f232c,hadoop-slave13.1.8vutq2fsdbahvuetvlezy2fme,161.51%,49.06,/,125.5GiB,39.09%,512GB,/,494GB,14.3GB,/,1.07GB,677
2022-09-27 19:59:24,a30f014f232c,hadoop-slave13.1.8vutq2fsdbahvuetvlezy2fme,163.91%,49.06,/,125.5GiB,39.15%,512GB,/,494GB,14.3GB,/,1.07GB,677
2022-9-27 19:59:25,a30f014f232c,hadoop-slave13.1.8vutq2fsdbahvuetvlezy2fme,166.31%,49.21,/,125.5GiB,39.21%,512GB,/,494GB,14.3GB,/,1.07GB,677
2022-09-27 19:59:26,a30f014f232c,hadoop-slave13.1.8vutq2fsdbahvuetvlezy2fme,284.13%,49.21,/,125.5GiB,39.28%,512GB,/,494GB,14.3GB,/,1.07GB,677
2022-9-27 19:59:27,a30f014f232c,hadoop-slave13.1.8vutq2fsdbahvuetvlezy2fme,401.96%,49.38,/,125.5GiB,39.35%,513GB,/,495GB,14.3GB,/,1.07GB,677
2022-09-27 19:59:28,a30f014f232c,hadoop-slave13.1.8vutq2fsdbahvuetvlezy2fme,510.9%,49.38,/,125.5GiB,39.38%,513GB,/,495GB,14.3GB,/,1.07GB,677
2022-9-27 19:59:29,a30f014f232c,hadoop-slave13.1.8vutq2fsdbahvuetvlezy2fme,619.85%,49.46,/,125.5GiB,39.41%,513GB,/,495GB,14.3GB,/,1.07GB,677
2022-09-27 19:59:30,a30f014f232c,hadoop-slave13.1.8vutq2fsdbahvuetvlezy2fme,441.31%,49.46,/,125.5GiB,39.44%,513GB,/,495GB,14.3GB,/,1.07GB,677
2022-9-27 19:59:31,a30f014f232c,hadoop-slave13.1.8vutq2fsdbahvuetvlezy2fme,262.77%,49.53,/,125.5GiB,39.46%,513GB,/,495GB,14.3GB,/,1.07GB,677
2022-09-27 19:59:32,a30f014f232c,hadoop-slave13.1.8vutq2fsdbahvuetvlezy2fme,250.17%,49.53,/,125.5GiB,39.48%,513GB,/,495GB,14.3GB,/,1.07GB,677
2022-09-27 19:59:33,a30f014f232c,hadoop-slave13.1.8vutq2fsdbahvuetvlezy2fme,250.17%,49.53,/,125.5GiB,39.48%,513GB,/,495GB,14.3GB,/,1.07GB,677
2022-9-27 19:59:34,a30f014f232c,hadoop-slave13.1.8vutq2fsdbahvuetvlezy2fme,237.57%,49.58,/,125.5GiB,39.51%,513GB,/,495GB,14.3GB,/,1.07GB,677
2022-09-27 19:59:35,a30f014f232c,hadoop-slave13.1.8vutq2fsdbahvuetvlezy2fme,249.74%,49.58,/,125.5GiB,39.53%,513GB,/,495GB,14.3GB,/,1.07GB,677
2022-9-27 19:59:36,a30f014f232c,hadoop-slave13.1.8vutq2fsdbahvuetvlezy2fme,261.91%,49.63,/,125.5GiB,39.55%,514GB,/,495GB,14.3GB,/,1.07GB,677
2022-09-27 19:59:37,a30f014f232c,hadoop-slave13.1.8vutq2fsdbahvuetvlezy2fme,378.22%,49.63,/,125.5GiB,39.73%,514GB,/,495GB,14.3GB,/,1.07GB,677
2022-9-27 19:59:38,a30f014f232c,hadoop-slave13.1.8vutq2fsdbahvuetvlezy2fme,494.53%,50.1,/,125.5GiB,39.92%,514GB,/,496GB,14.3GB,/,1.07GB,677
2022-09-27 19:59:39,a30f014f232c,hadoop-slave13.1.8vutq2fsdbahvuetvlezy2fme,377.19%,50.1,/,125.5GiB,39.94%,514GB,/,496GB,14.3GB,/,1.07GB,677
2022-9-27 19:59:40,a30f014f232c,hadoop-slave13.1.8vutq2fsdbahvuetvlezy2fme,259.85%,50.15,/,125.5GiB,39.96%,514GB,/,496GB,14.3GB,/,1.07GB,677
2022-09-27 19:59:41,a30f014f232c,hadoop-slave13.1.8vutq2fsdbahvuetvlezy2fme,256.58%,50.15,/,125.5GiB,40.1%,514GB,/,496GB,14.3GB,/,1.07GB,677
2022-9-27 19:59:42,a30f014f232c,hadoop-slave13.1.8vutq2fsdbahvuetvlezy2fme,253.30%,50.49,/,125.5GiB,40.24%,514GB,/,496GB,14.3GB,/,1.07GB,677
2022-09-27 19:59:43,a30f014f232c,hadoop-slave13.1.8vutq2fsdbahvuetvlezy2fme,847.73%,50.49,/,125.5GiB,40.36%,514GB,/,496GB,14.3GB,/,1.07GB,677
2022-9-27 19:59:44,a30f014f232c,hadoop-slave13.1.8vutq2fsdbahvuetvlezy2fme,1442.15%,50.8,/,125.5GiB,40.48%,514GB,/,496GB,14.3GB,/,1.07GB,677
2022-09-27 19:59:45,a30f014f232c,hadoop-slave13.1.8vutq2fsdbahvuetvlezy2fme,1243.87%,50.8,/,125.5GiB,40.49%,514GB,/,496GB,14.3GB,/,1.07GB,677
2022-9-27 19:59:46,a30f014f232c,hadoop-slave13.1.8vutq2fsdbahvuetvlezy2fme,1045.58%,50.84,/,125.5GiB,40.51%,515GB,/,497GB,14.3GB,/,1.07GB,677
2022-09-27 19:59:47,a30f014f232c,hadoop-slave13.1.8vutq2fsdbahvuetvlezy2fme,701.16%,50.84,/,125.5GiB,40.53%,515GB,/,497GB,14.3GB,/,1.07GB,677
2022-9-27 19:59:48,a30f014f232c,hadoop-slave13.1.8vutq2fsdbahvuetvlezy2fme,356.75%,50.88,/,125.5GiB,40.55%,515GB,/,497GB,14.3GB,/,1.07GB,677
2022-09-27 19:59:49,a30f014f232c,hadoop-slave13.1.8vutq2fsdbahvuetvlezy2fme,236.93%,50.88,/,125.5GiB,40.54%,515GB,/,497GB,14.3GB,/,1.07GB,677
2022-9-27 19:59:50,a30f014f232c,hadoop-slave13.1.8vutq2fsdbahvuetvlezy2fme,117.10%,50.87,/,125.5GiB,40.53%,515GB,/,497GB,14.3GB,/,1.07GB,677
2022-09-27 19:59:51,a30f014f232c,hadoop-slave13.1.8vutq2fsdbahvuetvlezy2fme,101.0%,50.87,/,125.5GiB,40.54%,515GB,/,497GB,14.3GB,/,1.07GB,677
2022-9-27 19:59:52,a30f014f232c,hadoop-slave13.1.8vutq2fsdbahvuetvlezy2fme,84.90%,50.88,/,125.5GiB,40.55%,515GB,/,497GB,14.3GB,/,1.07GB,677
2022-09-27 19:59:53,a30f014f232c,hadoop-slave13.1.8vutq2fsdbahvuetvlezy2fme,94.5%,50.88,/,125.5GiB,40.54%,515GB,/,497GB,14.3GB,/,1.07GB,677
2022-9-27 19:59:54,a30f014f232c,hadoop-slave13.1.8vutq2fsdbahvuetvlezy2fme,104.10%,50.86,/,125.5GiB,40.53%,515GB,/,497GB,14.3GB,/,1.07GB,677
2022-09-27 19:59:55,a30f014f232c,hadoop-slave13.1.8vutq2fsdbahvuetvlezy2fme,318.22%,50.86,/,125.5GiB,40.55%,515GB,/,497GB,14.3GB,/,1.07GB,677
2022-9-27 19:59:56,a30f014f232c,hadoop-slave13.1.8vutq2fsdbahvuetvlezy2fme,532.33%,50.92,/,125.5GiB,40.58%,515GB,/,497GB,14.3GB,/,1.07GB,677
2022-09-27 19:59:57,a30f014f232c,hadoop-slave13.1.8vutq2fsdbahvuetvlezy2fme,443.31%,50.92,/,125.5GiB,40.62%,515GB,/,497GB,14.3GB,/,1.07GB,677
2022-9-27 19:59:58,a30f014f232c,hadoop-slave13.1.8vutq2fsdbahvuetvlezy2fme,354.29%,51.03,/,125.5GiB,40.66%,515GB,/,497GB,14.3GB,/,1.07GB,677
2022-09-27 19:59:59,a30f014f232c,hadoop-slave13.1.8vutq2fsdbahvuetvlezy2fme,448.99%,51.03,/,125.5GiB,40.68%,515GB,/,497GB,14.3GB,/,1.07GB,677
